t_s,cmd_angular_z,cmd_linear_x,fault_active,global_costmap_lethal_ratio,global_costmap_occupied_ratio,global_costmap_unknown_ratio,global_plan_update_count,local_costmap_lethal_ratio,local_costmap_occupied_ratio,local_costmap_unknown_ratio,odom_speed,odom_x,odom_y,scan_range_max_ratio,scan_span_ratio
0.0,nan,nan,nan,nan,nan,nan,nan,nan,nan,nan,nan,nan,nan,1.0,1.0
0.25,nan,nan,0.0,nan,nan,nan,nan,nan,nan,nan,nan,nan,nan,1.0,1.0
0.5,nan,nan,0.0,nan,nan,nan,nan,nan,nan,nan,nan,nan,nan,1.0,1.0
0.75,nan,nan,0.0,nan,nan,nan,nan,nan,nan,nan,nan,nan,nan,1.0,1.0
1.0,nan,nan,0.0,nan,nan,nan,nan,nan,nan,nan,nan,nan,nan,1.0,1.0
1.25,nan,nan,0.0,nan,nan,nan,nan,nan,nan,nan,nan,nan,nan,1.0,1.0
1.5,nan,nan,0.0,nan,nan,nan,nan,nan,nan,nan,nan,nan,nan,1.0,1.0
1.75,nan,nan,0.0,nan,nan,nan,nan,nan,nan,nan,1.9647691554424867e-09,1.9647691554424865e-11,0.0,1.0,1.0
2.0,nan,nan,0.0,nan,nan,nan,nan,nan,nan,nan,0.0007865722385295832,2.3582371655144755e-05,-2.9798509802046937e-36,1.0,1.0
2.25,nan,nan,0.0,nan,nan,nan,nan,nan,nan,nan,4.0469318356283076e-06,3.1544669474042644e-05,-7.623350129550476e-36,1.0,1.0
2.5,nan,nan,0.0,nan,nan,nan,nan,nan,nan,nan,0.0007792953514003382,2.379218527878804e-05,-1.3909459850691902e-35,1.0,1.0
2.75,nan,nan,0.0,nan,nan,nan,nan,nan,nan,nan,0.0015617733167741757,-1.5171380880984686e-05,-2.078839579202176e-35,1.0,1.0
3.0,nan,nan,0.0,nan,nan,nan,nan,nan,nan,nan,0.0023449586882017463,-8.54563301855975e-05,1.1192616019656175e-36,1.0,1.0
3.25,nan,nan,0.0,nan,nan,nan,nan,nan,nan,nan,0.0023440165258501633,-0.00013234608232650887,-2.6169267274369778e-36,1.0,1.0
3.5,nan,nan,0.0,nan,nan,nan,nan,nan,nan,nan,0.003171421244392847,-0.0002500533342964952,2.2394206848120473e-36,0.08888888888888889,0.03333333333333333
3.75,nan,nan,0.0,nan,nan,nan,nan,nan,nan,nan,0.0018579993316071943,-1.5745801185024586e-05,1.8061822770182307e-37,0.08888888888888889,0.03333333333333333
4.0,nan,nan,0.0,nan,nan,nan,nan,nan,nan,nan,0.0005660949121030111,-5.374216678311545e-06,-3.745151423769631e-21,0.08888888888888889,0.03333333333333333
4.25,nan,nan,0.0,nan,nan,nan,nan,nan,nan,nan,9.208989525720206e-05,-1.4035417556665687e-06,-6.709458706724473e-23,0.08888888888888889,0.03333333333333333
4.5,nan,nan,0.0,nan,nan,nan,nan,nan,nan,nan,0.000139310570803386,-8.88658700426561e-08,-2.933092497043973e-23,0.08888888888888889,0.03333333333333333
4.75,nan,nan,0.0,nan,nan,nan,nan,nan,nan,nan,0.00015101518875857274,3.2200393992786715e-07,-5.624908753672969e-23,0.08888888888888889,0.03333333333333333
5.0,nan,nan,0.0,nan,nan,nan,nan,nan,nan,nan,5.546560692248641e-05,5.92222557393801e-07,-1.737415849948294e-22,0.08888888888888889,0.03333333333333333
5.25,nan,nan,0.0,nan,nan,nan,nan,nan,nan,nan,5.521681603022619e-05,6.064741446580328e-07,-1.7562647748452925e-22,0.08888888888888889,0.03333333333333333
5.5,nan,nan,0.0,nan,nan,nan,nan,nan,nan,nan,5.524264677681372e-05,6.091696585694154e-07,-1.7592937890428004e-22,0.08888888888888889,0.03333333333333333
5.75,nan,nan,0.0,nan,nan,nan,nan,nan,nan,nan,0.00015436278053170173,4.7164098573155565e-07,-7.30677988153379e-23,0.08888888888888889,0.03333333333333333
6.0,nan,nan,0.0,nan,nan,nan,nan,nan,nan,nan,0.00015425470290527046,4.7053687529288877e-07,-7.280485185595343e-23,0.08888888888888889,0.03333333333333333
6.25,nan,nan,0.0,nan,nan,nan,nan,nan,nan,nan,0.0001541467486507684,4.693619597470825e-07,-7.253223187911017e-23,0.08888888888888889,0.03333333333333333
6.5,nan,nan,0.0,nan,nan,nan,nan,nan,nan,nan,0.00015404041580723886,4.6818758002458187e-07,-7.226135961633727e-23,0.08888888888888889,0.03333333333333333
6.75,nan,nan,0.0,nan,nan,nan,nan,nan,nan,nan,5.587216804178638e-05,6.032812769351441e-07,-1.74478023324324e-22,0.08888888888888889,0.03333333333333333
7.0,nan,nan,0.0,nan,nan,nan,nan,nan,nan,nan,5.597440251890661e-05,6.021599550978768e-07,-1.7422028950706213e-22,0.08888888888888889,0.03333333333333333
7.25,nan,nan,0.0,nan,nan,nan,nan,nan,nan,nan,0.00015363613085377418,4.6369851858626483e-07,-7.122773498159749e-23,0.08888888888888889,0.03333333333333333
7.5,nan,nan,0.0,nan,nan,nan,nan,nan,nan,nan,5.617261274676137e-05,5.999860832655052e-07,-1.7372062547829642e-22,0.08888888888888889,0.03333333333333333
7.75,nan,nan,0.0,nan,nan,nan,nan,nan,nan,nan,0.00015354032202859053,4.6263367122445556e-07,-7.098257930761242e-23,0.08888888888888889,0.03333333333333333
8.0,nan,nan,0.0,nan,nan,nan,nan,nan,nan,nan,0.00015354032202859053,4.6263367122445556e-07,-7.098257930761242e-23,0.08888888888888889,0.03333333333333333
8.25,nan,nan,0.0,nan,nan,nan,nan,nan,nan,nan,0.00015354032202859053,4.6263367122445556e-07,-7.098257930761242e-23,0.08888888888888889,0.03333333333333333
8.5,nan,nan,0.0,nan,nan,nan,nan,nan,nan,nan,5.626853288455031e-05,5.989335631948113e-07,-1.7347871132597384e-22,0.08888888888888889,0.03333333333333333
8.75,nan,nan,0.0,nan,nan,nan,nan,nan,nan,nan,5.6362568539567015e-05,5.979026145011773e-07,-1.7324174021435902e-22,0.08888888888888889,0.03333333333333333
9.0,nan,nan,0.0,nan,nan,nan,nan,nan,nan,nan,5.6362568539567015e-05,5.979026145011773e-07,-1.7324174021435902e-22,0.08888888888888889,0.03333333333333333
9.25,nan,nan,0.0,nan,nan,nan,nan,nan,nan,nan,0.00015335459173502366,4.6057046218834183e-07,-7.050757812091076e-23,0.08888888888888889,0.03333333333333333
9.5,nan,nan,0.0,nan,nan,nan,nan,nan,nan,nan,0.00015335459173502366,4.6057046218834183e-07,-7.050757812091076e-23,0.08888888888888889,0.03333333333333333
9.75,nan,nan,0.0,nan,nan,nan,nan,nan,nan,nan,5.64546143216208e-05,5.968932061455373e-07,-1.7300972921619845e-22,0.08888888888888889,0.03333333333333333
10.0,nan,nan,0.0,nan,nan,nan,nan,0.0,0.0,0.0,0.00015326457415638345,4.5957071194441565e-07,-7.027740567542376e-23,0.08888888888888889,0.03333333333333333
10.25,nan,nan,0.0,nan,nan,nan,nan,0.0,0.0,0.0,5.654477302186448e-05,5.959044793271815e-07,-1.727824552883685e-22,0.08888888888888889,0.03333333333333333
10.5,nan,nan,0.0,nan,nan,nan,nan,0.0,0.0,0.0,5.6632907616626206e-05,5.949368788703894e-07,-1.7256003809430527e-22,0.08888888888888889,0.03333333333333333
10.75,nan,nan,0.0,nan,nan,nan,nan,0.0,0.0,0.0,5.671924470820211e-05,5.93990077099811e-07,-1.7234241745908422e-22,0.08888888888888889,0.03333333333333333
11.0,nan,nan,0.0,nan,nan,nan,nan,0.0,0.0,0.0,5.680373897882853e-05,5.930630490843452e-07,-1.7212932123224562e-22,0.08888888888888889,0.03333333333333333
11.25,nan,nan,0.0,nan,nan,nan,nan,0.0,0.0,0.0,5.688633995351012e-05,5.921559342965131e-07,-1.719207949182199e-22,0.08888888888888889,0.03333333333333333
11.5,nan,nan,0.0,nan,nan,nan,nan,0.0,0.0,0.0,0.00015276361509227498,4.540032280548465e-07,-6.899559592085316e-23,0.08888888888888889,0.03333333333333333
11.75,nan,nan,0.0,nan,nan,nan,nan,0.0,0.0,0.0,0.0001526863151960122,4.531440131698444e-07,-6.879776061021227e-23,0.08888888888888889,0.03333333333333333
12.0,nan,nan,0.0,nan,nan,nan,nan,0.0,0.0,0.0,0.00015261073078806322,4.523036828498447e-07,-6.860428546094713e-23,0.08888888888888889,0.03333333333333333
12.25,nan,nan,0.0,0.19590590770335786,0.2675525228945951,0.9874446518590663,nan,0.0,0.0,0.0,0.0001525367013300204,4.5148131243959354e-07,-6.84149411188192e-23,0.08888888888888889,0.03333333333333333
12.5,nan,nan,0.0,0.19590590770335786,0.2675525228945951,0.9874446518590663,nan,0.0,0.0,0.0,5.727350679987408e-05,5.879084447890226e-07,-1.709444625666512e-22,0.08888888888888889,0.03333333333333333
12.75,nan,nan,0.0,0.19590590770335786,0.2675525228945951,0.9874446518590663,nan,0.0,0.0,0.0,0.00015246429541382003,4.5067630665140476e-07,-6.822957721033819e-23,0.08888888888888889,0.03333333333333333
13.0,nan,nan,0.0,0.19590590770335786,0.2675525228945951,0.9874446518590663,nan,0.0,0.0,0.0,0.00016216465768555314,5.04708427271688e-07,-7.666189266978442e-23,0.08888888888888889,0.03333333333333333
13.25,nan,nan,0.0,0.19590590770335786,0.2675525228945951,0.9874446518590663,nan,0.0,0.0,0.0,0.0001547378411413593,5.012801593431218e-07,-7.824555402673817e-23,0.08888888888888889,0.03333333333333333
13.5,nan,nan,0.0,0.19590590770335786,0.2675525228945951,0.9874446518590663,nan,0.13093337204238642,0.20510959500653214,0.0,0.000152858204780494,4.671528255212653e-07,-7.102769251305258e-23,0.08888888888888889,0.03333333333333333
13.75,nan,nan,0.0,0.19590590770335786,0.2675525228945951,0.9874446518590663,nan,0.13093337204238642,0.20510959500653214,0.0,5.725270934107377e-05,5.951979601290755e-07,-1.7200940444033197e-22,0.08888888888888889,0.03333333333333333
14.0,nan,nan,0.0,0.19590590770335786,0.2675525228945951,0.9874446518590663,nan,0.13093337204238642,0.20510959500653214,0.0,5.754520107671938e-05,5.870115277785383e-07,-1.7053663416905098e-22,0.08888888888888889,0.03333333333333333
14.25,nan,nan,0.0,0.19590590770335786,0.2675525228945951,0.9874446518590663,nan,0.13093337204238642,0.20510959500653214,0.0,5.7666555843138105e-05,5.84163032621042e-07,-1.700255783964897e-22,0.08888888888888889,0.03333333333333333
14.5,nan,nan,0.0,0.19590590770335786,0.2675525228945951,0.9874446518590663,nan,0.13093337204238642,0.20510959500653214,0.0,5.774411305854087e-05,5.828924420738932e-07,-1.6977588254059231e-22,0.08888888888888889,0.03333333333333333
14.75,nan,nan,0.0,0.19590590770335786,0.2675525228945951,0.9874446518590663,nan,0.13093337204238642,0.20510959500653214,0.0,5.7809687153331755e-05,5.820619578543746e-07,-1.6959652163632075e-22,0.08888888888888889,0.03333333333333333
15.0,nan,nan,0.0,0.19590590770335786,0.2675525228945951,0.9874446518590663,nan,0.13093337204238642,0.20510959500653214,0.0,5.7871336551822085e-05,5.813570270557442e-07,-1.6943747897486352e-22,0.08888888888888889,0.03333333333333333
15.25,nan,nan,0.0,0.19590590770335786,0.2675525228945951,0.9874446518590663,nan,0.13093337204238642,0.20510959500653214,0.0,5.793095522935304e-05,5.806948785552337e-07,-1.6928601021128718e-22,0.08888888888888889,0.03333333333333333
15.5,nan,nan,0.0,0.19590590770335786,0.2675525228945951,0.9874446518590663,nan,0.13093337204238642,0.20510959500653214,0.0,0.00015176498122751174,4.429032297814491e-07,-6.643986407690267e-23,0.08888888888888889,0.03333333333333333
15.75,nan,nan,0.0,0.19590590770335786,0.2675525228945951,0.9874446518590663,nan,0.13093337204238642,0.20510959500653214,0.0,0.00015170950273563254,4.422861335861311e-07,-6.629779490150662e-23,0.08888888888888889,0.03333333333333333
16.0,nan,nan,0.0,0.19590590770335786,0.2675525228945951,0.9874446518590663,nan,0.13093337204238642,0.20510959500653214,0.0,0.00015165525435290695,4.416828467678414e-07,-6.615887811288504e-23,0.08888888888888889,0.03333333333333333
16.25,nan,nan,0.0,0.19590590770335786,0.2675525228945951,0.9874446518590663,nan,0.13093337204238642,0.20510959500653214,0.0,0.00015160219046303258,4.4109279583247157e-07,-6.602300007363501e-23,0.08888888888888889,0.03333333333333333
16.5,nan,nan,0.0,0.19590590770335786,0.2675525228945951,0.9874446518590663,nan,0.13093337204238642,0.20510959500653214,0.0,0.0001515502946770806,4.4051590169168677e-07,-6.589016018971866e-23,0.08888888888888889,0.03333333333333333
16.75,nan,nan,0.0,0.19590590770335786,0.2675525228945951,0.9874446518590663,nan,0.13093337204238642,0.20510959500653214,0.0,0.0001514995461858773,4.3995189711839786e-07,-6.576029269768324e-23,0.08888888888888889,0.03333333333333333
17.0,nan,nan,0.0,0.19590590770335786,0.2675525228945951,0.9874446518590663,nan,0.13093337204238642,0.20510959500653214,0.0,0.000151449899522149,4.394001160964663e-07,-6.563322830274846e-23,0.08888888888888889,0.03333333333333333
17.25,nan,nan,0.0,0.19590590770335786,0.2675525228945951,0.9874446518590663,nan,0.13093337204238642,0.20510959500653214,0.0,5.8409787927512626e-05,5.754362269379797e-07,-1.6807731000854744e-22,0.08888888888888889,0.03333333333333333
17.5,nan,nan,0.0,0.19590590770335786,0.2675525228945951,0.9874446518590663,nan,0.13093337204238642,0.20510959500653214,0.0,5.8457313914281335e-05,5.749147305566413e-07,-1.679574152251989e-22,0.08888888888888889,0.03333333333333333
17.75,nan,nan,0.0,0.19590590770335786,0.2675525228945951,0.9874446518590663,nan,0.13093337204238642,0.20510959500653214,0.0,0.00015130753089224569,4.3781679748833065e-07,-6.526861190012263e-23,0.08888888888888889,0.03333333333333333
18.0,nan,nan,0.0,0.19590590770335786,0.2675525228945951,0.9874446518590663,nan,0.13093337204238642,0.20510959500653214,0.0,0.00016102361466056804,4.92125782651777e-07,-7.377777028388792e-23,0.08888888888888889,0.03333333333333333
18.25,nan,nan,0.0,0.19590590770335786,0.2675525228945951,0.9874446518590663,nan,0.13093337204238642,0.20510959500653214,0.0,0.00015363096680070262,4.890073531235039e-07,-7.544113507804689e-23,0.08888888888888889,0.03333333333333333
18.5,nan,nan,0.0,0.19590590770335786,0.2675525228945951,0.9874446518590663,nan,0.13093337204238642,0.20510959500653214,0.0,5.73789810228539e-05,6.063002860162858e-07,-1.738855637063362e-22,0.08888888888888889,0.03333333333333333
18.75,nan,nan,0.0,0.19590590770335786,0.2675525228945951,0.9874446518590663,nan,0.13093337204238642,0.20510959500653214,0.0,0.0001517761051790904,4.5512945827340224e-07,-6.826558378411882e-23,0.08888888888888889,0.03333333333333333
19.0,nan,nan,0.0,0.19590590770335786,0.2675525228945951,0.9874446518590663,nan,0.13093337204238642,0.20510959500653214,0.0,0.00015128224330448225,4.414035904427226e-07,-6.572899964986685e-23,0.08888888888888889,0.03333333333333333
19.25,nan,nan,0.0,0.19590590770335786,0.2675525228945951,0.9874446518590663,nan,0.13093337204238642,0.20510959500653214,0.0,5.860433432692677e-05,5.75386049486798e-07,-1.6786478252251704e-22,0.08888888888888889,0.03333333333333333
19.5,nan,nan,0.0,0.19590590770335786,0.2675525228945951,0.9874446518590663,nan,0.13093337204238642,0.20510959500653214,0.0,5.87022198046796e-05,5.727945460351599e-07,-1.6741224958105534e-22,0.08888888888888889,0.03333333333333333
19.75,nan,nan,0.0,0.19590590770335786,0.2675525228945951,0.9874446518590663,nan,0.13093337204238642,0.20510959500653214,0.0,5.875686507979276e-05,5.71775596848894e-07,-1.672202580248666e-22,0.08888888888888889,0.03333333333333333
20.0,nan,nan,0.0,0.19590590770335786,0.2675525228945951,0.9874446518590663,nan,0.13093337204238642,0.20510959500653214,0.0,5.8800072565256985e-05,5.711906629546993e-07,-1.6709728300171966e-22,0.08888888888888889,0.03333333333333333
20.25,nan,nan,0.0,0.19590590770335786,0.2675525228945951,0.9874446518590663,nan,0.13093337204238642,0.20510959500653214,0.0,5.883984256307054e-05,5.707259779692721e-07,-1.6699345077267085e-22,0.08888888888888889,0.03333333333333333
20.5,nan,nan,0.0,0.19590590770335786,0.2675525228945951,0.9874446518590663,nan,0.13093337204238642,0.20510959500653214,0.0,0.00015093364438950713,4.3366497329009875e-07,-6.43120764347165e-23,0.08888888888888889,0.03333333333333333
20.75,nan,nan,0.0,0.19590590770335786,0.2675525228945951,0.9874446518590663,nan,0.13093337204238642,0.20510959500653214,0.0,0.0001508965013853923,4.3324762497437175e-07,-6.421635135266115e-23,0.08888888888888889,0.03333333333333333
21.0,nan,nan,0.0,0.19590590770335786,0.2675525228945951,0.9874446518590663,nan,0.13093337204238642,0.20510959500653214,0.0,0.00015086023722514158,4.328437179573431e-07,-6.412344900752663e-23,0.08888888888888889,0.03333333333333333
21.25,nan,nan,0.0,0.19590590770335786,0.2675525228945951,0.9874446518590663,nan,0.13093337204238642,0.20510959500653214,0.0,0.00015082474673873961,4.324490130735323e-07,-6.403255781224802e-23,0.08888888888888889,0.03333333333333333
21.5,nan,nan,0.0,0.19590590770335786,0.2675525228945951,0.9874446518590663,nan,0.13093337204238642,0.20510959500653214,0.0,5.898703425856846e-05,5.691008024655384e-07,-1.6662081771826655e-22,0.08888888888888889,0.03333333333333333
21.75,0.07368152588605881,0.16386184096336365,0.0,0.19590590770335786,0.2675525228945951,0.9874446518590663,1.0,0.13093337204238642,0.20510959500653214,0.0,5.902174587886388e-05,5.687198619990059e-07,-1.665332427503355e-22,0.08888888888888889,0.03333333333333333
22.0,0.26838117837905884,0.30521661043167114,0.0,0.19590590770335786,0.2675525228945951,0.9874446518590663,1.0,0.13093337204238642,0.20510959500653214,0.0,0.009398425069054047,0.0017224353487769084,2.73556575364315e-06,0.08888888888888889,0.03333333333333333
22.25,0.36863064765930176,0.38591042160987854,0.0,0.19590590770335786,0.2675525228945951,0.9874446518590663,1.0,0.13093337204238642,0.20510959500653214,0.0,0.021653145762089897,0.0037452510244171022,1.2613036299214029e-05,0.08888888888888889,0.03333333333333333
22.5,0.4249021112918854,0.47212329506874084,0.0,0.19590590770335786,0.2675525228945951,0.9874446518590663,1.0,0.13093337204238642,0.20510959500653214,0.0,0.05559989745238331,0.010295801277049077,9.497016899868139e-05,0.1,0.03333333333333333
22.75,0.530979573726654,0.5509386658668518,0.0,0.19590590770335786,0.2675525228945951,0.9874446518590663,2.0,0.13093337204238642,0.20510959500653214,0.0,0.10329041307488243,0.020202116271036016,0.00035998292348673924,0.09444444444444444,0.03333333333333333
23.0,0.5429263710975647,0.5880141258239746,0.0,0.19590590770335786,0.2675525228945951,0.9874446518590663,2.0,0.13093337204238642,0.20510959500653214,0.0,0.16589639146390125,0.033481751347451856,0.0009477365935615092,0.09444444444444444,0.03333333333333333
23.25,0.5135640501976013,0.6439909338951111,0.0,0.19590590770335786,0.2675525228945951,0.9874446518590663,2.0,0.13093337204238642,0.20510959500653214,0.0,0.2401268403243822,0.05010108548848842,0.002028232670691123,0.09444444444444444,0.03333333333333333
23.5,0.48837119340896606,0.6727068424224854,0.0,0.19590590770335786,0.2675525228945951,0.9874446518590663,2.0,0.13093337204238642,0.20510959500653214,0.0,0.3192355509657615,0.06998377818273509,0.0037495730609241095,0.09444444444444444,0.03888888888888889
23.75,0.47766244411468506,0.689134418964386,0.0,0.19590590770335786,0.2675525228945951,0.9874446518590663,3.0,0.15256205545071855,0.23123820583538976,0.0,0.3984866704838958,0.09303970358829827,0.006219733048629233,0.1,0.03333333333333333
24.0,0.47916513681411743,0.7080742120742798,0.0,0.19590590770335786,0.2675525228945951,0.9874446518590663,3.0,0.15256205545071855,0.23123820583538976,0.0,0.47740345813228435,0.11921887101025486,0.0095413307312483,0.1,0.03333333333333333
24.25,0.4120151102542877,0.7114343643188477,0.0,0.19590590770335786,0.2675525228945951,0.9874446518590663,3.0,0.15256205545071855,0.23123820583538976,0.0,0.5161388499501367,0.13332570500203175,0.011537274927287254,0.08888888888888889,0.03333333333333333
24.5,0.39948683977127075,0.7279543876647949,0.0,0.19590590770335786,0.2675525228945951,0.9874446518590663,3.0,0.15256205545071855,0.23123820583538976,0.0,0.5819893109586465,0.16200386684752494,0.016000974434054575,0.09444444444444444,0.03333333333333333
24.75,0.2307203710079193,0.7540991902351379,0.0,0.19590590770335786,0.2675525228945951,0.9874446518590663,4.0,0.15256205545071855,0.23123820583538976,0.0,0.6333926826121071,0.19099536005641357,0.021020858674585464,0.09444444444444444,0.03888888888888889
25.0,0.1090470552444458,0.7332927584648132,0.0,0.19590590770335786,0.2675525228945951,0.9874446518590663,4.0,0.15256205545071855,0.23123820583538976,0.0,0.6757670191959815,0.220509922098305,0.026612553219738152,0.08888888888888889,0.03333333333333333
25.25,0.07637808471918106,0.7357805967330933,0.0,0.19590590770335786,0.2675525228945951,0.9874446518590663,4.0,0.15256205545071855,0.23123820583538976,0.0,0.7050896213944069,0.24988803213583186,0.03253341179640684,0.09444444444444444,0.03333333333333333
25.5,0.06071551516652107,0.7336746454238892,0.0,0.19590590770335786,0.2675525228945951,0.9874446518590663,4.0,0.15256205545071855,0.23123820583538976,0.0,0.7176097958048886,0.27893846205724243,0.038560281971163776,0.08888888888888889,0.03333333333333333
25.75,0.048346202820539474,0.7110061049461365,0.0,0.19590590770335786,0.2675525228945951,0.9874446518590663,5.0,0.15256205545071855,0.23123820583538976,0.0,0.725678477424709,0.3079333121625758,0.044643641436615485,0.08888888888888889,0.03888888888888889
26.0,0.046192582696676254,0.717734694480896,0.0,0.19590590770335786,0.2675525228945951,0.9874446518590663,5.0,0.15256205545071855,0.23123820583538976,0.0,0.724434228691781,0.33607974479566877,0.05060215185834865,0.08888888888888889,0.03333333333333333
26.25,0.046805448830127716,0.7195646166801453,0.0,0.21016949152542372,0.30121065375302664,0.9860333306279252,5.0,0.15256205545071855,0.23123820583538976,0.0,0.7226873370469773,0.35003848933642867,0.053572018383266855,0.07777777777777778,0.03333333333333333
26.5,0.07312094420194626,0.7255362272262573,0.0,0.21016949152542372,0.30121065375302664,0.9860333306279252,5.0,0.15256205545071855,0.23123820583538976,0.0,0.7199321419361164,0.39225549641119156,0.06263070538941604,0.07222222222222222,0.03333333333333333
26.75,0.0823880285024643,0.7310605645179749,0.0,0.21016949152542372,0.30121065375302664,0.9860333306279252,6.0,0.15256205545071855,0.23123820583538976,0.0,0.7198050247389736,0.4063997534227396,0.06569895000950104,0.08333333333333333,0.03888888888888889
27.0,0.08144456148147583,0.7161598205566406,0.0,0.21016949152542372,0.30121065375302664,0.9860333306279252,6.0,0.15256205545071855,0.23123820583538976,0.0,0.7205998683569187,0.4349484403965882,0.071961794446002,0.07222222222222222,0.03333333333333333
27.25,0.07723303139209747,0.7232269048690796,0.0,0.21016949152542372,0.30121065375302664,0.9860333306279252,6.0,0.19480330962403833,0.28233415590071126,0.0,0.7190622808840696,0.46308057654406476,0.07823363943057075,0.07777777777777778,0.03333333333333333
27.5,0.05984634906053543,0.7317765951156616,0.0,0.21016949152542372,0.30121065375302664,0.9860333306279252,6.0,0.19480330962403833,0.28233415590071126,0.0,0.7217923531977333,0.4912949626756058,0.08462100074201605,0.08333333333333333,0.03888888888888889
27.75,0.07124301046133041,0.7387484908103943,0.0,0.21016949152542372,0.30121065375302664,0.9860333306279252,7.0,0.19480330962403833,0.28233415590071126,0.0,0.7257172373540932,0.5198394933692614,0.09117044213817152,0.07222222222222222,0.03333333333333333
28.0,0.09861932694911957,0.7238108515739441,0.0,0.21016949152542372,0.30121065375302664,0.9860333306279252,7.0,0.19480330962403833,0.28233415590071126,0.0,0.7278178687005937,0.5485472242126028,0.09783629567100273,0.07222222222222222,0.03333333333333333
28.25,0.10508542507886887,0.7145777344703674,0.0,0.21016949152542372,0.30121065375302664,0.9860333306279252,7.0,0.19480330962403833,0.28233415590071126,0.0,0.7264375142071405,0.5768263374539643,0.10450072863649013,0.06666666666666667,0.03888888888888889
28.5,0.0856986865401268,0.7229213118553162,0.0,0.21016949152542372,0.30121065375302664,0.9860333306279252,7.0,0.19480330962403833,0.28233415590071126,0.0,0.7258483727032073,0.5907920018390347,0.10783534538315151,0.07222222222222222,0.03888888888888889
28.75,0.09648260474205017,0.7106072902679443,0.0,0.21016949152542372,0.30121065375302664,0.9860333306279252,8.0,0.19480330962403833,0.28233415590071126,0.0,0.7272499887705595,0.6189474148789336,0.1146533663693502,0.07777777777777778,0.044444444444444446
29.0,0.05085591599345207,0.7161807417869568,0.0,0.21016949152542372,0.30121065375302664,0.9860333306279252,8.0,0.19480330962403833,0.28233415590071126,0.0,0.7256573250704291,0.6467518132510494,0.12149766094714937,0.07222222222222222,0.044444444444444446
29.25,0.04209594801068306,0.7160253524780273,0.0,0.21016949152542372,0.30121065375302664,0.9860333306279252,8.0,0.19480330962403833,0.28233415590071126,0.0,0.7227562985073703,0.6744948345259052,0.12842214525270754,0.07777777777777778,0.03888888888888889
29.5,0.04174952581524849,0.7191073894500732,0.0,0.21016949152542372,0.30121065375302664,0.9860333306279252,8.0,0.19480330962403833,0.28233415590071126,0.0,0.7194838635017596,0.7022364640303526,0.13541148738936756,0.07222222222222222,0.03888888888888889
29.75,0.09191130101680756,0.7100444436073303,0.0,0.21016949152542372,0.30121065375302664,0.9860333306279252,8.0,0.19480330962403833,0.28233415590071126,0.0,0.7188553839504719,0.7300544925594493,0.1424633833649609,0.07222222222222222,0.03888888888888889
30.0,0.10764797776937485,0.7176269292831421,0.0,0.21016949152542372,0.30121065375302664,0.9860333306279252,9.0,0.19480330962403833,0.28233415590071126,0.0,0.715855175902074,0.7575624013899276,0.14951027336935768,0.07777777777777778,0.03888888888888889
30.25,0.056866154074668884,0.7232080101966858,0.0,0.21016949152542372,0.30121065375302664,0.9860333306279252,9.0,0.19480330962403833,0.28233415590071126,0.0,0.7168520544122801,0.7717148601785495,0.15317804011247385,0.07222222222222222,0.03888888888888889
30.5,0.0871104747056961,0.7226654887199402,0.0,0.21016949152542372,0.30121065375302664,0.9860333306279252,9.0,0.19480330962403833,0.28233415590071126,0.0,0.7174879366833905,0.7992127399324029,0.16038387914655647,0.07222222222222222,0.03888888888888889
30.75,0.07190043479204178,0.7040961980819702,0.0,0.21016949152542372,0.30121065375302664,0.9860333306279252,9.0,0.2142546087966323,0.31194658150674986,0.0,0.7172889836177513,0.8269690670731379,0.16774451767008217,0.06666666666666667,0.03888888888888889
31.0,0.03737957403063774,0.6897362470626831,0.0,0.21016949152542372,0.30121065375302664,0.9860333306279252,10.0,0.2142546087966323,0.31194658150674986,0.0,0.7161574130462945,0.8545253252964314,0.17514126581533518,0.06666666666666667,0.03888888888888889
31.25,0.01757677085697651,0.6974348425865173,0.0,0.21016949152542372,0.30121065375302664,0.9860333306279252,10.0,0.2142546087966323,0.31194658150674986,0.0,0.7126076812714872,0.8815102202906453,0.1824571948829318,0.07222222222222222,0.044444444444444446
31.5,0.034925952553749084,0.7026363611221313,0.0,0.21016949152542372,0.30121065375302664,0.9860333306279252,10.0,0.2142546087966323,0.31194658150674986,0.0,0.7096494897308921,0.9085055484336312,0.18982081765773529,0.06666666666666667,0.03888888888888889
31.75,0.03373074531555176,0.7039145827293396,0.0,0.21016949152542372,0.30121065375302664,0.9860333306279252,10.0,0.2142546087966323,0.31194658150674986,0.0,0.7084641586753169,0.9357134372420106,0.19726761737179477,0.06666666666666667,0.03888888888888889
32.0,0.04783030226826668,0.7033198475837708,0.0,0.21016949152542372,0.30121065375302664,0.9860333306279252,11.0,0.2142546087966323,0.31194658150674986,0.0,0.7057896755162604,0.9628713628042962,0.20473209875862,0.06666666666666667,0.03888888888888889
32.25,0.015215769410133362,0.7069113850593567,0.0,0.21016949152542372,0.30121065375302664,0.9860333306279252,11.0,0.2142546087966323,0.31194658150674986,0.0,0.7043268572738778,0.9763813206923816,0.2084598150451895,0.07222222222222222,0.044444444444444446
32.5,0.0314905159175396,0.7032760381698608,0.0,0.21016949152542372,0.30121065375302664,0.9860333306279252,11.0,0.2142546087966323,0.31194658150674986,0.0,0.7027937134021845,1.0034804025249635,0.21596879429649277,0.07222222222222222,0.044444444444444446
32.75,0.028491634875535965,0.6983358860015869,0.0,0.21016949152542372,0.30121065375302664,0.9860333306279252,11.0,0.2142546087966323,0.31194658150674986,0.0,0.7040078350840536,1.0307177909130982,0.2235455064908255,0.07222222222222222,0.044444444444444446
33.0,0.018729714676737785,0.6987338662147522,0.0,0.21016949152542372,0.30121065375302664,0.9860333306279252,12.0,0.2142546087966323,0.31194658150674986,0.0,0.7024049081865484,1.0576035732280622,0.23105766856242693,0.07222222222222222,0.044444444444444446
33.25,0.0003531118854880333,0.6814066767692566,0.0,0.22420193021529325,0.31893095768374163,0.9848158969780592,12.0,0.2142546087966323,0.31194658150674986,0.0,0.7019623119900027,1.0844942552449601,0.23860408973069108,0.06666666666666667,0.03888888888888889
33.5,-0.0353362001478672,0.651997983455658,0.0,0.22420193021529325,0.31893095768374163,0.9848158969780592,12.0,0.2142546087966323,0.31194658150674986,0.0,0.6970184652897724,1.1106187716427651,0.2459424100904326,0.07222222222222222,0.044444444444444446
33.75,-0.0255722813308239,0.6544778347015381,0.0,0.22420193021529325,0.31893095768374163,0.9848158969780592,12.0,0.2142546087966323,0.31194658150674986,0.0,0.6917316197028983,1.1232769349747218,0.24949097270787451,0.07222222222222222,0.044444444444444446
34.0,-0.01896989718079567,0.6604191064834595,0.0,0.22420193021529325,0.31893095768374163,0.9848158969780592,13.0,0.2141094498475831,0.31601103208012776,0.0,0.6823166302320272,1.148410369709803,0.2565044840315657,0.07222222222222222,0.044444444444444446
34.25,-0.038961466401815414,0.6459732055664062,0.0,0.22420193021529325,0.31893095768374163,0.9848158969780592,13.0,0.2141094498475831,0.31601103208012776,0.0,0.674908817678209,1.1736326052436672,0.26351016189286847,0.07777777777777778,0.044444444444444446
34.5,-0.05773509293794632,0.6613174080848694,0.0,0.22420193021529325,0.31893095768374163,0.9848158969780592,13.0,0.2141094498475831,0.31601103208012776,0.0,0.6662428225235443,1.1987213343896688,0.2704484045218136,0.07777777777777778,0.044444444444444446
34.75,-0.06665502488613129,0.635486364364624,0.0,0.22420193021529325,0.31893095768374163,0.9848158969780592,13.0,0.2141094498475831,0.31601103208012776,0.0,0.6573582324203517,1.2237452263120678,0.27732092428088645,0.08333333333333333,0.044444444444444446
35.0,-0.09362445771694183,0.6393406987190247,0.0,0.22420193021529325,0.31893095768374163,0.9848158969780592,14.0,0.2141094498475831,0.31601103208012776,0.0,0.652277047711943,1.2485104326523706,0.28405554335842687,0.08888888888888889,0.044444444444444446
35.25,-0.08626974374055862,0.643802285194397,0.0,0.22420193021529325,0.31893095768374163,0.9848158969780592,14.0,0.2141094498475831,0.31601103208012776,0.0,0.6497300958737453,1.2733070225327594,0.2907120272743483,0.08333333333333333,0.044444444444444446
35.5,-0.0624556727707386,0.6297516226768494,0.0,0.22420193021529325,0.31893095768374163,0.9848158969780592,14.0,0.2141094498475831,0.31601103208012776,0.0,0.648943096655168,1.2857455397217354,0.2940121548302884,0.08333333333333333,0.044444444444444446
35.75,-0.06366828829050064,0.6346802115440369,0.0,0.22420193021529325,0.31893095768374163,0.9848158969780592,14.0,0.2141094498475831,0.31601103208012776,0.0,0.6453871898653116,1.310388057355225,0.30049091592109345,0.08333333333333333,0.044444444444444446
36.0,-0.09317676723003387,0.6568694710731506,0.0,0.22420193021529325,0.31893095768374163,0.9848158969780592,15.0,0.2141094498475831,0.31601103208012776,0.0,0.6416840891727322,1.3347911252123665,0.3068372577053896,0.1,0.05
36.25,-0.09971501678228378,0.6407466530799866,0.0,0.22420193021529325,0.31893095768374163,0.9848158969780592,15.0,0.2141094498475831,0.31601103208012776,0.0,0.64196010007779,1.3597730817143556,0.31326465964338923,0.09444444444444444,0.05
36.5,-0.12233973294496536,0.6325346231460571,0.0,0.22420193021529325,0.31893095768374163,0.9848158969780592,15.0,0.2141094498475831,0.31601103208012776,0.0,0.6414762779127252,1.3846098564272509,0.31956029492111104,0.08888888888888889,0.044444444444444446
36.75,-0.10339535027742386,0.6247358918190002,0.0,0.22420193021529325,0.31893095768374163,0.9848158969780592,15.0,0.2141094498475831,0.31601103208012776,0.0,0.6367655953915725,1.4090799864554595,0.3256333445193046,0.09444444444444444,0.05
37.0,-0.07335539907217026,0.6425389051437378,0.0,0.22420193021529325,0.31893095768374163,0.9848158969780592,16.0,0.2141094498475831,0.31601103208012776,0.0,0.6364586354175475,1.4212919896012681,0.32861425521152116,0.09444444444444444,0.044444444444444446
37.25,-0.0970793142914772,0.6297553181648254,0.0,0.22420193021529325,0.31893095768374163,0.9848158969780592,16.0,0.2141094498475831,0.31601103208012776,0.0,0.6373426997369672,1.4459729241859423,0.3345581600462522,0.1,0.05
37.5,-0.11997061967849731,0.6345117092132568,0.0,0.22420193021529325,0.31893095768374163,0.9848158969780592,16.0,0.2141094498475831,0.31601103208012776,0.0,0.637210213078507,1.4708566472219742,0.3404662137808329,0.10555555555555556,0.05
37.75,-0.08654152601957321,0.6540136337280273,0.0,0.22420193021529325,0.31893095768374163,0.9848158969780592,16.0,0.2074321381913195,0.31122078676150383,0.0,0.6358009139835695,1.495846119179291,0.3462940208786463,0.09444444444444444,0.044444444444444446
38.0,-0.12152099609375,0.6711556315422058,0.0,0.22420193021529325,0.31893095768374163,0.9848158969780592,17.0,0.2074321381913195,0.31122078676150383,0.0,0.6397998886252121,1.5213096666561308,0.352116091007642,0.08888888888888889,0.044444444444444446
38.25,-0.09350762516260147,0.6732109189033508,0.0,0.22420193021529325,0.31893095768374163,0.9848158969780592,17.0,0.2074321381913195,0.31122078676150383,0.0,0.6422898027933645,1.5342294148593212,0.3550293858441795,0.10555555555555556,0.05
38.5,-0.08047126233577728,0.6673071384429932,0.0,0.22420193021529325,0.31893095768374163,0.9848158969780592,17.0,0.2074321381913195,0.31122078676150383,0.0,0.6494969244616461,1.5604277681081147,0.3608432531823701,0.1111111111111111,0.05555555555555555
38.75,-0.09016875177621841,0.6845389604568481,0.0,0.22420193021529325,0.31893095768374163,0.9848158969780592,17.0,0.2074321381913195,0.31122078676150383,0.0,0.6561534285807441,1.586772336923645,0.36658162450499243,0.1111111111111111,0.05
39.0,-0.07145469635725021,0.6950037479400635,0.0,0.22420193021529325,0.31893095768374163,0.9848158969780592,18.0,0.2074321381913195,0.31122078676150383,0.0,0.6631082285030871,1.6133316398353652,0.37227455232697654,0.1111111111111111,0.05555555555555555
39.25,-0.06681709736585617,0.7041187882423401,0.0,0.22420193021529325,0.31893095768374163,0.9848158969780592,18.0,0.2074321381913195,0.31122078676150383,0.0,0.6714088016072961,1.6403295725995564,0.37797113702161034,0.10555555555555556,0.05
39.5,-0.05800130218267441,0.6869796514511108,0.0,0.22420193021529325,0.31893095768374163,0.9848158969780592,18.0,0.2074321381913195,0.31122078676150383,0.0,0.6808706646774491,1.6678665525666232,0.38369809150245265,0.1111111111111111,0.05555555555555555
39.75,-0.06291116774082184,0.6812507510185242,0.0,0.22420193021529325,0.31893095768374163,0.9848158969780592,18.0,0.2074321381913195,0.31122078676150383,0.0,0.6851093694774233,1.6951207783076723,0.3892851574534039,0.1111111111111111,0.05555555555555555
40.0,-0.035759516060352325,0.6900520920753479,0.0,0.22420193021529325,0.31893095768374163,0.9848158969780592,18.0,0.2074321381913195,0.31122078676150383,0.0,0.6863355430669826,1.721876580479588,0.39469596556940845,0.1,0.05
40.25,-0.04395555704832077,0.702557384967804,0.0,0.23584515773522524,0.3333792533406805,0.9836345354363373,19.0,0.2074321381913195,0.31122078676150383,0.0,0.68728756127824,1.735332077994391,0.3973964182165345,0.10555555555555556,0.05555555555555555
40.5,-0.05670005455613136,0.7218024730682373,0.0,0.23584515773522524,0.3333792533406805,0.9836345354363373,19.0,0.2074321381913195,0.31122078676150383,0.0,0.6916347346716198,1.7626484097417,0.40284350022692333,0.10555555555555556,0.05555555555555555
40.75,-0.03376581147313118,0.717889130115509,0.0,0.23584515773522524,0.3333792533406805,0.9836345354363373,19.0,0.2074321381913195,0.31122078676150383,0.0,0.6946553711108238,1.790548693478839,0.40835485210711364,0.1111111111111111,0.05555555555555555
41.0,0.016985736787319183,0.732061505317688,0.0,0.23584515773522524,0.3333792533406805,0.9836345354363373,19.0,0.2074321381913195,0.31122078676150383,0.0,0.6964326394907197,1.804677396223484,0.41112519747698156,0.11666666666666667,0.05555555555555555
41.25,-0.008947345428168774,0.730979859828949,0.0,0.23584515773522524,0.3333792533406805,0.9836345354363373,20.0,0.19378719698069385,0.29757584555087824,0.0,0.7023786793687582,1.8333583735656127,0.4167250223224425,0.11666666666666667,0.05555555555555555
41.5,-0.04321497678756714,0.7245668768882751,0.0,0.23584515773522524,0.3333792533406805,0.9836345354363373,20.0,0.19378719698069385,0.29757584555087824,0.0,0.7119509020509857,1.8622565923564196,0.4223637096872444,0.11666666666666667,0.05555555555555555
41.75,0.01187821477651596,0.7257217168807983,0.0,0.23584515773522524,0.3333792533406805,0.9836345354363373,20.0,0.19378719698069385,0.29757584555087824,0.0,0.716664120888823,1.8766059528972747,0.4251558167197159,0.12222222222222222,0.06111111111111111
42.0,0.015580461360514164,0.7356182932853699,0.0,0.23584515773522524,0.3333792533406805,0.9836345354363373,20.0,0.19378719698069385,0.29757584555087824,0.0,0.7231735089811456,1.9052933893140491,0.43071736711644304,0.12777777777777777,0.06111111111111111
42.25,0.027994360774755478,0.7367361783981323,0.0,0.23584515773522524,0.3333792533406805,0.9836345354363373,21.0,0.19378719698069385,0.29757584555087824,0.0,0.7278130381762843,1.9339749357258846,0.4362866481502719,0.12222222222222222,0.06111111111111111
42.5,0.043410975486040115,0.7609947919845581,0.0,0.23584515773522524,0.3333792533406805,0.9836345354363373,21.0,0.19378719698069385,0.29757584555087824,0.0,0.731778178859677,1.9630864594634236,0.44197002639220084,0.12222222222222222,0.06111111111111111
42.75,0.021102529019117355,0.7456939220428467,0.0,0.23584515773522524,0.3333792533406805,0.9836345354363373,21.0,0.19378719698069385,0.29757584555087824,0.0,0.737803375833802,1.9929070213669684,0.44783577069607916,0.11666666666666667,0.06111111111111111
43.0,-0.020070064812898636,0.7612062692642212,0.0,0.23584515773522524,0.3333792533406805,0.9836345354363373,21.0,0.19378719698069385,0.29757584555087824,0.0,0.7412054940470477,2.022514574674522,0.45369271948815837,0.12777777777777777,0.06111111111111111
43.25,-0.013196672312915325,0.7669541835784912,0.0,0.23584515773522524,0.3333792533406805,0.9836345354363373,22.0,0.19378719698069385,0.29757584555087824,0.0,0.7438466118990257,2.0378087978247867,0.4567211121402372,0.12777777777777777,0.06111111111111111
43.5,-0.01951037161052227,0.7751149535179138,0.0,0.23584515773522524,0.3333792533406805,0.9836345354363373,22.0,0.19378719698069385,0.29757584555087824,0.0,0.7506715194500748,2.0674551651932984,0.4625815324016784,0.12777777777777777,0.06111111111111111
43.75,-0.011850230395793915,0.7760294079780579,0.0,0.23584515773522524,0.3333792533406805,0.9836345354363373,22.0,0.19378719698069385,0.29757584555087824,0.0,0.7585816841618623,2.0978040122134782,0.46855850934810533,0.13333333333333333,0.06666666666666667
44.0,-0.04537738487124443,0.7600930333137512,0.0,0.23584515773522524,0.3333792533406805,0.9836345354363373,22.0,0.19378719698069385,0.29757584555087824,0.0,0.7634954289733622,2.1282218032762796,0.47452688700978385,0.1388888888888889,0.06666666666666667
44.25,-0.015444647520780563,0.7698290348052979,0.0,0.23584515773522524,0.3333792533406805,0.9836345354363373,23.0,0.19378719698069385,0.29757584555087824,0.0,0.7639393193012504,2.1432494765694736,0.477462761806404,0.1388888888888889,0.06666666666666667
44.5,-0.031113535165786743,0.7692224383354187,0.0,0.23584515773522524,0.3333792533406805,0.9836345354363373,23.0,0.19378719698069385,0.29757584555087824,0.0,0.766280509842607,2.173434223588228,0.4833226524108659,0.1388888888888889,0.06666666666666667
44.75,-0.09283044189214706,0.7827020287513733,0.0,0.23584515773522524,0.3333792533406805,0.9836345354363373,23.0,0.1881259979677747,0.29510814341704167,0.0,0.7676256676919535,2.203540807144902,0.4891373456939672,0.14444444444444443,0.06666666666666667
45.0,-0.09048151969909668,0.7741174101829529,0.0,0.23584515773522524,0.3333792533406805,0.9836345354363373,23.0,0.1881259979677747,0.29510814341704167,0.0,0.7706846966081798,2.2340831211502015,0.4949665922364266,0.14444444444444443,0.06666666666666667
45.25,-0.08991497755050659,0.7833871841430664,0.0,0.23584515773522524,0.3333792533406805,0.9836345354363373,24.0,0.1881259979677747,0.29510814341704167,0.0,0.7712304170098626,2.264609245076044,0.5006745316251869,0.15,0.07222222222222222
45.5,-0.12805595993995667,0.7829686403274536,0.0,0.23584515773522524,0.3333792533406805,0.9836345354363373,24.0,0.1881259979677747,0.29510814341704167,0.0,0.7713505739754125,2.2798905535500658,0.5034887349731663,0.14444444444444443,0.06666666666666667
45.75,-0.16898027062416077,0.8000869154930115,0.0,0.23584515773522524,0.3333792533406805,0.9836345354363373,24.0,0.1881259979677747,0.29510814341704167,0.0,0.7744082518602233,2.3106663808800088,0.5090634872962418,0.16111111111111112,0.07222222222222222
46.0,-0.1341681033372879,0.7857784628868103,0.0,0.23584515773522524,0.3333792533406805,0.9836345354363373,24.0,0.1881259979677747,0.29510814341704167,0.0,0.7780723356786179,2.3418083417188194,0.5145295250702613,0.16111111111111112,0.07222222222222222
46.25,-0.1576821506023407,0.8024053573608398,0.0,0.23584515773522524,0.3333792533406805,0.9836345354363373,25.0,0.1881259979677747,0.29510814341704167,0.0,0.7814603334285626,2.3729771544969873,0.5197991057692375,0.17222222222222222,0.07777777777777778
46.5,-0.17296653985977173,0.7751438021659851,0.0,0.23584515773522524,0.3333792533406805,0.9836345354363373,25.0,0.1881259979677747,0.29510814341704167,0.0,0.7853166918177928,2.4044397086845692,0.5249190521015408,0.17222222222222222,0.07777777777777778
46.75,-0.17426490783691406,0.786765456199646,0.0,0.23584515773522524,0.3333792533406805,0.9836345354363373,25.0,0.1881259979677747,0.29510814341704167,0.0,0.7858275745988401,2.4199196410802655,0.527359018663346,0.16666666666666666,0.07777777777777778
47.0,-0.19141103327274323,0.7706583142280579,0.0,0.23584515773522524,0.3333792533406805,0.9836345354363373,25.0,0.1881259979677747,0.29510814341704167,0.0,0.784887371763239,2.4507709034848317,0.5320601043484652,0.17777777777777778,0.08333333333333333
47.25,-0.211043119430542,0.7559134364128113,0.0,0.23584515773522524,0.3333792533406805,0.9836345354363373,26.0,0.1881259979677747,0.29510814341704167,0.0,0.7883719857295296,2.4822522189561975,0.5366279750498522,0.17222222222222222,0.08333333333333333
47.5,-0.22127851843833923,0.7602614760398865,0.0,0.23584515773522524,0.3333792533406805,0.9836345354363373,26.0,0.1881259979677747,0.29510814341704167,0.0,0.7815482286915875,2.51205407311128,0.540709554168748,0.17222222222222222,0.08888888888888889
47.75,-0.24528031051158905,0.7470417022705078,0.0,0.23584515773522524,0.3333792533406805,0.9836345354363373,26.0,0.1881259979677747,0.29510814341704167,0.0,0.7741947696203885,2.541935514560674,0.5445445963821406,0.18333333333333332,0.08888888888888889
48.0,-0.2623654305934906,0.763117253780365,0.0,0.23584515773522524,0.3333792533406805,0.9836345354363373,26.0,0.1881259979677747,0.29510814341704167,0.0,0.7682312348788299,2.571759381430011,0.5481018240133666,0.18333333333333332,0.08888888888888889
48.25,-0.2532656490802765,0.7677874565124512,0.0,0.23628691983122363,0.35768535262206147,0.9812988664340015,27.0,0.1881259979677747,0.29510814341704167,0.0,0.7658805360589834,2.586715238074311,0.5497752869705177,0.18888888888888888,0.09444444444444444
48.5,-0.22381220757961273,0.7427160739898682,0.0,0.23628691983122363,0.35768535262206147,0.9812988664340015,27.0,0.19654521701262884,0.30933372042386414,0.0,0.7621906618234544,2.6169836453324735,0.5529220580060585,0.19444444444444445,0.09444444444444444
48.75,-0.25499609112739563,0.7422152161598206,0.0,0.23628691983122363,0.35768535262206147,0.9812988664340015,27.0,0.19654521701262884,0.30933372042386414,0.0,0.7579251124946413,2.6471603865429802,0.5557529287604993,0.18333333333333332,0.09444444444444444
49.0,-0.2778094708919525,0.7561412453651428,0.0,0.23628691983122363,0.35768535262206147,0.9812988664340015,27.0,0.19654521701262884,0.30933372042386414,0.0,0.7548098015525508,2.676730976538667,0.5582426994275146,0.2,0.1
49.25,-0.2582050561904907,0.7262091040611267,0.0,0.23628691983122363,0.35768535262206147,0.9812988664340015,28.0,0.19654521701262884,0.30933372042386414,0.0,0.7548465517657007,2.706733924953165,0.5604618224648289,0.2,0.1
49.5,-0.2503879964351654,0.7255005836486816,0.0,0.23628691983122363,0.35768535262206147,0.9812988664340015,28.0,0.19654521701262884,0.30933372042386414,0.0,0.753737165013263,2.7214665116317884,0.5614341108955376,0.2,0.1
49.75,-0.22468449175357819,0.7353682518005371,0.0,0.23628691983122363,0.35768535262206147,0.9812988664340015,28.0,0.19654521701262884,0.30933372042386414,0.0,0.745470130074312,2.750434270211358,0.5631202404665371,0.2111111111111111,0.10555555555555556
50.0,-0.23066668212413788,0.7278461456298828,0.0,0.23628691983122363,0.35768535262206147,0.9812988664340015,28.0,0.19654521701262884,0.30933372042386414,0.0,0.7404279607095197,2.7796925944033792,0.5645405680674791,0.20555555555555555,0.10555555555555556
50.25,-0.20843645930290222,0.7332941293716431,0.0,0.23628691983122363,0.35768535262206147,0.9812988664340015,28.0,0.19654521701262884,0.30933372042386414,0.0,0.7374018012245753,2.808810651204367,0.5656939189209479,0.2222222222222222,0.1111111111111111
50.5,-0.21527481079101562,0.7452954649925232,0.0,0.23628691983122363,0.35768535262206147,0.9812988664340015,29.0,0.19654521701262884,0.30933372042386414,0.0,0.7358356428463612,2.823382230131251,0.5661744542722061,0.2222222222222222,0.11666666666666667
50.75,-0.214503213763237,0.719451367855072,0.0,0.23628691983122363,0.35768535262206147,0.9812988664340015,29.0,0.19654521701262884,0.30933372042386414,0.0,0.7334392563565026,2.852880147010214,0.5669611197567503,0.24444444444444444,0.12777777777777777
51.0,-0.2424333691596985,0.7119919657707214,0.0,0.23628691983122363,0.35768535262206147,0.9812988664340015,29.0,0.19654521701262884,0.30933372042386414,0.0,0.7336935209597946,2.882271191177132,0.5675008108461763,0.2388888888888889,0.12777777777777777
51.25,-0.19740773737430573,0.7208462357521057,0.0,0.23628691983122363,0.35768535262206147,0.9812988664340015,29.0,0.19654521701262884,0.30933372042386414,0.0,0.7282563175041777,2.9108449633153772,0.5677730754311898,0.24444444444444444,0.12777777777777777
51.5,-0.2127230018377304,0.7021978497505188,0.0,0.23628691983122363,0.35768535262206147,0.9812988664340015,30.0,0.19654521701262884,0.30933372042386414,0.0,0.7266571101374182,2.939450670055337,0.5677823538261991,0.25555555555555554,0.13333333333333333
51.75,-0.2140030711889267,0.7123658657073975,0.0,0.23628691983122363,0.35768535262206147,0.9812988664340015,30.0,0.22151255624909275,0.3435912323994774,0.0,0.7236288898537183,2.96779793610378,0.5675557071632349,0.26666666666666666,0.14444444444444443
52.0,-0.18729659914970398,0.712345540523529,0.0,0.23628691983122363,0.35768535262206147,0.9812988664340015,30.0,0.22151255624909275,0.3435912323994774,0.0,0.7185101227549786,2.9961159092569023,0.5670944047587192,0.2722222222222222,0.15
52.25,-0.16987945139408112,0.7046670913696289,0.0,0.23628691983122363,0.35768535262206147,0.9812988664340015,30.0,0.22151255624909275,0.3435912323994774,0.0,0.7144235538428279,3.0246029896234,0.5663992258581217,0.2833333333333333,0.15
52.5,-0.17689621448516846,0.7029195427894592,0.0,0.23628691983122363,0.35768535262206147,0.9812988664340015,31.0,0.22151255624909275,0.3435912323994774,0.0,0.7121264906510617,3.0529650027727375,0.5655007058402965,0.2722222222222222,0.15
52.75,-0.16499733924865723,0.700291633605957,0.0,0.23628691983122363,0.35768535262206147,0.9812988664340015,31.0,0.22151255624909275,0.3435912323994774,0.0,0.7083825657194457,3.0809700140110277,0.5644194532522223,0.2833333333333333,0.15
53.0,-0.16983136534690857,0.6994696259498596,0.0,0.23628691983122363,0.35768535262206147,0.9812988664340015,31.0,0.22151255624909275,0.3435912323994774,0.0,0.7076360684784447,3.1090491818173795,0.5631440881621798,0.2777777777777778,0.15
53.25,-0.13578376173973083,0.6942379474639893,0.0,0.23628691983122363,0.35768535262206147,0.9812988664340015,31.0,0.22151255624909275,0.3435912323994774,0.0,0.706626838676125,3.137160409802416,0.5616795869973262,0.2833333333333333,0.15
53.5,-0.12301981449127197,0.6818689107894897,0.0,0.23628691983122363,0.35768535262206147,0.9812988664340015,32.0,0.22151255624909275,0.3435912323994774,0.0,0.7031126409511774,3.1649565208761374,0.5600563577564108,0.2777777777777778,0.14444444444444443
53.75,-0.11252625286579132,0.6769071817398071,0.0,0.23628691983122363,0.35768535262206147,0.9812988664340015,32.0,0.22151255624909275,0.3435912323994774,0.0,0.6978467166405344,3.1921605043720804,0.5583320492345181,0.29444444444444445,0.15555555555555556
54.0,-0.1042085587978363,0.7032777070999146,0.0,0.23628691983122363,0.35768535262206147,0.9812988664340015,32.0,0.22151255624909275,0.3435912323994774,0.0,0.6959565968289669,3.2057174718757766,0.5574263747544052,0.3,0.15555555555555556
54.25,-0.09449625015258789,0.6629048585891724,0.0,0.23628691983122363,0.35768535262206147,0.9812988664340015,32.0,0.22151255624909275,0.3435912323994774,0.0,0.6948548510616004,3.23327242539743,0.5554988138143109,0.3111111111111111,0.15555555555555556
54.5,-0.05710296332836151,0.6573112607002258,0.0,0.23628691983122363,0.35768535262206147,0.9812988664340015,33.0,0.22151255624909275,0.3435912323994774,0.0,0.6907782057594833,3.260434914622804,0.5534919693764642,0.3,0.15
54.75,-0.046935971826314926,0.6400231122970581,0.0,0.23628691983122363,0.35768535262206147,0.9812988664340015,33.0,0.22151255624909275,0.3435912323994774,0.0,0.6805023340769228,3.2866193756030024,0.5514654618327519,0.28888888888888886,0.15
55.0,-0.056693244725465775,0.6444610953330994,0.0,0.23628691983122363,0.35768535262206147,0.9812988664340015,33.0,0.22151255624909275,0.3435912323994774,0.0,0.6725083716351912,3.3122616766207673,0.5494167085016981,0.3111111111111111,0.15
55.25,-0.04173331707715988,0.6382346153259277,0.0,0.2598844957796535,0.38949355841848066,0.9797004211418626,33.0,0.22789955000725795,0.3541878356800697,0.0,0.6652376386865069,3.3376857841426593,0.5473371263327473,0.31666666666666665,0.15
55.5,-0.028989776968955994,0.6413365602493286,0.0,0.2598844957796535,0.38949355841848066,0.9797004211418626,34.0,0.22789955000725795,0.3541878356800697,0.0,0.6551201100163864,3.363057529722761,0.5452074772498263,0.31666666666666665,0.14444444444444443
55.75,0.018839605152606964,0.6214256286621094,0.0,0.2598844957796535,0.38949355841848066,0.9797004211418626,34.0,0.22789955000725795,0.3541878356800697,0.0,0.6507429279886598,3.375775518507256,0.5441257750659313,0.32222222222222224,0.14444444444444443
56.0,0.027375388890504837,0.6352602243423462,0.0,0.2598844957796535,0.38949355841848066,0.9797004211418626,34.0,0.22789955000725795,0.3541878356800697,0.0,0.6430344788791976,3.4008919114115908,0.541979570472545,0.3333333333333333,0.15
56.25,0.02867693081498146,0.6212143898010254,0.0,0.2598844957796535,0.38949355841848066,0.9797004211418626,34.0,0.22789955000725795,0.3541878356800697,0.0,0.6368626495566101,3.4257838349406033,0.5398715593268966,0.3333333333333333,0.15
56.5,0.019477156922221184,0.6060191988945007,0.0,0.2598844957796535,0.38949355841848066,0.9797004211418626,35.0,0.22789955000725795,0.3541878356800697,0.0,0.6338857936618244,3.450602359801698,0.5378022290799589,0.3333333333333333,0.14444444444444443
56.75,0.04799988120794296,0.6224048733711243,0.0,0.2598844957796535,0.38949355841848066,0.9797004211418626,35.0,0.22789955000725795,0.3541878356800697,0.0,0.626129612269935,3.4747564485502993,0.5358132739350369,0.3388888888888889,0.14444444444444443
57.0,0.0569736585021019,0.5981334447860718,0.0,0.2598844957796535,0.38949355841848066,0.9797004211418626,35.0,0.22789955000725795,0.3541878356800697,0.0,0.6226979059681775,3.4991775536734133,0.5338281905370161,0.3388888888888889,0.1388888888888889
57.25,0.06616216897964478,0.5932886004447937,0.0,0.2598844957796535,0.38949355841848066,0.9797004211418626,35.0,0.22789955000725795,0.3541878356800697,0.0,0.6168746970977738,3.523235301127994,0.5319202306082846,0.3611111111111111,0.1388888888888889
57.5,0.08504167199134827,0.6205996870994568,0.0,0.2598844957796535,0.38949355841848066,0.9797004211418626,36.0,0.22789955000725795,0.3541878356800697,0.0,0.6101382630179256,3.546906670753987,0.5301067611374052,0.37222222222222223,0.14444444444444443
57.75,0.13871654868125916,0.6283460855484009,0.0,0.2598844957796535,0.38949355841848066,0.9797004211418626,36.0,0.22789955000725795,0.3541878356800697,0.0,0.609471853207622,3.5590681249797758,0.5292003001702731,0.36666666666666664,0.14444444444444443
58.0,0.139431893825531,0.6547436714172363,0.0,0.2598844957796535,0.38949355841848066,0.9797004211418626,36.0,0.22789955000725795,0.3541878356800697,0.0,0.611952999184232,3.5838046475429697,0.5274272035468404,0.3611111111111111,0.14444444444444443
58.25,0.12955781817436218,0.6651912331581116,0.0,0.2598844957796535,0.38949355841848066,0.9797004211418626,36.0,0.22789955000725795,0.3541878356800697,0.0,0.6185520467037324,3.609527210028535,0.5257181928050698,0.35,0.1388888888888889
58.5,0.14951574802398682,0.6713830828666687,0.0,0.2598844957796535,0.38949355841848066,0.9797004211418626,37.0,0.22789955000725795,0.3541878356800697,0.0,0.6279317377023443,3.6359512400612584,0.5241212557168602,0.35,0.14444444444444443
58.75,0.20614513754844666,0.7004504203796387,0.0,0.2598844957796535,0.38949355841848066,0.9797004211418626,37.0,0.25039918710988535,0.38655828131804326,0.0,0.6405467087859875,3.6628743262034793,0.522654316546094,0.3388888888888889,0.1388888888888889
59.0,0.22299480438232422,0.7092628479003906,0.0,0.2598844957796535,0.38949355841848066,0.9797004211418626,37.0,0.25039918710988535,0.38655828131804326,0.0,0.6560712133543575,3.6906132587607177,0.5213345707684824,0.35555555555555557,0.15
59.25,0.19254370033740997,0.7157247066497803,0.0,0.2598844957796535,0.38949355841848066,0.9797004211418626,37.0,0.25039918710988535,0.38655828131804326,0.0,0.6709661415738403,3.71892624574736,0.5202316894087695,0.35555555555555557,0.15555555555555556
59.5,0.22192533314228058,0.7259383797645569,0.0,0.2598844957796535,0.38949355841848066,0.9797004211418626,38.0,0.25039918710988535,0.38655828131804326,0.0,0.6784623831760599,3.733266834237384,0.5197637871404454,0.35555555555555557,0.15555555555555556
59.75,0.21507824957370758,0.7212395071983337,0.0,0.2598844957796535,0.38949355841848066,0.9797004211418626,38.0,0.25039918710988535,0.38655828131804326,0.0,0.6922336302015851,3.7623650305845984,0.5189908044693133,0.36666666666666664,0.16666666666666666
60.0,0.14415039122104645,0.7330740094184875,0.0,0.2598844957796535,0.38949355841848066,0.9797004211418626,38.0,0.25039918710988535,0.38655828131804326,0.0,0.70398568661408,3.7915780863682165,0.5184595767373635,0.37222222222222223,0.17222222222222222
60.25,0.13141006231307983,0.7374053597450256,0.0,0.2598844957796535,0.38949355841848066,0.9797004211418626,38.0,0.25039918710988535,0.38655828131804326,0.0,0.7153963804688936,3.821030465657611,0.5181435698205684,0.37777777777777777,0.17777777777777778
60.5,0.11247234046459198,0.7576976418495178,0.0,0.2598844957796535,0.38949355841848066,0.9797004211418626,39.0,0.25039918710988535,0.38655828131804326,0.0,0.7247274213855603,3.8508131375287746,0.5179874698469334,0.38333333333333336,0.18333333333333332
60.75,0.07485076785087585,0.7734347581863403,0.0,0.2598844957796535,0.38949355841848066,0.9797004211418626,39.0,0.25039918710988535,0.38655828131804326,0.0,0.7279243423142123,3.8658006713386897,0.5179599149373979,0.38333333333333336,0.18888888888888888
61.0,0.0572475902736187,0.7724335193634033,0.0,0.2598844957796535,0.38949355841848066,0.9797004211418626,39.0,0.25039918710988535,0.38655828131804326,0.0,0.739772043809794,3.8965850644660325,0.5179943109275286,0.3888888888888889,0.19444444444444445
61.25,0.04661596938967705,0.7929664254188538,0.0,0.2598844957796535,0.38949355841848066,0.9797004211418626,39.0,0.25039918710988535,0.38655828131804326,0.0,0.7494310116087706,3.9277883142076244,0.5181181975093251,0.4,0.20555555555555555
61.5,0.03913441672921181,0.7830233573913574,0.0,0.2598844957796535,0.38949355841848066,0.9797004211418626,39.0,0.25039918710988535,0.38655828131804326,0.0,0.7575942777534715,3.959056562450198,0.5183144923606754,0.4111111111111111,0.2111111111111111
61.75,0.022064048796892166,0.7801027297973633,0.0,0.2598844957796535,0.38949355841848066,0.9797004211418626,40.0,0.25039918710988535,0.38655828131804326,0.0,0.7679986454580927,3.990575527210248,0.5185625665932251,0.4166666666666667,0.2222222222222222
62.0,0.006452093832194805,0.7614015340805054,0.0,0.2598844957796535,0.38949355841848066,0.9797004211418626,40.0,0.25039918710988535,0.38655828131804326,0.0,0.7728502286597594,4.021630771405239,0.5188398464886653,0.42777777777777776,0.23333333333333334
62.25,-0.06291186809539795,0.7707992792129517,0.0,0.2876413821728754,0.4296980388087579,0.9782733183634085,40.0,0.28523733488169545,0.4407025693133982,0.0,0.7742365840523109,4.0370521588269845,0.5189837563188118,0.4444444444444444,0.24444444444444444
62.5,-0.0426655113697052,0.764427125453949,0.0,0.2876413821728754,0.4296980388087579,0.9782733183634085,40.0,0.28523733488169545,0.4407025693133982,0.0,0.7745988154761478,4.067863406288717,0.519254476781203,0.45,0.25555555555555554
62.75,-0.0945778414607048,0.7653038501739502,0.0,0.2876413821728754,0.4296980388087579,0.9782733183634085,41.0,0.28523733488169545,0.4407025693133982,0.0,0.7748105212444689,4.098560011757216,0.5194594624998844,0.46111111111111114,0.26666666666666666
63.0,-0.09545711427927017,0.7603238821029663,0.0,0.2876413821728754,0.4296980388087579,0.9782733183634085,41.0,0.28523733488169545,0.4407025693133982,0.0,0.7717664459705934,4.129224069982108,0.5195855399328289,0.4666666666666667,0.2777777777777778
63.25,-0.12035013735294342,0.7386772036552429,0.0,0.2876413821728754,0.4296980388087579,0.9782733183634085,41.0,0.28523733488169545,0.4407025693133982,0.0,0.7686594014121639,4.15972958306766,0.5196018585469361,0.4888888888888889,0.3
63.5,-0.15523411333560944,0.7408754229545593,0.0,0.2876413821728754,0.4296980388087579,0.9782733183634085,41.0,0.28523733488169545,0.4407025693133982,0.0,0.7643792219631601,4.189657188445885,0.5194843435670743,0.49444444444444446,0.3111111111111111
63.75,-0.14031557738780975,0.7536706328392029,0.0,0.2876413821728754,0.4296980388087579,0.9782733183634085,42.0,0.28523733488169545,0.4407025693133982,0.0,0.7569182863805595,4.219056318288851,0.5192073539374622,0.5055555555555555,0.32222222222222224
64.0,-0.15894845128059387,0.7439758777618408,0.0,0.2876413821728754,0.4296980388087579,0.9782733183634085,42.0,0.28523733488169545,0.4407025693133982,0.0,0.755346605693751,4.248978071759842,0.5187516820840049,0.5166666666666667,0.3388888888888889
64.25,-0.1777522712945938,0.7378056645393372,0.0,0.2876413821728754,0.4296980388087579,0.9782733183634085,42.0,0.28523733488169545,0.4407025693133982,0.0,0.7498842422587781,4.278609187426852,0.5181287421117793,0.5388888888888889,0.3611111111111111
64.5,-0.1904604136943817,0.7330618500709534,0.0,0.2876413821728754,0.4296980388087579,0.9782733183634085,42.0,0.28523733488169545,0.4407025693133982,0.0,0.7453542012787922,4.30818143180379,0.5172972030050509,0.5444444444444444,0.37222222222222223
64.75,-0.1980888843536377,0.7177656888961792,0.0,0.2876413821728754,0.4296980388087579,0.9782733183634085,43.0,0.28523733488169545,0.4407025693133982,0.0,0.7430254307813121,4.322870598028985,0.5167994954135537,0.5611111111111111,0.4
65.0,-0.22648479044437408,0.713782787322998,0.0,0.2876413821728754,0.4296980388087579,0.9782733183634085,43.0,0.28523733488169545,0.4407025693133982,0.0,0.7379893052425407,4.351611868109497,0.5156556230750257,0.5666666666666667,0.4
65.25,-0.22109031677246094,0.7017742991447449,0.0,0.2876413821728754,0.4296980388087579,0.9782733183634085,43.0,0.28523733488169545,0.4407025693133982,0.0,0.7328656332149688,4.3801349660582956,0.5142707624751373,0.5666666666666667,0.40555555555555556
65.5,-0.26188087463378906,0.7058858275413513,0.0,0.2876413821728754,0.4296980388087579,0.9782733183634085,43.0,0.28523733488169545,0.4407025693133982,0.0,0.7250528176267196,4.4082427551302965,0.5126393817602632,0.5666666666666667,0.4111111111111111
65.75,-0.26325881481170654,0.7041803002357483,0.0,0.2876413821728754,0.4296980388087579,0.9782733183634085,44.0,0.2874147191174336,0.44520249673392365,0.0,0.7189703413028478,4.436311450262118,0.510730821105324,0.5611111111111111,0.4166666666666667
66.0,-0.3358707129955292,0.6688898205757141,0.0,0.2876413821728754,0.4296980388087579,0.9782733183634085,44.0,0.2874147191174336,0.44520249673392365,0.0,0.7110757977301516,4.464140780826169,0.5085473496519974,0.5611111111111111,0.4222222222222222
66.25,-0.37263765931129456,0.6688674092292786,0.0,0.2876413821728754,0.4296980388087579,0.9782733183634085,44.0,0.2874147191174336,0.44520249673392365,0.0,0.7055712784391805,4.4776427265975975,0.5073687980544332,0.5722222222222222,0.4222222222222222
66.5,-0.3604750633239746,0.6659289598464966,0.0,0.2876413821728754,0.4296980388087579,0.9782733183634085,44.0,0.2874147191174336,0.44520249673392365,0.0,0.6945803583249137,4.5041866045981145,0.5047687471907691,0.5833333333333334,0.42777777777777776
66.75,-0.352611243724823,0.656480610370636,0.0,0.2876413821728754,0.4296980388087579,0.9782733183634085,45.0,0.2874147191174336,0.44520249673392365,0.0,0.6869118654076996,4.53046178334104,0.5017913665333583,0.5944444444444444,0.42777777777777776
67.0,-0.3566758334636688,0.6721964478492737,0.0,0.2876413821728754,0.4296980388087579,0.9782733183634085,45.0,0.2874147191174336,0.44520249673392365,0.0,0.6809418166319531,4.55675728911728,0.4984282523378701,0.5944444444444444,0.42777777777777776
67.25,-0.35804057121276855,0.6514143943786621,0.0,0.2876413821728754,0.4296980388087579,0.9782733183634085,45.0,0.2874147191174336,0.44520249673392365,0.0,0.6734014945773132,4.5831485325717445,0.49467400762381897,0.6055555555555555,0.43333333333333335
67.5,-0.3128543496131897,0.6409401297569275,0.0,0.2876413821728754,0.4296980388087579,0.9782733183634085,45.0,0.2874147191174336,0.44520249673392365,0.0,0.6696863606674751,4.5961291697803714,0.4926862338181897,0.6277777777777778,0.4388888888888889
67.75,-0.2993694841861725,0.64452064037323,0.0,0.2876413821728754,0.4296980388087579,0.9782733183634085,46.0,0.2874147191174336,0.44520249673392365,0.0,0.6603324390281755,4.6214291265703435,0.4885405203703183,0.6388888888888888,0.4444444444444444
68.0,-0.3188250958919525,0.6630700826644897,0.0,0.2876413821728754,0.4296980388087579,0.9782733183634085,46.0,0.2874147191174336,0.44520249673392365,0.0,0.6586815360059571,4.646896191444483,0.48402938432088044,0.65,0.4444444444444444
68.25,-0.33112356066703796,0.6545789837837219,0.0,0.2876413821728754,0.4296980388087579,0.9782733183634085,46.0,0.2874147191174336,0.44520249673392365,0.0,0.6566897715481398,4.6726225775415395,0.47915394136906214,0.6611111111111111,0.4444444444444444
68.5,-0.26945874094963074,0.6486853361129761,0.0,0.2876413821728754,0.4296980388087579,0.9782733183634085,46.0,0.2874147191174336,0.44520249673392365,0.0,0.6546200101812392,4.698342173563677,0.4739430456509376,0.6722222222222223,0.45
68.75,-0.31622806191444397,0.64154452085495,0.0,0.2876413821728754,0.4296980388087579,0.9782733183634085,47.0,0.2874147191174336,0.44520249673392365,0.0,0.6536641889960572,4.7111807764508695,0.47121843752348047,0.6944444444444444,0.45555555555555555
69.0,-0.3324320316314697,0.6524798274040222,0.0,0.2876413821728754,0.4296980388087579,0.9782733183634085,47.0,0.2874147191174336,0.44520249673392365,0.0,0.6514281219810049,4.736481198952202,0.465624275332477,0.7,0.45555555555555555
69.25,-0.3413873314857483,0.6425055861473083,0.0,0.299761857511411,0.4429450287755507,0.9772790808826844,47.0,0.29365655392654955,0.45071853679779356,0.0,0.6517939378755293,4.761762273784802,0.45970776144252073,0.7277777777777777,0.46111111111111114
69.5,-0.2951100170612335,0.6410110592842102,0.0,0.299761857511411,0.4429450287755507,0.9772790808826844,47.0,0.29365655392654955,0.45071853679779356,0.0,0.6519402031051482,4.774225706446659,0.4566599411680147,0.7388888888888889,0.4666666666666667
69.75,-0.2879451811313629,0.6476303935050964,0.0,0.299761857511411,0.4429450287755507,0.9772790808826844,48.0,0.29365655392654955,0.45071853679779356,0.0,0.6499032922115809,4.799222669276263,0.4502901648344779,0.7222222222222222,0.46111111111111114
70.0,-0.29143109917640686,0.6344131231307983,0.0,0.299761857511411,0.4429450287755507,0.9772790808826844,48.0,0.29365655392654955,0.45071853679779356,0.0,0.6481500251860031,4.824243763302174,0.44359144171945086,0.7166666666666667,0.4666666666666667
70.25,-0.27460384368896484,0.6411738395690918,0.0,0.299761857511411,0.4429450287755507,0.9772790808826844,48.0,0.29365655392654955,0.45071853679779356,0.0,0.6454023316568256,4.848911210389961,0.43668596346467836,0.7166666666666667,0.4722222222222222
70.5,-0.2814543843269348,0.6361855268478394,0.0,0.299761857511411,0.4429450287755507,0.9772790808826844,48.0,0.29365655392654955,0.45071853679779356,0.0,0.6430197845730966,4.873328175053095,0.4295448512534566,0.7111111111111111,0.48333333333333334
70.75,-0.28813520073890686,0.6515313982963562,0.0,0.299761857511411,0.4429450287755507,0.9772790808826844,49.0,0.29365655392654955,0.45071853679779356,0.0,0.6411063748565345,4.897579713846107,0.4221418876034299,0.7,0.48333333333333334
71.0,-0.3080981969833374,0.6428930759429932,0.0,0.299761857511411,0.4429450287755507,0.9772790808826844,49.0,0.29365655392654955,0.45071853679779356,0.0,0.6417116900193998,4.922087984942677,0.4143494753727399,0.6833333333333333,0.48333333333333334
71.25,-0.3025561571121216,0.6340125203132629,0.0,0.299761857511411,0.4429450287755507,0.9772790808826844,49.0,0.29365655392654955,0.45071853679779356,0.0,0.6395638404514513,4.946381005936741,0.4063069895114602,0.6777777777777778,0.4888888888888889
71.5,-0.3243381977081299,0.6577236652374268,0.0,0.299761857511411,0.4429450287755507,0.9772790808826844,49.0,0.29365655392654955,0.45071853679779356,0.0,0.6392783916528746,4.970626808760379,0.3979497547844933,0.6722222222222223,0.5
71.75,-0.2859024107456207,0.6628410220146179,0.0,0.299761857511411,0.4429450287755507,0.9772790808826844,49.0,0.29365655392654955,0.45071853679779356,0.0,0.6423188288656054,4.982955989417103,0.39357433633766553,0.6666666666666666,0.5055555555555555
72.0,-0.3028084337711334,0.6580266356468201,0.0,0.299761857511411,0.4429450287755507,0.9772790808826844,50.0,0.29365655392654955,0.45071853679779356,0.0,0.6473371486474532,5.007847837521228,0.3844800231855413,0.65,0.5055555555555555
72.25,-0.3215705454349518,0.6741078495979309,0.0,0.299761857511411,0.4429450287755507,0.9772790808826844,50.0,0.29365655392654955,0.45071853679779356,0.0,0.6495064105980027,5.032548555416952,0.3751212051275072,0.6444444444444445,0.5111111111111111
72.5,-0.3454970717430115,0.6692666411399841,0.0,0.299761857511411,0.4429450287755507,0.9772790808826844,50.0,0.29365655392654955,0.45071853679779356,0.0,0.65491174377635,5.057501311309353,0.3653185419140137,0.6333333333333333,0.5222222222222223
72.75,-0.30955979228019714,0.6676575541496277,0.0,0.299761857511411,0.4429450287755507,0.9772790808826844,50.0,0.2901727391493686,0.43881550297575844,0.0,0.6594085678732662,5.082221094218594,0.3552348015182751,0.6333333333333333,0.5277777777777778
73.0,-0.3304675221443176,0.6922534108161926,0.0,0.299761857511411,0.4429450287755507,0.9772790808826844,51.0,0.2901727391493686,0.43881550297575844,0.0,0.6624439777600621,5.094635222799427,0.35002542765640376,0.6166666666666667,0.5333333333333333
73.25,-0.3058167099952698,0.708955705165863,0.0,0.299761857511411,0.4429450287755507,0.9772790808826844,51.0,0.2901727391493686,0.43881550297575844,0.0,0.6684569872431965,5.119842203604243,0.33916182416169316,0.6111111111111112,0.5388888888888889
73.5,-0.32094499468803406,0.7301245331764221,0.0,0.299761857511411,0.4429450287755507,0.9772790808826844,51.0,0.2901727391493686,0.43881550297575844,0.0,0.6762486556677046,5.14549839787196,0.3277145942575627,0.6,0.55
73.75,-0.2954156994819641,0.755273163318634,0.0,0.299761857511411,0.4429450287755507,0.9772790808826844,51.0,0.2901727391493686,0.43881550297575844,0.0,0.6879001226271074,5.17194178991448,0.31551668267924693,0.5888888888888889,0.5555555555555556
74.0,-0.30212682485580444,0.761686384677887,0.0,0.299761857511411,0.4429450287755507,0.9772790808826844,52.0,0.2901727391493686,0.43881550297575844,0.0,0.7036663268815566,5.199078459134134,0.30259945437810354,0.5777777777777777,0.5666666666666667
74.25,-0.2696475088596344,0.7571136951446533,0.0,0.299761857511411,0.4429450287755507,0.9772790808826844,52.0,0.2901727391493686,0.43881550297575844,0.0,0.7182489135327705,5.226266076207462,0.28926745539417176,0.5722222222222222,0.5722222222222222
74.5,-0.24887408316135406,0.8037319779396057,0.0,0.299761857511411,0.4429450287755507,0.9772790808826844,52.0,0.2901727391493686,0.43881550297575844,0.0,0.7253423819937221,5.239789291694316,0.2824946175149158,0.5833333333333334,0.5833333333333334
74.75,-0.2193027287721634,0.7859683036804199,0.0,0.299761857511411,0.4429450287755507,0.9772790808826844,52.0,0.2901727391493686,0.43881550297575844,0.0,0.7427925374746563,5.2676898257310025,0.2682341478226044,0.5944444444444444,0.5944444444444444
75.0,-0.3285761773586273,0.8047664165496826,0.0,0.299761857511411,0.4429450287755507,0.9772790808826844,53.0,0.2901727391493686,0.43881550297575844,0.0,0.7598666228681069,5.295887300256497,0.25348168391029413,0.6,0.6
75.25,-0.3203496038913727,0.8205928802490234,0.0,0.299761857511411,0.4429450287755507,0.9772790808826844,53.0,0.2901727391493686,0.43881550297575844,0.0,0.7718689900794337,5.3242896962058,0.2382529500757644,0.6166666666666667,0.6166666666666667
75.5,-0.32631856203079224,0.8277573585510254,0.0,0.299761857511411,0.4429450287755507,0.9772790808826844,53.0,0.2901727391493686,0.43881550297575844,0.0,0.785685814067906,5.353108465249339,0.2223254823843436,0.6277777777777778,0.6277777777777778
75.75,-0.31112411618232727,0.8356829285621643,0.0,0.299761857511411,0.4429450287755507,0.9772790808826844,53.0,0.2901727391493686,0.43881550297575844,0.0,0.7927425859326882,5.367571646783349,0.21415152678838206,0.6444444444444445,0.6444444444444445
76.0,-0.24021515250205994,0.863624632358551,0.0,0.299761857511411,0.4429450287755507,0.9772790808826844,54.0,0.2901727391493686,0.43881550297575844,0.0,0.8045561632270172,5.396284554070074,0.1975490074229372,0.65,0.65
76.25,-0.16285958886146545,0.8725089430809021,0.0,0.3070962864972125,0.4501559104223755,0.9761405549693838,54.0,0.28828567281172884,0.4348962113514298,0.0,0.8199400808316719,5.425802130237894,0.18000526842390155,0.6777777777777778,0.6777777777777778
76.5,-0.1287725865840912,0.8985416889190674,0.0,0.3070962864972125,0.4501559104223755,0.9761405549693838,54.0,0.28828567281172884,0.4348962113514298,0.0,0.834796059335696,5.4557157344336265,0.16187185506885185,0.6888888888888889,0.6888888888888889
76.75,-0.05279137194156647,0.8839083909988403,0.0,0.3070962864972125,0.4501559104223755,0.9761405549693838,54.0,0.28828567281172884,0.4348962113514298,0.0,0.8502244844246766,5.486130776665399,0.1431945687917842,0.7166666666666667,0.7166666666666667
77.0,-0.026182008907198906,0.8778360486030579,0.0,0.3070962864972125,0.4501559104223755,0.9761405549693838,55.0,0.28828567281172884,0.4348962113514298,0.0,0.8628004516270186,5.516573713558545,0.12436128943322047,0.7277777777777777,0.7277777777777777
77.25,0.06545677781105042,0.8823065757751465,0.0,0.3070962864972125,0.4501559104223755,0.9761405549693838,55.0,0.28828567281172884,0.4348962113514298,0.0,0.8689614670156546,5.53164587037777,0.11501184701485456,0.7444444444444445,0.7444444444444445
77.5,0.10961863398551941,0.857237696647644,0.0,0.3070962864972125,0.4501559104223755,0.9761405549693838,55.0,0.28828567281172884,0.4348962113514298,0.0,0.8795239740895937,5.562075149811171,0.0961462345044588,0.7777777777777778,0.7777777777777778
77.75,0.15233461558818817,0.8584175109863281,0.0,0.3070962864972125,0.4501559104223755,0.9761405549693838,55.0,0.28828567281172884,0.4348962113514298,0.0,0.8780418484669456,5.591596019304184,0.07795945196322257,0.7944444444444444,0.7944444444444444
78.0,0.14560982584953308,0.8674022555351257,0.0,0.3070962864972125,0.4501559104223755,0.9761405549693838,56.0,0.28828567281172884,0.4348962113514298,0.0,0.8730381465702937,5.62078056886861,0.06018285366951611,0.8277777777777777,0.8277777777777777
78.25,0.19261033833026886,0.8306743502616882,0.0,0.3070962864972125,0.4501559104223755,0.9761405549693838,56.0,0.28828567281172884,0.4348962113514298,0.0,0.8727661466794566,5.635568996972708,0.0512679729365358,0.85,0.85
78.5,0.22524717450141907,0.809147834777832,0.0,0.3070962864972125,0.4501559104223755,0.9761405549693838,56.0,0.28828567281172884,0.4348962113514298,0.0,0.8654187013715666,5.664604446375296,0.03396423944819276,0.8833333333333333,0.8833333333333333
78.75,0.27560487389564514,0.82600337266922,0.0,0.3070962864972125,0.4501559104223755,0.9761405549693838,56.0,0.28828567281172884,0.4348962113514298,0.0,0.851113931482762,5.692841439459088,0.017449643030458165,0.8888888888888888,0.8888888888888888
79.0,0.2655452489852905,0.8113191723823547,0.0,0.3070962864972125,0.4501559104223755,0.9761405549693838,57.0,0.28828567281172884,0.4348962113514298,0.0,0.8383610415540775,5.720952859333714,0.0013755518824809026,0.8944444444444445,0.8944444444444445
79.25,0.3263161778450012,0.8299221992492676,0.0,0.3070962864972125,0.4501559104223755,0.9761405549693838,57.0,0.28828567281172884,0.4348962113514298,0.0,0.8323981275931157,5.749341499798083,-0.014450614656415032,0.9111111111111111,0.9111111111111111
79.5,0.34065529704093933,0.8113771080970764,0.0,0.3070962864972125,0.4501559104223755,0.9761405549693838,57.0,0.28828567281172884,0.4348962113514298,0.0,0.8291214363759082,5.763768905644271,-0.022322896515987355,0.9166666666666666,0.9166666666666666
79.75,0.41386091709136963,0.80205237865448,0.0,0.3070962864972125,0.4501559104223755,0.9761405549693838,57.0,0.25591522717375526,0.3790100159674844,0.0,0.8218383262560633,5.792552989929401,-0.03765764547977273,0.9388888888888889,0.9388888888888889
80.0,0.45519429445266724,0.8066279292106628,0.0,0.3070962864972125,0.4501559104223755,0.9761405549693838,58.0,0.25591522717375526,0.3790100159674844,0.0,0.8164690840492989,5.821307463905723,-0.05245328123268515,0.9444444444444444,0.9444444444444444
80.25,0.4673949182033539,0.7967699766159058,0.0,0.3070962864972125,0.4501559104223755,0.9761405549693838,58.0,0.25591522717375526,0.3790100159674844,0.0,0.8144830367666577,5.8502365527159,-0.06672846856482735,0.9666666666666667,0.9666666666666667
80.5,0.4582308232784271,0.7950592637062073,0.0,0.3070962864972125,0.4501559104223755,0.9761405549693838,58.0,0.25591522717375526,0.3790100159674844,0.0,0.8108877339912107,5.879115040079652,-0.08030886151153244,0.9777777777777777,0.9777777777777777
80.75,0.4587540626525879,0.7716915607452393,0.0,0.3070962864972125,0.4501559104223755,0.9761405549693838,58.0,0.25591522717375526,0.3790100159674844,0.0,0.8094965202760028,5.893625144833365,-0.08687622731484489,1.0,1.0
81.0,0.47910216450691223,0.7860702872276306,0.0,0.3070962864972125,0.4501559104223755,0.9761405549693838,59.0,0.25591522717375526,0.3790100159674844,0.0,0.8030136648933318,5.922401141292845,-0.09941922626301447,1.0,1.0
81.25,0.5740917325019836,0.778996467590332,0.0,0.3070962864972125,0.4501559104223755,0.9761405549693838,59.0,0.25591522717375526,0.3790100159674844,0.0,0.7972821297180166,5.951362836954062,-0.11141096154445901,1.0,1.0
81.5,0.6229040622711182,0.7911993861198425,0.0,0.3070962864972125,0.4501559104223755,0.9761405549693838,59.0,0.25591522717375526,0.3790100159674844,0.0,0.7920164524277308,5.980468428017298,-0.122788522316276,1.0,1.0
81.75,0.6480187177658081,0.7916213870048523,0.0,0.3070962864972125,0.4501559104223755,0.9761405549693838,59.0,0.25591522717375526,0.3790100159674844,0.0,0.7897360743849189,6.010069420282791,-0.13356485227123777,1.0,1.0
82.0,0.6633673310279846,0.7888547778129578,0.0,0.3070962864972125,0.4501559104223755,0.9761405549693838,60.0,0.25591522717375526,0.3790100159674844,0.0,0.7886530955867843,6.0250248842758305,-0.1386925223330151,1.0,1.0
82.25,0.6161383986473083,0.7738192081451416,0.0,0.3070962864972125,0.4501559104223755,0.9761405549693838,60.0,0.25591522717375526,0.3790100159674844,0.0,0.786936725186492,6.055073483104764,-0.1483442387497189,1.0,1.0
82.5,0.6141073703765869,0.7844923734664917,0.0,0.3070962864972125,0.4501559104223755,0.9761405549693838,60.0,0.25591522717375526,0.3790100159674844,0.0,0.7848142820836999,6.084934575718106,-0.15708505128798722,1.0,1.0
82.75,0.5698058605194092,0.7669508457183838,0.0,0.3070962864972125,0.4501559104223755,0.9761405549693838,60.0,0.25591522717375526,0.3790100159674844,0.0,0.7865703960296702,6.115328410382899,-0.16515494461266203,1.0,1.0
83.0,0.5060481429100037,0.7864716053009033,0.0,0.3070962864972125,0.4501559104223755,0.9761405549693838,60.0,0.25591522717375526,0.3790100159674844,0.0,0.7838391167409445,6.145487235872205,-0.1723974884558158,1.0,1.0
83.25,0.3498545289039612,0.7523947954177856,0.0,0.29285779943009466,0.4344149278426326,0.9754732209687165,61.0,0.25591522717375526,0.3790100159674844,0.0,0.7814072705842524,6.1758273071474035,-0.1789886017558678,1.0,1.0
83.5,0.2963392436504364,0.739242434501648,0.0,0.29285779943009466,0.4344149278426326,0.9754732209687165,61.0,0.22528668892437217,0.33284947016983596,0.0,0.7753292330309692,6.20561658431541,-0.18490292311862225,1.0,1.0
83.75,0.26088935136795044,0.7368484139442444,0.0,0.29285779943009466,0.4344149278426326,0.9754732209687165,61.0,0.22528668892437217,0.33284947016983596,0.0,0.7665186338066424,6.2346219971134245,-0.19025815101048113,1.0,1.0
84.0,0.30005961656570435,0.7632133364677429,0.0,0.29285779943009466,0.4344149278426326,0.9754732209687165,61.0,0.22528668892437217,0.33284947016983596,0.0,0.7616331373213656,6.2490107156973425,-0.19279451846203458,1.0,1.0
84.25,0.28658390045166016,0.7430694103240967,0.0,0.29285779943009466,0.4344149278426326,0.9754732209687165,62.0,0.22528668892437217,0.33284947016983596,0.0,0.756329328889934,6.2783824654457385,-0.19773375980492372,1.0,1.0
84.5,0.22622650861740112,0.7195864319801331,0.0,0.29285779943009466,0.4344149278426326,0.9754732209687165,62.0,0.22528668892437217,0.33284947016983596,0.0,0.7548277373935328,6.308209541295409,-0.20240214543019727,1.0,1.0
84.75,0.2628299295902252,0.7559201717376709,0.0,0.29285779943009466,0.4344149278426326,0.9754732209687165,62.0,0.22528668892437217,0.33284947016983596,0.0,0.744263322341219,6.337067013706887,-0.20659628157191176,1.0,1.0
85.0,0.25109684467315674,0.7473998069763184,0.0,0.29285779943009466,0.4344149278426326,0.9754732209687165,62.0,0.22528668892437217,0.33284947016983596,0.0,0.7410566589438842,6.366182923901794,-0.21053937916624701,1.0,1.0
85.25,0.28328239917755127,0.7561830878257751,0.0,0.29285779943009466,0.4344149278426326,0.9754732209687165,63.0,0.22528668892437217,0.33284947016983596,0.0,0.7442464000148433,6.395843087700902,-0.21425218160909038,1.0,1.0
85.5,0.2880784869194031,0.7576051950454712,0.0,0.29285779943009466,0.4344149278426326,0.9754732209687165,63.0,0.22528668892437217,0.33284947016983596,0.0,0.745162052844519,6.410786696720292,-0.21599848561100093,1.0,1.0
85.75,0.27373218536376953,0.7523399591445923,0.0,0.29285779943009466,0.4344149278426326,0.9754732209687165,63.0,0.22528668892437217,0.33284947016983596,0.0,0.7446644377619247,6.4557896956079075,-0.2207256325273012,1.0,1.0
86.0,0.2723512053489685,0.7649350762367249,0.0,0.29285779943009466,0.4344149278426326,0.9754732209687165,63.0,0.22528668892437217,0.33284947016983596,0.0,0.7481876811947876,6.485771664774192,-0.2234353848274546,1.0,1.0
86.25,0.23014278709888458,0.7705283761024475,0.0,0.29285779943009466,0.4344149278426326,0.9754732209687165,64.0,0.22528668892437217,0.33284947016983596,0.0,0.7504103560613236,6.500921518505139,-0.22467580655967753,1.0,1.0
86.5,0.22137174010276794,0.7598638534545898,0.0,0.29285779943009466,0.4344149278426326,0.9754732209687165,64.0,0.22528668892437217,0.33284947016983596,0.0,0.7554676438058248,6.531566709370774,-0.22694615445985758,1.0,1.0
86.75,0.2072722166776657,0.7529096603393555,0.0,0.29285779943009466,0.4344149278426326,0.9754732209687165,64.0,0.18827115691682392,0.27696327478589056,0.0,0.7586422181934881,6.562239044420443,-0.22893293437365947,1.0,1.0
87.0,0.18423257768154144,0.7419087290763855,0.0,0.29285779943009466,0.4344149278426326,0.9754732209687165,64.0,0.18827115691682392,0.27696327478589056,0.0,0.758609410223761,6.592499225461334,-0.23062018488788938,1.0,1.0
87.25,0.1536194235086441,0.7431036829948425,0.0,0.29285779943009466,0.4344149278426326,0.9754732209687165,65.0,0.18827115691682392,0.27696327478589056,0.0,0.7578190243533569,6.607319193446626,-0.23135376077186168,1.0,1.0
87.5,0.1917734295129776,0.7312705516815186,0.0,0.29285779943009466,0.4344149278426326,0.9754732209687165,65.0,0.18827115691682392,0.27696327478589056,0.0,0.7558691578890647,6.636960026764447,-0.2326604121883862,1.0,1.0
87.75,0.2132142037153244,0.7226945757865906,0.0,0.29285779943009466,0.4344149278426326,0.9754732209687165,65.0,0.18827115691682392,0.27696327478589056,0.0,0.7521580187854883,6.666433145832044,-0.23376551115459693,1.0,1.0
88.0,0.18268510699272156,0.7360942959785461,0.0,0.29285779943009466,0.4344149278426326,0.9754732209687165,65.0,0.18827115691682392,0.27696327478589056,0.0,0.7438268184409698,6.695307915086058,-0.23461885008094066,1.0,1.0
88.25,0.17211374640464783,0.7303337454795837,0.0,0.29285779943009466,0.4344149278426326,0.9754732209687165,66.0,0.18827115691682392,0.27696327478589056,0.0,0.7391845453862749,6.724468713317438,-0.23524342701621365,1.0,1.0
88.5,0.07146940380334854,0.7306127548217773,0.0,0.29285779943009466,0.4344149278426326,0.9754732209687165,66.0,0.18827115691682392,0.27696327478589056,0.0,0.7362894987560947,6.753772922618552,-0.2356725584938517,1.0,1.0
88.75,-0.022435728460550308,0.7452625036239624,0.0,0.29285779943009466,0.4344149278426326,0.9754732209687165,66.0,0.18827115691682392,0.27696327478589056,0.0,0.7342236678708776,6.768403172210113,-0.23582989687796227,1.0,1.0
89.0,-0.04459666088223457,0.7453917264938354,0.0,0.29285779943009466,0.4344149278426326,0.9754732209687165,66.0,0.18827115691682392,0.27696327478589056,0.0,0.7327008404232054,6.797918762177453,-0.23611511139269428,1.0,1.0
89.25,-0.03773808106780052,0.7386406660079956,0.0,0.29285779943009466,0.4344149278426326,0.9754732209687165,67.0,0.18827115691682392,0.27696327478589056,0.0,0.7332784211634877,6.81280600224842,-0.23626954901241026,1.0,1.0
89.5,0.0017233369871973991,0.7261995077133179,0.0,0.29285779943009466,0.4344149278426326,0.9754732209687165,67.0,0.18827115691682392,0.27696327478589056,0.0,0.7365380369803199,6.842618384924296,-0.23662050976601146,1.0,1.0
89.75,0.028307754546403885,0.7329901456832886,0.0,0.29285779943009466,0.4344149278426326,0.9754732209687165,67.0,0.18827115691682392,0.27696327478589056,0.0,0.7353887134307501,6.8719052545193335,-0.23700864471513833,1.0,1.0
90.0,0.019710928201675415,0.74654221534729,0.0,0.29285779943009466,0.4344149278426326,0.9754732209687165,67.0,0.18827115691682392,0.27696327478589056,0.0,0.7367812547049507,6.901280088883607,-0.23738941992695908,1.0,1.0
90.25,0.06717687100172043,0.7556588649749756,0.0,0.27103796124236795,0.4161578621360941,0.9745218191164137,68.0,0.18827115691682392,0.27696327478589056,0.0,0.7396360295834777,6.93098626123632,-0.23773557905604273,1.0,1.0
90.5,0.09751418977975845,0.7097930312156677,0.0,0.27103796124236795,0.4161578621360941,0.9745218191164137,68.0,0.16301349978226157,0.241834809115982,0.0,0.7398524477465783,6.945945173830154,-0.2378908634482883,1.0,1.0
90.75,0.14642737805843353,0.6962642669677734,0.0,0.27103796124236795,0.4161578621360941,0.9745218191164137,68.0,0.16301349978226157,0.241834809115982,0.0,0.7384382482675015,6.975396197652764,-0.2381297682468466,1.0,1.0
91.0,0.17083290219306946,0.6984302997589111,0.0,0.27103796124236795,0.4161578621360941,0.9745218191164137,68.0,0.16301349978226157,0.241834809115982,0.0,0.7274306011926788,7.003448312851044,-0.23822663301891936,1.0,1.0
91.25,0.14412927627563477,0.720710277557373,0.0,0.27103796124236795,0.4161578621360941,0.9745218191164137,68.0,0.16301349978226157,0.241834809115982,0.0,0.7218554068653988,7.031289214503876,-0.238151224591533,1.0,1.0
91.5,2.9178336262702942e-05,0.7363927960395813,0.0,0.27103796124236795,0.4161578621360941,0.9745218191164137,69.0,0.16301349978226157,0.241834809115982,0.0,0.7222321218422799,7.060059107241856,-0.23790286241895076,1.0,1.0
91.75,-5.098502151668072e-05,0.7322477698326111,0.0,0.27103796124236795,0.4161578621360941,0.9745218191164137,69.0,0.16301349978226157,0.241834809115982,0.0,0.7216116249368115,7.089371271537302,-0.23757453080824179,1.0,1.0
92.0,-0.037503600120544434,0.7540457844734192,0.0,0.27103796124236795,0.4161578621360941,0.9745218191164137,69.0,0.16301349978226157,0.241834809115982,0.0,0.7192452359829486,7.118697913952316,-0.23725522443594374,1.0,1.0
92.25,-0.03444742038846016,0.7462323307991028,0.0,0.27103796124236795,0.4161578621360941,0.9745218191164137,69.0,0.16301349978226157,0.241834809115982,0.0,0.7235760326389726,7.134074884741674,-0.23710016481036086,1.0,1.0
92.5,-0.035357505083084106,0.7402663230895996,0.0,0.27103796124236795,0.4161578621360941,0.9745218191164137,70.0,0.16301349978226157,0.241834809115982,0.0,0.7323207050005568,7.1638230901120385,-0.23684130106763854,1.0,1.0
92.75,0.00017769867554306984,0.7576845288276672,0.0,0.27103796124236795,0.4161578621360941,0.9745218191164137,70.0,0.16301349978226157,0.241834809115982,0.0,0.7370266609128219,7.193465806953606,-0.2366300025934597,1.0,1.0
93.0,0.017717665061354637,0.7329239845275879,0.0,0.27103796124236795,0.4161578621360941,0.9745218191164137,70.0,0.16301349978226157,0.241834809115982,0.0,0.7425869774866852,7.223494472555014,-0.2364346074094712,1.0,1.0
93.25,0.0543227344751358,0.7489067912101746,0.0,0.27103796124236795,0.4161578621360941,0.9745218191164137,70.0,0.16301349978226157,0.241834809115982,0.0,0.7432473019648833,7.2530734455301005,-0.23623335008836632,1.0,1.0
93.5,0.051368992775678635,0.7365903258323669,0.0,0.27103796124236795,0.4161578621360941,0.9745218191164137,71.0,0.16301349978226157,0.241834809115982,0.0,0.7441274725040988,7.267988323375187,-0.23611859481857422,1.0,1.0
93.75,0.03300125151872635,0.7347286343574524,0.0,0.27103796124236795,0.4161578621360941,0.9745218191164137,71.0,0.16301349978226157,0.241834809115982,0.0,0.7430844737861081,7.297718455391078,-0.2358431024597945,1.0,1.0
94.0,0.03466310724616051,0.7359206676483154,0.0,0.27103796124236795,0.4161578621360941,0.9745218191164137,71.0,0.13790100159674845,0.20699666134417186,0.0,0.742431041457747,7.327347082922788,-0.23550673633366712,1.0,1.0
94.25,0.053346119821071625,0.7401323914527893,0.0,0.27103796124236795,0.4161578621360941,0.9745218191164137,71.0,0.13790100159674845,0.20699666134417186,0.0,0.7413650366180645,7.356841199999275,-0.23512679554398522,1.0,1.0
94.5,0.06142517924308777,0.7404043674468994,0.0,0.27103796124236795,0.4161578621360941,0.9745218191164137,72.0,0.13790100159674845,0.20699666134417186,0.0,0.7408750714074078,7.386403276316991,-0.2347036608138767,1.0,1.0
94.75,0.042494311928749084,0.7304460406303406,0.0,0.27103796124236795,0.4161578621360941,0.9745218191164137,72.0,0.13790100159674845,0.20699666134417186,0.0,0.7400190074385231,7.415883072169731,-0.23422267461309898,1.0,1.0
95.0,0.04849829152226448,0.7625201344490051,0.0,0.27103796124236795,0.4161578621360941,0.9745218191164137,72.0,0.13790100159674845,0.20699666134417186,0.0,0.7382521236591246,7.4451795525783915,-0.23368385574462686,1.0,1.0
95.25,0.08647985011339188,0.7457987070083618,0.0,0.27103796124236795,0.4161578621360941,0.9745218191164137,72.0,0.13790100159674845,0.20699666134417186,0.0,0.7403372300665932,7.4751066723829505,-0.23306846059644273,1.0,1.0
95.5,0.01756024919450283,0.7441179752349854,0.0,0.27103796124236795,0.4161578621360941,0.9745218191164137,73.0,0.13790100159674845,0.20699666134417186,0.0,0.7414849952924016,7.504972544752525,-0.2323776755856293,1.0,1.0
95.75,-0.021082241088151932,0.7299525141716003,0.0,0.27103796124236795,0.4161578621360941,0.9745218191164137,73.0,0.13790100159674845,0.20699666134417186,0.0,0.7411366468945387,7.534609632027456,-0.23161682939731923,1.0,1.0
96.0,-0.03653469309210777,0.7278289198875427,0.0,0.27103796124236795,0.4161578621360941,0.9745218191164137,73.0,0.13790100159674845,0.20699666134417186,0.0,0.7379830046679453,7.563724068283295,-0.2308568499378792,1.0,1.0
96.25,-0.02386379800736904,0.7342731952667236,0.0,0.27103796124236795,0.4161578621360941,0.9745218191164137,73.0,0.13790100159674845,0.20699666134417186,0.0,0.7383812811945311,7.592857791285589,-0.2301339355483986,1.0,1.0
96.5,-0.0047384388744831085,0.7224022150039673,0.0,0.27103796124236795,0.4161578621360941,0.9745218191164137,74.0,0.13790100159674845,0.20699666134417186,0.0,0.7354983318446296,7.621997563076161,-0.22945513056897768,1.0,1.0
96.75,0.04030556231737137,0.7577151656150818,0.0,0.27103796124236795,0.4161578621360941,0.9745218191164137,74.0,0.13790100159674845,0.20699666134417186,0.0,0.7323067506872213,7.636391833678293,-0.22912893321842595,1.0,1.0
97.0,0.017697717994451523,0.7388427257537842,0.0,0.27103796124236795,0.4161578621360941,0.9745218191164137,74.0,0.13790100159674845,0.20699666134417186,0.0,0.7314279309269156,7.665851264462489,-0.2284488571326078,1.0,1.0
97.25,0.01762961968779564,0.7266071438789368,0.0,0.25770308123249297,0.397674221203633,0.9734396558720882,74.0,0.13790100159674845,0.20699666134417186,0.0,0.7342682604837673,7.695602884049582,-0.22771925233065363,1.0,1.0
97.5,0.041629940271377563,0.7376248836517334,0.0,0.25770308123249297,0.397674221203633,0.9734396558720882,75.0,0.1078530991435622,0.15807809551458848,0.0,0.7340061097873417,7.72495780769748,-0.2269693541846637,1.0,1.0
97.75,0.0035196810495108366,0.7328439354896545,0.0,0.25770308123249297,0.397674221203633,0.9734396558720882,75.0,0.1078530991435622,0.15807809551458848,0.0,0.7338985687173954,7.7543054229498845,-0.2261836910585376,1.0,1.0
98.0,0.01363449264317751,0.7266584634780884,0.0,0.25770308123249297,0.397674221203633,0.9734396558720882,75.0,0.1078530991435622,0.15807809551458848,0.0,0.736770092823752,7.783759255855706,-0.2253647612574917,1.0,1.0
98.25,0.0051798513159155846,0.7047860622406006,0.0,0.25770308123249297,0.397674221203633,0.9734396558720882,75.0,0.1078530991435622,0.15807809551458848,0.0,0.7346343733626316,7.812881084407675,-0.22454744326926937,1.0,1.0
98.5,0.013549606315791607,0.7311135530471802,0.0,0.25770308123249297,0.397674221203633,0.9734396558720882,76.0,0.1078530991435622,0.15807809551458848,0.0,0.7302303927330888,7.84165840196786,-0.2237290474698522,1.0,1.0
98.75,-0.008273221552371979,0.7329106330871582,0.0,0.25770308123249297,0.397674221203633,0.9734396558720882,76.0,0.1078530991435622,0.15807809551458848,0.0,0.730054949040235,7.87071810405616,-0.22288951657608422,1.0,1.0
99.0,-0.014861025847494602,0.7238385081291199,0.0,0.25770308123249297,0.397674221203633,0.9734396558720882,76.0,0.1078530991435622,0.15807809551458848,0.0,0.7299736319004354,7.885335112974574,-0.22246667216480354,1.0,1.0
99.25,0.02774118073284626,0.7322545051574707,0.0,0.25770308123249297,0.397674221203633,0.9734396558720882,76.0,0.1078530991435622,0.15807809551458848,0.0,0.7279194591534355,7.914429031137455,-0.22163105614702844,1.0,1.0
99.5,0.02392444759607315,0.7481891512870789,0.0,0.25770308123249297,0.397674221203633,0.9734396558720882,77.0,0.1078530991435622,0.15807809551458848,0.0,0.7270400462718468,7.9434445804654,-0.22080214286485544,1.0,1.0
99.75,0.03562600165605545,0.7416120767593384,0.0,0.25770308123249297,0.397674221203633,0.9734396558720882,77.0,0.1078530991435622,0.15807809551458848,0.0,0.7296431694841113,7.9729509730728525,-0.21993144822620675,1.0,1.0
100.0,0.007695045322179794,0.7258099913597107,0.0,0.25770308123249297,0.397674221203633,0.9734396558720882,77.0,0.1078530991435622,0.15807809551458848,0.0,0.7339724751748206,8.002776065503063,-0.21901163727264863,1.0,1.0
100.25,-0.01248682290315628,0.7249597311019897,0.0,0.25770308123249297,0.397674221203633,0.9734396558720882,77.0,0.1078530991435622,0.15807809551458848,0.0,0.7327377295883536,8.031990493128914,-0.21807665373548846,1.0,1.0
100.5,0.007530182134360075,0.7285714149475098,0.0,0.25770308123249297,0.397674221203633,0.9734396558720882,77.0,0.1078530991435622,0.15807809551458848,0.0,0.7330298910559553,8.061013934606923,-0.21713576098198129,1.0,1.0
100.75,-0.04281892627477646,0.7073810696601868,0.0,0.25770308123249297,0.397674221203633,0.9734396558720882,78.0,0.07199883872840761,0.10901437073595587,0.0,0.7342222566542818,8.090171084774788,-0.21619322617108633,1.0,1.0
101.0,-0.0716567113995552,0.7033994197845459,0.0,0.25770308123249297,0.397674221203633,0.9734396558720882,78.0,0.07199883872840761,0.10901437073595587,0.0,0.7323105815765947,8.104451737988919,-0.2157406008519639,1.0,1.0
101.25,-0.09500329941511154,0.7316051125526428,0.0,0.25770308123249297,0.397674221203633,0.9734396558720882,78.0,0.07199883872840761,0.10901437073595587,0.0,0.7235716717330272,8.132535480380838,-0.21489746661498688,1.0,1.0
101.5,-0.0375632680952549,0.7189337611198425,0.0,0.25770308123249297,0.397674221203633,0.9734396558720882,78.0,0.07199883872840761,0.10901437073595587,0.0,0.7223487836195656,8.161271350081552,-0.21411982248067443,1.0,1.0
101.75,-0.03193652257323265,0.7151815891265869,0.0,0.25770308123249297,0.397674221203633,0.9734396558720882,79.0,0.07199883872840761,0.10901437073595587,0.0,0.72143624787426,8.190146124889477,-0.21343588142926362,1.0,1.0
102.0,-0.038466762751340866,0.7077568769454956,0.0,0.25770308123249297,0.397674221203633,0.9734396558720882,79.0,0.07199883872840761,0.10901437073595587,0.0,0.7179144922093242,8.218873562713195,-0.21281421535896747,1.0,1.0
102.25,-0.03687722980976105,0.7257585525512695,0.0,0.25770308123249297,0.397674221203633,0.9734396558720882,79.0,0.07199883872840761,0.10901437073595587,0.0,0.7154655082092775,8.247347276815127,-0.21223213024418594,1.0,1.0
102.5,-0.02268669195473194,0.7079961895942688,0.0,0.25770308123249297,0.397674221203633,0.9734396558720882,79.0,0.07199883872840761,0.10901437073595587,0.0,0.7186605881301246,8.276136853878603,-0.21167839934825775,1.0,1.0
102.75,-0.03636359050869942,0.7098515629768372,1.0,0.25770308123249297,0.397674221203633,0.9734396558720882,80.0,0.07199883872840761,0.10901437073595587,0.0,0.7187544678339313,8.290428995074194,-0.2114125933843932,1.0,1.0
103.0,0.0017484852578490973,0.7082447409629822,1.0,0.25770308123249297,0.397674221203633,0.9734396558720882,80.0,0.07199883872840761,0.10901437073595587,0.0,0.7150726641611024,8.318675619348728,-0.2109028170684931,1.0,1.0
103.25,0.004944624844938517,0.7158754467964172,1.0,0.25770308123249297,0.397674221203633,0.9734396558720882,80.0,0.07199883872840761,0.10901437073595587,0.0,0.7133123902186216,8.347073113546166,-0.2104186216302909,1.0,1.0
103.5,-0.020221533253788948,0.7106532454490662,1.0,0.25770308123249297,0.397674221203633,0.9734396558720882,80.0,0.07199883872840761,0.10901437073595587,0.0,0.712007678788377,8.375476907999285,-0.20994255424134337,1.0,1.0
103.75,0.06881585717201233,0.7037983536720276,1.0,0.25770308123249297,0.397674221203633,0.9734396558720882,81.0,0.07199883872840761,0.10901437073595587,0.0,0.71175892526454,8.404043174382638,-0.20946964273346363,1.0,1.0
104.0,0.09796040505170822,0.6960492730140686,1.0,0.25770308123249297,0.397674221203633,0.9734396558720882,81.0,0.07199883872840761,0.10901437073595587,0.0,0.7091283789548879,8.432221532470074,-0.2089909256529339,1.0,1.0
104.25,0.08142948895692825,0.7150590419769287,1.0,0.2435499673416068,0.3784291312867407,0.97238680121563,81.0,0.04949920162578023,0.07591813035273624,0.0,0.707611560857148,8.460189981878948,-0.2084324876181591,1.0,1.0
104.5,0.09351718425750732,0.6953290104866028,1.0,0.2435499673416068,0.3784291312867407,0.97238680121563,81.0,0.04949920162578023,0.07591813035273624,0.0,0.7084649479785456,8.47438785859129,-0.20810705364669468,1.0,1.0
104.75,0.09699983149766922,0.6686958074569702,1.0,0.2435499673416068,0.3784291312867407,0.97238680121563,82.0,0.04949920162578023,0.07591813035273624,0.0,0.7067844195343473,8.502392535708088,-0.20738427152960143,1.0,1.0
105.0,0.0888582319021225,0.6542565822601318,1.0,0.2435499673416068,0.3784291312867407,0.97238680121563,82.0,0.04949920162578023,0.07591813035273624,0.0,0.6994237160506177,8.529522266257905,-0.20658159218845548,1.0,1.0
105.25,0.07251392304897308,0.6438730955123901,1.0,0.2435499673416068,0.3784291312867407,0.97238680121563,82.0,0.04949920162578023,0.07591813035273624,0.0,0.6896106635473869,8.555900308769548,-0.2057050114198813,1.0,1.0
105.5,0.06615126878023148,0.6393009424209595,1.0,0.2435499673416068,0.3784291312867407,0.97238680121563,82.0,0.04949920162578023,0.07591813035273624,0.0,0.681909328643552,8.581999689398156,-0.2047583985568855,1.0,1.0
105.75,0.06694741547107697,0.6247038245201111,1.0,0.2435499673416068,0.3784291312867407,0.97238680121563,83.0,0.04949920162578023,0.07591813035273624,0.0,0.670104458911942,8.607552025782663,-0.20376176014490965,1.0,1.0
106.0,0.06452987343072891,0.6163929104804993,1.0,0.2435499673416068,0.3784291312867407,0.97238680121563,83.0,0.04949920162578023,0.07591813035273624,0.0,0.656127329930366,8.632458380519626,-0.20272207227258054,1.0,1.0
106.25,0.05499931424856186,0.5978516936302185,1.0,0.2435499673416068,0.3784291312867407,0.97238680121563,83.0,0.04949920162578023,0.07591813035273624,0.0,0.6478741449237213,8.644653197476421,-0.2021883871060633,1.0,1.0
106.5,0.04605387896299362,0.5834559202194214,1.0,0.2435499673416068,0.3784291312867407,0.97238680121563,83.0,0.04949920162578023,0.07591813035273624,0.0,0.6366332870012277,8.668749720979932,-0.20109225894220792,1.0,1.0
106.75,0.06010705977678299,0.5552049279212952,1.0,0.2435499673416068,0.3784291312867407,0.97238680121563,84.0,0.04949920162578023,0.07591813035273624,0.0,0.6219229884500597,8.692040788734804,-0.19998659568026242,1.0,1.0
107.0,0.07719378918409348,0.540069580078125,1.0,0.2435499673416068,0.3784291312867407,0.97238680121563,84.0,0.04949920162578023,0.07591813035273624,0.0,0.6055093128978124,8.714391068726222,-0.19888411203241924,1.0,1.0
107.25,0.09842199832201004,0.5177721381187439,1.0,0.2435499673416068,0.3784291312867407,0.97238680121563,84.0,0.04949920162578023,0.07591813035273624,0.0,0.5871863538447604,8.735879895241192,-0.19776391991321612,1.0,1.0
107.5,0.10374675691127777,0.500048816204071,1.0,0.2435499673416068,0.3784291312867407,0.97238680121563,84.0,0.04949920162578023,0.07591813035273624,0.0,0.5677223793737777,8.75643557326586,-0.19661591290613434,1.0,1.0
107.75,0.03805011510848999,0.49216848611831665,1.0,0.2435499673416068,0.3784291312867407,0.97238680121563,85.0,0.030338220351284657,0.049063724778632606,0.0,0.5574380589848497,8.766420772000112,-0.19602759586155674,1.0,1.0
108.0,-0.059399303048849106,0.478579580783844,1.0,0.2435499673416068,0.3784291312867407,0.97238680121563,85.0,0.030338220351284657,0.049063724778632606,0.0,0.5395870696362923,8.786140861667983,-0.19480994363558446,1.0,1.0
108.25,-0.09757184237241745,0.4628835916519165,1.0,0.2435499673416068,0.3784291312867407,0.97238680121563,85.0,0.030338220351284657,0.049063724778632606,0.0,0.5207531528290146,8.805314551181093,-0.1936107139996102,1.0,1.0
108.5,-0.10283810645341873,0.4606868028640747,1.0,0.2435499673416068,0.3784291312867407,0.97238680121563,85.0,0.030338220351284657,0.049063724778632606,0.0,0.5033434238937603,8.823936518045565,-0.1925034605266319,1.0,1.0
108.75,-0.08713622391223907,0.46998855471611023,1.0,0.2435499673416068,0.3784291312867407,0.97238680121563,86.0,0.030338220351284657,0.049063724778632606,0.0,0.4892501535331738,8.842187723433126,-0.1914985599713316,1.0,1.0
109.0,0.0737961083650589,0.46061548590660095,1.0,0.2435499673416068,0.3784291312867407,0.97238680121563,86.0,0.030338220351284657,0.049063724778632606,0.0,0.4811270365895071,8.860662703739631,-0.19055393170210752,1.0,1.0
109.25,0.08506906777620316,0.4634215533733368,1.0,0.2435499673416068,0.3784291312867407,0.97238680121563,86.0,0.030338220351284657,0.049063724778632606,0.0,0.47392629645220513,8.879182235703453,-0.1896174217983479,1.0,1.0
109.5,0.09042690694332123,0.4587633013725281,1.0,0.2435499673416068,0.3784291312867407,0.97238680121563,86.0,0.030338220351284657,0.049063724778632606,0.0,0.4693685132283293,8.897749143033144,-0.1886183655028221,1.0,1.0
109.75,0.08478397130966187,0.46393972635269165,1.0,0.2435499673416068,0.3784291312867407,0.97238680121563,87.0,0.030338220351284657,0.049063724778632606,0.0,0.46410675647836863,8.91594444566801,-0.1875667682209409,1.0,1.0
110.0,0.07714414596557617,0.46000057458877563,1.0,0.2435499673416068,0.3784291312867407,0.97238680121563,87.0,0.030338220351284657,0.049063724778632606,0.0,0.4633525022999271,8.934179045220318,-0.1864469605414159,1.0,1.0
110.25,0.08278951048851013,0.4663926661014557,1.0,0.2435499673416068,0.3784291312867407,0.97238680121563,87.0,0.030338220351284657,0.049063724778632606,0.0,0.46199811957807835,8.952494367413294,-0.1852655562619506,1.0,1.0
110.5,0.07709057629108429,0.4520074725151062,1.0,0.2435499673416068,0.3784291312867407,0.97238680121563,87.0,0.030338220351284657,0.049063724778632606,0.0,0.4605511239571905,8.970893477129426,-0.18402432998581575,1.0,1.0
110.75,0.07262009382247925,0.45565709471702576,1.0,0.2435499673416068,0.3784291312867407,0.97238680121563,88.0,0.030338220351284657,0.049063724778632606,0.0,0.4571669052134887,8.988976204378346,-0.18274789842332376,1.0,1.0
111.0,-0.07413064688444138,0.4547870457172394,1.0,0.2435499673416068,0.3784291312867407,0.97238680121563,88.0,0.009580490637247786,0.016257802293511394,0.0,0.45673701508326486,8.998025958358465,-0.18208904299622028,1.0,1.0
111.25,-0.11335566639900208,0.45771077275276184,1.0,0.23616616457903916,0.36713175836372286,0.971561651741832,88.0,0.009580490637247786,0.016257802293511394,0.0,0.45681720563427824,9.016165893257758,-0.18074743594374695,1.0,1.0
111.5,-0.10417427867650986,0.46952253580093384,1.0,0.23616616457903916,0.36713175836372286,0.971561651741832,88.0,0.009580490637247786,0.016257802293511394,0.0,0.4571531452496222,9.034478641928574,-0.17943517682921123,1.0,1.0
111.75,-0.10131178796291351,0.46184033155441284,1.0,0.23616616457903916,0.36713175836372286,0.971561651741832,88.0,0.009580490637247786,0.016257802293511394,0.0,0.4588312769343605,9.053093121828343,-0.1781910815585384,1.0,1.0
112.0,-0.09098509699106216,0.46423691511154175,1.0,0.23616616457903916,0.36713175836372286,0.971561651741832,89.0,0.009580490637247786,0.016257802293511394,0.0,0.46023916638562207,9.07191557131632,-0.17701707369577238,1.0,1.0
112.25,-0.08642284572124481,0.4603901505470276,1.0,0.23616616457903916,0.36713175836372286,0.971561651741832,89.0,0.009580490637247786,0.016257802293511394,0.0,0.46074017945834744,9.08099684071554,-0.17647827369288027,1.0,1.0
112.5,-0.06582696735858917,0.46097439527511597,1.0,0.23616616457903916,0.36713175836372286,0.971561651741832,89.0,0.009580490637247786,0.016257802293511394,0.0,0.4620703957747808,9.099401381983776,-0.1754354833900585,1.0,1.0
112.75,-0.05102042481303215,0.4596411883831024,1.0,0.23616616457903916,0.36713175836372286,0.971561651741832,89.0,0.009580490637247786,0.016257802293511394,0.0,0.46320734185095674,9.117805001825463,-0.17444835868011904,1.0,1.0
113.0,-0.07128537446260452,0.4577808976173401,1.0,0.23616616457903916,0.36713175836372286,0.971561651741832,90.0,0.009580490637247786,0.016257802293511394,0.0,0.46290073911849905,9.13618916707743,-0.1735077319046666,1.0,1.0
113.25,-0.051722969859838486,0.4600526988506317,1.0,0.23616616457903916,0.36713175836372286,0.971561651741832,90.0,0.009580490637247786,0.016257802293511394,0.0,0.4610567221144677,9.154431171639686,-0.17261833045353203,1.0,1.0
113.5,-0.057633329182863235,0.4490593373775482,1.0,0.23616616457903916,0.36713175836372286,0.971561651741832,90.0,0.009580490637247786,0.016257802293511394,0.0,0.4610567221144677,9.154431171639686,-0.17261833045353203,1.0,1.0
113.75,-0.06263483315706253,0.4509963095188141,1.0,0.23616616457903916,0.36713175836372286,0.971561651741832,90.0,0.009580490637247786,0.016257802293511394,0.0,0.4610567221144677,9.154431171639686,-0.17261833045353203,1.0,1.0
114.0,-0.08670803159475327,0.43575772643089294,1.0,0.23616616457903916,0.36713175836372286,0.971561651741832,91.0,0.009580490637247786,0.016257802293511394,0.0,0.4610567221144677,9.154431171639686,-0.17261833045353203,1.0,1.0
114.25,-0.07023700326681137,0.42838770151138306,1.0,0.23616616457903916,0.36713175836372286,0.971561651741832,91.0,0.009580490637247786,0.016257802293511394,0.0,0.4610567221144677,9.154431171639686,-0.17261833045353203,1.0,1.0
114.5,-0.04597313702106476,0.4362800717353821,1.0,0.23616616457903916,0.36713175836372286,0.971561651741832,91.0,0.009580490637247786,0.016257802293511394,0.0,0.4610567221144677,9.154431171639686,-0.17261833045353203,1.0,1.0
114.75,-0.058978430926799774,0.4416666626930237,1.0,0.23616616457903916,0.36713175836372286,0.971561651741832,91.0,0.009580490637247786,0.016257802293511394,0.0,0.4610567221144677,9.154431171639686,-0.17261833045353203,1.0,1.0
115.0,0.06362729519605637,0.43917202949523926,1.0,0.23616616457903916,0.36713175836372286,0.971561651741832,92.0,0.009580490637247786,0.016257802293511394,0.0,0.4610567221144677,9.154431171639686,-0.17261833045353203,1.0,1.0
115.25,0.16969160735607147,0.44855913519859314,1.0,0.23616616457903916,0.36713175836372286,0.971561651741832,92.0,0.009580490637247786,0.016257802293511394,0.0,0.4610567221144677,9.154431171639686,-0.17261833045353203,1.0,1.0
115.5,0.1841437965631485,0.44324246048927307,1.0,0.23616616457903916,0.36713175836372286,0.971561651741832,92.0,0.009580490637247786,0.016257802293511394,0.0,0.4610567221144677,9.154431171639686,-0.17261833045353203,1.0,1.0
115.75,0.20822182297706604,0.4356454014778137,1.0,0.23616616457903916,0.36713175836372286,0.971561651741832,92.0,0.009580490637247786,0.016257802293511394,0.0,0.4610567221144677,9.154431171639686,-0.17261833045353203,1.0,1.0
116.0,0.19179609417915344,0.4415285885334015,1.0,0.23616616457903916,0.36713175836372286,0.971561651741832,93.0,0.009580490637247786,0.016257802293511394,0.0,0.4610567221144677,9.154431171639686,-0.17261833045353203,1.0,1.0
116.25,0.1931629776954651,0.4395027756690979,1.0,0.23616616457903916,0.36713175836372286,0.971561651741832,93.0,0.009580490637247786,0.016257802293511394,0.0,0.4610567221144677,9.154431171639686,-0.17261833045353203,1.0,1.0
116.5,0.1872478723526001,0.4462031126022339,1.0,0.23616616457903916,0.36713175836372286,0.971561651741832,93.0,0.009580490637247786,0.016257802293511394,0.0,0.4610567221144677,9.154431171639686,-0.17261833045353203,1.0,1.0
116.75,0.18679997324943542,0.4459546208381653,1.0,0.23616616457903916,0.36713175836372286,0.971561651741832,93.0,0.009580490637247786,0.016257802293511394,0.0,0.4610567221144677,9.154431171639686,-0.17261833045353203,1.0,1.0
117.0,0.18734335899353027,0.43843212723731995,1.0,0.23616616457903916,0.36713175836372286,0.971561651741832,94.0,0.009580490637247786,0.016257802293511394,0.0,0.4610567221144677,9.154431171639686,-0.17261833045353203,1.0,1.0
117.25,0.2024088352918625,0.43087342381477356,1.0,0.23616616457903916,0.36713175836372286,0.971561651741832,94.0,0.009580490637247786,0.016257802293511394,0.0,0.4610567221144677,9.154431171639686,-0.17261833045353203,1.0,1.0
117.5,0.19754162430763245,0.44940489530563354,1.0,0.23616616457903916,0.36713175836372286,0.971561651741832,94.0,0.009580490637247786,0.016257802293511394,0.0,0.4610567221144677,9.154431171639686,-0.17261833045353203,1.0,1.0
117.75,0.20044003427028656,0.4405812621116638,1.0,0.23616616457903916,0.36713175836372286,0.971561651741832,94.0,0.009580490637247786,0.016257802293511394,0.0,0.4610567221144677,9.154431171639686,-0.17261833045353203,1.0,1.0
118.0,0.1982206404209137,0.43972575664520264,1.0,0.23616616457903916,0.36713175836372286,0.971561651741832,95.0,0.009580490637247786,0.016257802293511394,0.0,0.4610567221144677,9.154431171639686,-0.17261833045353203,1.0,1.0
118.25,0.1940530240535736,0.44725486636161804,1.0,0.23616616457903916,0.36713175836372286,0.971561651741832,95.0,0.009580490637247786,0.016257802293511394,0.0,0.4610567221144677,9.154431171639686,-0.17261833045353203,1.0,1.0
118.5,0.20582610368728638,0.43712565302848816,1.0,0.23616616457903916,0.36713175836372286,0.971561651741832,95.0,0.009580490637247786,0.016257802293511394,0.0,0.4610567221144677,9.154431171639686,-0.17261833045353203,1.0,1.0
118.75,0.0,0.0,1.0,0.23616616457903916,0.36713175836372286,0.971561651741832,95.0,0.009580490637247786,0.016257802293511394,0.0,0.4610567221144677,9.154431171639686,-0.17261833045353203,1.0,1.0
