t_s,cmd_angular_z,cmd_linear_x,fault_active,global_costmap_lethal_ratio,global_costmap_occupied_ratio,global_costmap_unknown_ratio,global_plan_update_count,local_costmap_lethal_ratio,local_costmap_occupied_ratio,local_costmap_unknown_ratio,odom_speed,odom_x,odom_y,scan_range_max_ratio,scan_span_ratio
0.0,nan,nan,nan,nan,nan,nan,nan,nan,nan,nan,nan,nan,nan,1.0,1.0
0.25,nan,nan,0.0,nan,nan,nan,nan,nan,nan,nan,nan,nan,nan,1.0,1.0
0.5,nan,nan,0.0,nan,nan,nan,nan,nan,nan,nan,nan,nan,nan,1.0,1.0
0.75,nan,nan,0.0,nan,nan,nan,nan,nan,nan,nan,nan,nan,nan,1.0,1.0
1.0,nan,nan,0.0,nan,nan,nan,nan,nan,nan,nan,nan,nan,nan,1.0,1.0
1.25,nan,nan,0.0,nan,nan,nan,nan,nan,nan,nan,nan,nan,nan,1.0,1.0
1.5,nan,nan,0.0,nan,nan,nan,nan,nan,nan,nan,0.0007858283945694798,7.8583232405993e-06,0.0,1.0,1.0
1.75,nan,nan,0.0,nan,nan,nan,nan,nan,nan,nan,2.8021951627432503e-06,3.147598974089107e-05,-5.395627455141424e-36,1.0,1.0
2.0,nan,nan,0.0,nan,nan,nan,nan,nan,nan,nan,4.044918996164326e-06,3.154446088208785e-05,-5.4025889360170774e-36,1.0,1.0
2.25,nan,nan,0.0,nan,nan,nan,nan,nan,nan,nan,0.001561809728065045,-1.5172440297174345e-05,-1.0941178054435107e-35,1.0,1.0
2.5,nan,nan,0.0,nan,nan,nan,nan,nan,nan,nan,0.002345309624849571,-8.54624066833177e-05,-3.355359579778083e-35,1.0,1.0
2.75,nan,nan,0.0,nan,nan,nan,nan,nan,nan,nan,0.003129236262098068,-0.0002496902063211719,4.0049003260617385e-36,1.0,1.0
3.0,nan,nan,0.0,nan,nan,nan,nan,nan,nan,nan,0.0004434724012208124,1.0564570417842486e-06,9.162152438164636e-37,1.0,1.0
3.25,nan,nan,0.0,nan,nan,nan,nan,nan,nan,nan,0.0002847049287105806,-6.389137725987408e-07,-1.0213721784402556e-31,1.0,1.0
3.5,nan,nan,0.0,nan,nan,nan,nan,nan,nan,nan,0.00016016169818436064,-1.6576323016095696e-06,-4.962322336150391e-34,1.0,1.0
3.75,nan,nan,0.0,nan,nan,nan,nan,nan,nan,nan,0.0005102146250117538,-3.725112149671124e-06,9.632602820999576e-32,1.0,1.0
4.0,nan,nan,0.0,nan,nan,nan,nan,nan,nan,nan,0.0005195449291404705,-4.060627559572145e-06,-3.0156955621439297e-31,1.0,1.0
4.25,nan,nan,0.0,nan,nan,nan,nan,nan,nan,nan,0.00026098566811448044,-4.342268747248036e-06,-3.3704847753895583e-31,1.0,1.0
4.5,nan,nan,0.0,nan,nan,nan,nan,nan,nan,nan,0.00026188286526889745,-1.89981177211807e-06,1.0106596680193214e-31,1.0,1.0
4.75,nan,nan,0.0,nan,nan,nan,nan,nan,nan,nan,0.0003265323884754774,-2.011361430151064e-07,4.0195060102505884e-32,1.0,1.0
5.0,nan,nan,0.0,nan,nan,nan,nan,nan,nan,nan,0.000473589104912327,-2.690903829898543e-06,1.2352194266438166e-31,1.0,1.0
5.25,nan,nan,0.0,nan,nan,nan,nan,nan,nan,nan,0.0005105076939119866,-3.739615474757417e-06,1.5679045630931246e-32,1.0,1.0
5.5,nan,nan,0.0,nan,nan,nan,nan,nan,nan,nan,0.0002597086020268821,-4.295867960869578e-06,1.331370648592973e-31,1.0,1.0
5.75,nan,nan,0.0,nan,nan,nan,nan,nan,nan,nan,0.0002604799105393478,-4.3405284218849155e-06,-1.5514999643616004e-31,1.0,1.0
6.0,nan,nan,0.0,nan,nan,nan,nan,nan,nan,nan,0.0005221577938723086,-4.180718254200823e-06,1.105175183049774e-31,1.0,1.0
6.25,nan,nan,0.0,nan,nan,nan,nan,nan,nan,nan,0.00026040698359525627,-4.350923112444169e-06,-6.648436011485318e-32,1.0,1.0
6.5,nan,nan,0.0,nan,nan,nan,nan,nan,nan,nan,0.0002650887911639151,-4.363985443734127e-06,-9.285134962873089e-33,0.2,0.07777777777777778
6.75,nan,nan,0.0,nan,nan,nan,nan,nan,nan,nan,0.0006699438863441824,5.608643136385396e-06,4.94170057873912e-31,0.2,0.07777777777777778
7.0,nan,nan,0.0,nan,nan,nan,nan,nan,nan,nan,1.344720267501651e-05,9.736143106097173e-07,4.133627073858654e-32,0.2,0.07777777777777778
7.25,nan,nan,0.0,nan,nan,nan,nan,nan,nan,nan,0.00010523390199673162,-1.4377638921891013e-06,8.719669299476147e-32,0.2,0.07777777777777778
7.5,nan,nan,0.0,nan,nan,nan,nan,nan,nan,nan,0.0003104780471517293,-2.239070970087844e-06,-1.7288055554289786e-32,0.2,0.07777777777777778
7.75,nan,nan,0.0,nan,nan,nan,nan,nan,nan,nan,0.0001337948623364526,-2.4819566053377236e-06,9.99194243391218e-32,0.2,0.07777777777777778
8.0,nan,nan,0.0,nan,nan,nan,nan,nan,nan,nan,0.0001337485372949778,-2.4923768080143473e-06,7.8877879632609e-32,0.2,0.07777777777777778
8.25,nan,nan,0.0,nan,nan,nan,nan,nan,nan,nan,0.00031271674568665006,-2.3743263395514754e-06,4.195689889856875e-32,0.2,0.07777777777777778
8.5,nan,nan,0.0,nan,nan,nan,nan,nan,nan,nan,0.00013307978836731322,-2.4878337057681758e-06,-6.192540016803024e-33,0.2,0.07777777777777778
8.75,nan,nan,0.0,nan,nan,nan,nan,nan,nan,nan,0.00031218960232102085,-2.3680492683983033e-06,9.005372210834739e-33,0.2,0.07777777777777778
9.0,nan,nan,0.0,nan,nan,nan,nan,nan,nan,nan,0.00031207324275408724,-2.366587170150862e-06,-2.561386463971707e-31,0.2,0.07777777777777778
9.25,nan,nan,0.0,nan,nan,nan,nan,nan,nan,nan,0.00013257835272801355,-2.4818119069791314e-06,-1.8585591322534667e-31,0.2,0.07777777777777778
9.5,nan,nan,0.0,nan,nan,nan,nan,nan,nan,nan,0.00031175775613013427,-2.363121894150076e-06,-2.8883019378360433e-31,0.2,0.07777777777777778
9.75,nan,nan,0.0,nan,nan,nan,nan,nan,nan,nan,0.0003116258808558973,-2.361811569787427e-06,-4.211692034832494e-32,0.2,0.07777777777777778
10.0,nan,nan,0.0,nan,nan,nan,nan,nan,nan,nan,0.0003116258808558973,-2.361811569787427e-06,-4.211692034832494e-32,0.2,0.07777777777777778
10.25,nan,nan,0.0,nan,nan,nan,nan,nan,nan,nan,0.000716418369610211,-2.9666162301586792e-05,-3.408610472418218e-30,0.2,0.07777777777777778
10.5,nan,nan,0.0,nan,nan,nan,nan,nan,nan,nan,0.0012069690548500444,-4.89000365459203e-05,-3.408594464959184e-30,0.2,0.07777777777777778
10.75,nan,nan,0.0,nan,nan,nan,nan,nan,nan,nan,0.00024161231762412008,-4.101529661139557e-06,-4.982347282617244e-31,0.2,0.07777777777777778
11.0,nan,nan,0.0,nan,nan,nan,nan,nan,nan,nan,0.00014028171966983078,-2.639495229934935e-06,2.9702188318890223e-33,0.2,0.07777777777777778
11.25,nan,nan,0.0,nan,nan,nan,nan,nan,nan,nan,0.00013228844614278896,-2.5006322857375416e-06,-1.7570392452426942e-31,0.2,0.07777777777777778
11.5,nan,nan,0.0,nan,nan,nan,nan,nan,nan,nan,0.0003106847771925476,-2.3638214090140135e-06,-6.708485805950237e-32,0.2,0.07777777777777778
11.75,nan,nan,0.0,nan,nan,nan,nan,nan,nan,nan,0.00013091852741052497,-2.471102187717154e-06,-2.5607484088001744e-32,0.2,0.07777777777777778
12.0,nan,nan,0.0,nan,nan,nan,nan,nan,nan,nan,0.00013091852741052497,-2.471102187717154e-06,-2.5607484088001744e-32,0.2,0.07777777777777778
12.25,nan,nan,0.0,nan,nan,nan,nan,nan,nan,nan,0.0003098579613249703,-2.347755255226522e-06,5.203385462468117e-32,0.2,0.07777777777777778
12.5,nan,nan,0.0,nan,nan,nan,nan,nan,nan,nan,4.048794218985903e-05,-1.5553692296604685e-06,-7.317236954473077e-28,0.2,0.07777777777777778
12.75,nan,nan,0.0,nan,nan,nan,nan,nan,nan,nan,4.400574350426766e-06,-7.358496199435831e-07,-9.333332403127475e-28,0.2,0.07777777777777778
13.0,nan,nan,0.0,nan,nan,nan,nan,0.0,0.0,0.0,0.00022670023988204807,-1.7739471096498887e-06,-2.5303972751300624e-27,0.2,0.07777777777777778
13.25,nan,nan,0.0,nan,nan,nan,nan,0.0,0.0,0.0,0.00011808769733666211,-2.1539978160168273e-06,-1.4044219251373714e-28,0.2,0.07777777777777778
13.5,nan,nan,0.0,nan,nan,nan,nan,0.0,0.0,0.0,0.00012494583834982907,-2.34125002763822e-06,-2.0410618890947757e-29,0.2,0.07777777777777778
13.75,nan,nan,0.0,nan,nan,nan,nan,0.0,0.0,0.0,0.00030504719423614997,-2.286432408122866e-06,-1.3349247901441925e-30,0.2,0.07777777777777778
14.0,nan,nan,0.0,nan,nan,nan,nan,0.0,0.0,0.0,0.00030436769624282944,-2.285943731462624e-06,-2.356944918043189e-31,0.2,0.07777777777777778
14.25,nan,nan,0.0,0.15902527075812276,0.20703971119133574,0.9875100325550776,nan,0.0,0.0,0.0,0.0001239109160655084,-2.3912385673235047e-06,7.872446509388922e-32,0.2,0.07777777777777778
14.5,nan,nan,0.0,0.15902527075812276,0.20703971119133574,0.9875100325550776,nan,0.0,0.0,0.0,0.0001231732383601623,-2.382910036631693e-06,4.0925003809023607e-32,0.2,0.07777777777777778
14.75,nan,nan,0.0,0.15902527075812276,0.20703971119133574,0.9875100325550776,nan,0.0,0.0,0.0,0.0003021263927307333,-2.2621463112985777e-06,-4.5115318776636105e-32,0.2,0.07777777777777778
15.0,nan,nan,0.0,0.15902527075812276,0.20703971119133574,0.9875100325550776,nan,0.0,0.0,0.0,0.0003015715651543462,-2.255301776681623e-06,2.8495811065889138e-31,0.2,0.07777777777777778
15.25,nan,nan,0.0,0.15902527075812276,0.20703971119133574,0.9875100325550776,nan,0.0,0.0,0.0,0.0003011192360004942,-2.2496255931627388e-06,1.0111653819429812e-31,0.2,0.07777777777777778
15.5,nan,nan,0.0,0.15902527075812276,0.20703971119133574,0.9875100325550776,nan,0.0,0.0,0.0,0.00012127377077079305,-2.360004719480977e-06,8.085744638699791e-32,0.2,0.07777777777777778
15.75,nan,nan,0.0,0.15902527075812276,0.20703971119133574,0.9875100325550776,nan,0.11191754971694005,0.17549716940049354,0.0,0.00012100176585459415,-2.3566619727530965e-06,1.8886803040776597e-32,0.2,0.07777777777777778
16.0,nan,nan,0.0,0.15902527075812276,0.20703971119133574,0.9875100325550776,nan,0.11191754971694005,0.17549716940049354,0.0,0.00030002608707425276,-2.2358222474102292e-06,6.292238641712836e-32,0.2,0.07777777777777778
16.25,nan,nan,0.0,0.15902527075812276,0.20703971119133574,0.9875100325550776,nan,0.11191754971694005,0.17549716940049354,0.0,0.00012045157914282067,-2.3499430027875806e-06,-4.723997199630726e-32,0.2,0.07777777777777778
16.5,nan,nan,0.0,0.15902527075812276,0.20703971119133574,0.9875100325550776,nan,0.11191754971694005,0.17549716940049354,0.0,0.00012032791524207046,-2.3484483393696998e-06,2.6340554368998084e-31,0.2,0.07777777777777778
16.75,nan,nan,0.0,0.15902527075812276,0.20703971119133574,0.9875100325550776,nan,0.11191754971694005,0.17549716940049354,0.0,0.0002995299913281647,-2.2296685503231368e-06,6.300653285816253e-32,0.2,0.07777777777777778
17.0,nan,nan,0.0,0.15902527075812276,0.20703971119133574,0.9875100325550776,nan,0.11191754971694005,0.17549716940049354,0.0,0.0002994510194642834,-2.2287034840529034e-06,3.3165812544517403e-32,0.2,0.07777777777777778
17.25,nan,nan,0.0,0.15902527075812276,0.20703971119133574,0.9875100325550776,nan,0.11191754971694005,0.17549716940049354,0.0,0.000299383821099293,-2.2278847105007863e-06,9.140742044050094e-32,0.2,0.07777777777777778
17.5,nan,nan,0.0,0.15902527075812276,0.20703971119133574,0.9875100325550776,nan,0.11191754971694005,0.17549716940049354,0.0,0.00011994442100538205,-2.343864973938625e-06,4.791656747693695e-32,0.2,0.07777777777777778
17.75,nan,nan,0.0,0.15902527075812276,0.20703971119133574,0.9875100325550776,nan,0.11191754971694005,0.17549716940049354,0.0,0.0002992332504590824,-2.2260670219410094e-06,1.3597797999406112e-31,0.2,0.07777777777777778
18.0,nan,nan,0.0,0.15902527075812276,0.20703971119133574,0.9875100325550776,nan,0.11191754971694005,0.17549716940049354,0.0,0.0002991958362881444,-2.22561811539547e-06,1.21617585991376e-31,0.2,0.07777777777777778
18.25,nan,nan,0.0,0.15902527075812276,0.20703971119133574,0.9875100325550776,nan,0.11191754971694005,0.17549716940049354,0.0,0.00011979004232422132,-2.342044136471704e-06,6.446830331395937e-32,0.2,0.07777777777777778
18.5,nan,nan,0.0,0.15902527075812276,0.20703971119133574,0.9875100325550776,nan,0.11191754971694005,0.17549716940049354,0.0,0.0001197629836425541,-2.341726205067859e-06,9.806913039201857e-32,0.2,0.07777777777777778
18.75,nan,nan,0.0,0.15902527075812276,0.20703971119133574,0.9875100325550776,nan,0.11191754971694005,0.17549716940049354,0.0,0.0002990879128095479,-2.2243291371214156e-06,-2.1041261413375471e-32,0.2,0.07777777777777778
19.0,nan,nan,0.0,0.15902527075812276,0.20703971119133574,0.9875100325550776,nan,0.11191754971694005,0.17549716940049354,0.0,0.0002990686687037744,-2.2240998509118235e-06,-5.730600703735527e-32,0.2,0.07777777777777778
19.25,nan,nan,0.0,0.15902527075812276,0.20703971119133574,0.9875100325550776,nan,0.11191754971694005,0.17549716940049354,0.0,0.00011968373293818208,-2.3408002751273763e-06,2.159320588916842e-31,0.2,0.07777777777777778
19.5,nan,nan,0.0,0.15902527075812276,0.20703971119133574,0.9875100325550776,nan,0.11191754971694005,0.17549716940049354,0.0,0.00011966930917804105,-2.3406323499415034e-06,-7.396123762988594e-32,0.2,0.07777777777777778
19.75,nan,nan,0.0,0.15902527075812276,0.20703971119133574,0.9875100325550776,nan,0.11191754971694005,0.17549716940049354,0.0,0.00011965653303485766,-2.3404836827836886e-06,1.0909918095845427e-31,0.2,0.07777777777777778
20.0,nan,nan,0.0,0.15902527075812276,0.20703971119133574,0.9875100325550776,nan,0.11191754971694005,0.17549716940049354,0.0,0.00011964536676494495,-2.3403534450238864e-06,5.930636450588034e-32,0.2,0.07777777777777778
20.25,nan,nan,0.0,0.15902527075812276,0.20703971119133574,0.9875100325550776,nan,0.11191754971694005,0.17549716940049354,0.0,0.00011963537753823151,-2.340237958723376e-06,5.098862377306905e-32,0.2,0.07777777777777778
20.5,nan,nan,0.0,0.15902527075812276,0.20703971119133574,0.9875100325550776,nan,0.11191754971694005,0.17549716940049354,0.0,0.00011962649958644464,-2.340134521730853e-06,1.7434152342307528e-31,0.2,0.07777777777777778
20.75,nan,nan,0.0,0.15902527075812276,0.20703971119133574,0.9875100325550776,nan,0.11191754971694005,0.17549716940049354,0.0,0.00029898350764528405,-2.223091819139126e-06,-1.9190783718062836e-31,0.2,0.07777777777777778
21.0,nan,nan,0.0,0.15902527075812276,0.20703971119133574,0.9875100325550776,nan,0.11191754971694005,0.17549716940049354,0.0,0.0002989760051055844,-2.2230039812149842e-06,3.6715313397702916e-32,0.2,0.07777777777777778
21.25,nan,nan,0.0,0.15902527075812276,0.20703971119133574,0.9875100325550776,nan,0.11191754971694005,0.17549716940049354,0.0,0.00011960515219771245,-2.339886332569896e-06,7.273797506141641e-32,0.2,0.07777777777777778
21.5,nan,nan,0.0,0.15902527075812276,0.20703971119133574,0.9875100325550776,nan,0.11191754971694005,0.17549716940049354,0.0,0.0002989639060119821,-2.2228582972468124e-06,2.6261997836511046e-31,0.2,0.07777777777777778
21.75,nan,nan,0.0,0.15902527075812276,0.20703971119133574,0.9875100325550776,nan,0.11191754971694005,0.17549716940049354,0.0,0.00029895892793533945,-2.2227985799229887e-06,1.4409305397907377e-31,0.2,0.07777777777777778
22.0,nan,nan,0.0,0.15902527075812276,0.20703971119133574,0.9875100325550776,nan,0.11191754971694005,0.17549716940049354,0.0,0.00011959040943009791,-2.339716329200552e-06,3.143635112020157e-32,0.2,0.07777777777777778
22.25,nan,nan,0.0,0.15902527075812276,0.20703971119133574,0.9875100325550776,nan,0.11191754971694005,0.17549716940049354,0.0,0.00011958640737082576,-2.3396697869611136e-06,2.8429570447037475e-32,0.2,0.07777777777777778
22.5,nan,nan,0.0,0.15902527075812276,0.20703971119133574,0.9875100325550776,nan,0.11191754971694005,0.17549716940049354,0.0,0.00029894296310285426,-2.2226124313185085e-06,7.025283108434848e-32,0.2,0.07777777777777778
22.75,nan,nan,0.0,0.15902527075812276,0.20703971119133574,0.9875100325550776,nan,0.11191754971694005,0.17549716940049354,0.0,0.00029894027895453984,-2.222578568548588e-06,1.3404483844942734e-31,0.2,0.07777777777777778
23.0,nan,nan,0.0,0.15902527075812276,0.20703971119133574,0.9875100325550776,nan,0.11191754971694005,0.17549716940049354,0.0,0.00029893785019109454,-2.222549328668926e-06,7.727269881954476e-34,0.2,0.07777777777777778
23.25,-0.00725580845028162,0.13895708322525024,0.0,0.15902527075812276,0.20703971119133574,0.9875100325550776,1.0,0.11191754971694005,0.17549716940049354,0.0,0.00011957223065917974,-2.339506041180378e-06,8.645509816907674e-32,0.2,0.07777777777777778
23.5,-0.045610733330249786,0.3040491044521332,0.0,0.15902527075812276,0.20703971119133574,0.9875100325550776,1.0,0.11191754971694005,0.17549716940049354,0.0,0.008847614892274142,0.001718100002258476,-3.6806101576230133e-07,0.18333333333333332,0.07777777777777778
23.75,-0.07143154740333557,0.43421491980552673,0.0,0.15902527075812276,0.20703971119133574,0.9875100325550776,1.0,0.11191754971694005,0.17549716940049354,0.0,0.0378158457169695,0.006602665971620994,-6.628007506865446e-06,0.18888888888888888,0.08333333333333333
24.0,-0.06704606115818024,0.5125114917755127,0.0,0.15902527075812276,0.20703971119133574,0.9875100325550776,1.0,0.11191754971694005,0.17549716940049354,0.0,0.07910473203150435,0.014842779447139692,-3.647366427319878e-05,0.2,0.07777777777777778
24.25,-0.06409767270088196,0.5948117971420288,0.0,0.15902527075812276,0.20703971119133574,0.9875100325550776,2.0,0.11191754971694005,0.17549716940049354,0.0,0.13347563260620993,0.02644211439532517,-0.00011017502183211943,0.2,0.07777777777777778
24.5,-0.05738721787929535,0.622291088104248,0.0,0.15902527075812276,0.20703971119133574,0.9875100325550776,2.0,0.11801422557700682,0.17999709682101903,0.0,0.20205164194653016,0.04141251684584909,-0.00024679693564764625,0.20555555555555555,0.07777777777777778
24.75,-0.058724407106637955,0.6592949032783508,0.0,0.15902527075812276,0.20703971119133574,0.9875100325550776,2.0,0.11801422557700682,0.17999709682101903,0.0,0.2788528661918436,0.05972289329073804,-0.00045979082943143826,0.17777777777777778,0.07222222222222222
25.0,-0.01653955690562725,0.7025913596153259,0.0,0.15902527075812276,0.20703971119133574,0.9875100325550776,2.0,0.11801422557700682,0.17999709682101903,0.0,0.3574145376175027,0.08128931984233155,-0.0007570181607122425,0.18888888888888888,0.07777777777777778
25.25,-0.015009019523859024,0.720647394657135,0.0,0.15902527075812276,0.20703971119133574,0.9875100325550776,3.0,0.11801422557700682,0.17999709682101903,0.0,0.4757428906963777,0.11966222231598639,-0.0013600299610375163,0.19444444444444445,0.07777777777777778
25.5,-0.014105385169386864,0.7225973606109619,0.0,0.15902527075812276,0.20703971119133574,0.9875100325550776,3.0,0.11801422557700682,0.17999709682101903,0.0,0.5151654727934226,0.1340540114094785,-0.001595998967055093,0.19444444444444445,0.07777777777777778
25.75,0.011862353421747684,0.7284367084503174,0.0,0.15902527075812276,0.20703971119133574,0.9875100325550776,3.0,0.11801422557700682,0.17999709682101903,0.0,0.6125014808963393,0.17845724571009833,-0.002349928449283219,0.2,0.08333333333333333
26.0,0.010501697659492493,0.7314454317092896,0.0,0.15902527075812276,0.20703971119133574,0.9875100325550776,3.0,0.11801422557700682,0.17999709682101903,0.0,0.6594984734426039,0.2082219770647543,-0.0028609988163459726,0.19444444444444445,0.08333333333333333
26.25,0.005619303323328495,0.7584173083305359,0.0,0.15674362089914945,0.20551987502169763,0.9870117865613361,4.0,0.11801422557700682,0.17999709682101903,0.0,0.6938189041061236,0.23798506742703154,-0.003364806472948227,0.2,0.08888888888888889
26.5,0.03493814915418625,0.7332080006599426,0.0,0.15674362089914945,0.20551987502169763,0.9870117865613361,4.0,0.11801422557700682,0.17999709682101903,0.0,0.719297377127637,0.2683170784686702,-0.003870366253590501,0.19444444444444445,0.08888888888888889
26.75,0.03719707205891609,0.7392250299453735,0.0,0.15674362089914945,0.20551987502169763,0.9870117865613361,4.0,0.11801422557700682,0.17999709682101903,0.0,0.7260543908455471,0.29799147931595477,-0.004341177766156275,0.2,0.08888888888888889
27.0,0.019238069653511047,0.7407665848731995,0.0,0.15674362089914945,0.20551987502169763,0.9870117865613361,4.0,0.11801422557700682,0.17999709682101903,0.0,0.7296131827720329,0.32751094782279216,-0.004766752223384376,0.20555555555555555,0.08888888888888889
27.25,0.03276621177792549,0.7118498682975769,0.0,0.15674362089914945,0.20551987502169763,0.9870117865613361,4.0,0.11801422557700682,0.17999709682101903,0.0,0.7320360915512277,0.35701595882363507,-0.005152077302243417,0.21666666666666667,0.09444444444444444
27.5,0.013143227435648441,0.7110974788665771,0.0,0.15674362089914945,0.20551987502169763,0.9870117865613361,5.0,0.1373203658005516,0.20351284656699087,0.0,0.7306824739480499,0.3859081829476792,-0.00549496289064874,0.2111111111111111,0.09444444444444444
27.75,0.02838875912129879,0.7198815941810608,0.0,0.15674362089914945,0.20551987502169763,0.9870117865613361,5.0,0.1373203658005516,0.20351284656699087,0.0,0.7225861762313925,0.41427146460624353,-0.005802308721418484,0.21666666666666667,0.09444444444444444
28.0,0.05093779414892197,0.7175378203392029,0.0,0.15674362089914945,0.20551987502169763,0.9870117865613361,5.0,0.1373203658005516,0.20351284656699087,0.0,0.7213291838747946,0.4428843913390199,-0.00608317178065114,0.20555555555555555,0.09444444444444444
28.25,0.05227607116103172,0.7285656929016113,0.0,0.15674362089914945,0.20551987502169763,0.9870117865613361,5.0,0.1373203658005516,0.20351284656699087,0.0,0.7189709048508756,0.48599334505705283,-0.006438329564925638,0.20555555555555555,0.1
28.5,-0.20961116254329681,0.7134469747543335,0.0,0.15674362089914945,0.20551987502169763,0.9870117865613361,6.0,0.1373203658005516,0.20351284656699087,0.0,0.7178904581660085,0.5150094564771244,-0.006609522744471016,0.21666666666666667,0.1
28.75,-0.23318485915660858,0.7159655690193176,0.0,0.15674362089914945,0.20551987502169763,0.9870117865613361,6.0,0.1373203658005516,0.20351284656699087,0.0,0.717756107360055,0.5435998956902552,-0.006760933763963338,0.20555555555555555,0.1
29.0,-0.24657875299453735,0.7253938913345337,0.0,0.15674362089914945,0.20551987502169763,0.9870117865613361,6.0,0.1373203658005516,0.20351284656699087,0.0,0.7181134149275067,0.5722905006799894,-0.007056060662992353,0.2111111111111111,0.10555555555555556
29.25,-0.2457895576953888,0.7344936728477478,0.0,0.15674362089914945,0.20551987502169763,0.9870117865613361,6.0,0.1373203658005516,0.20351284656699087,0.0,0.7202321653423632,0.6013013289876828,-0.0076312432661744265,0.2111111111111111,0.10555555555555556
29.5,-0.20712397992610931,0.7252911925315857,0.0,0.15674362089914945,0.20551987502169763,0.9870117865613361,7.0,0.1373203658005516,0.20351284656699087,0.0,0.7229366311755955,0.6305796815550229,-0.008513614703286973,0.21666666666666667,0.10555555555555556
29.75,-0.15477323532104492,0.7211205959320068,0.0,0.15674362089914945,0.20551987502169763,0.9870117865613361,7.0,0.1373203658005516,0.20351284656699087,0.0,0.7217826106321673,0.6595530810973742,-0.009653555122634893,0.21666666666666667,0.1111111111111111
30.0,-0.12872043251991272,0.7350910902023315,0.0,0.15674362089914945,0.20551987502169763,0.9870117865613361,7.0,0.1373203658005516,0.20351284656699087,0.0,0.7235317840442987,0.6883700651424159,-0.010991264541548603,0.20555555555555555,0.10555555555555556
30.25,-0.151910662651062,0.7154201865196228,0.0,0.15674362089914945,0.20551987502169763,0.9870117865613361,7.0,0.1373203658005516,0.20351284656699087,0.0,0.7271014951968611,0.7174935721322372,-0.012503439921890019,0.21666666666666667,0.1111111111111111
30.5,-0.1734023541212082,0.7298598885536194,0.0,0.15674362089914945,0.20551987502169763,0.9870117865613361,8.0,0.1373203658005516,0.20351284656699087,0.0,0.7260643147329368,0.7318818651815888,-0.013311026160151255,0.21666666666666667,0.1111111111111111
30.75,-0.1546873152256012,0.7216727137565613,0.0,0.15674362089914945,0.20551987502169763,0.9870117865613361,8.0,0.16577151981419655,0.2470605312817535,0.0,0.7238639884689633,0.7750201708965182,-0.01599888435551737,0.21666666666666667,0.11666666666666667
31.0,-0.1691349595785141,0.7327187061309814,0.0,0.15674362089914945,0.20551987502169763,0.9870117865613361,8.0,0.16577151981419655,0.2470605312817535,0.0,0.7232725273988849,0.8039386945248996,-0.018042627922909702,0.21666666666666667,0.11666666666666667
31.25,-0.09775431454181671,0.7245751619338989,0.0,0.15674362089914945,0.20551987502169763,0.9870117865613361,8.0,0.16577151981419655,0.2470605312817535,0.0,0.7249163144809153,0.8330557992989915,-0.0202904900773717,0.23333333333333334,0.12222222222222222
31.5,-0.0737772285938263,0.7140536904335022,0.0,0.15674362089914945,0.20551987502169763,0.9870117865613361,9.0,0.16577151981419655,0.2470605312817535,0.0,0.72421018498235,0.8619184762351998,-0.022673732400132693,0.23333333333333334,0.12777777777777777
31.75,-0.07494727522134781,0.7409305572509766,0.0,0.15674362089914945,0.20551987502169763,0.9870117865613361,9.0,0.16577151981419655,0.2470605312817535,0.0,0.7247511963429312,0.8906703853522573,-0.025150179804408705,0.24444444444444444,0.12777777777777777
32.0,-0.03714276850223541,0.7367174625396729,0.0,0.15674362089914945,0.20551987502169763,0.9870117865613361,9.0,0.16577151981419655,0.2470605312817535,0.0,0.7292481197130161,0.9200794470353837,-0.02776360755801038,0.24444444444444444,0.13333333333333333
32.25,-0.04938311129808426,0.7317055463790894,0.0,0.15674362089914945,0.20551987502169763,0.9870117865613361,9.0,0.16577151981419655,0.2470605312817535,0.0,0.7308590420012852,0.9495410504370371,-0.030458870402914038,0.25555555555555554,0.13333333333333333
32.5,-0.03820177540183067,0.7338466048240662,0.0,0.15674362089914945,0.20551987502169763,0.9870117865613361,10.0,0.16577151981419655,0.2470605312817535,0.0,0.7315458202109594,0.978846833273953,-0.033193594268752805,0.25,0.13333333333333333
32.75,-0.03727814927697182,0.7350509166717529,0.0,0.15674362089914945,0.20551987502169763,0.9870117865613361,10.0,0.16577151981419655,0.2470605312817535,0.0,0.7331656132757184,1.008109939466265,-0.03597566210942518,0.25555555555555554,0.1388888888888889
33.0,-0.03372808173298836,0.7412593364715576,0.0,0.15674362089914945,0.20551987502169763,0.9870117865613361,10.0,0.16577151981419655,0.2470605312817535,0.0,0.7359830770448844,1.0520686228858924,-0.040228658368420704,0.25555555555555554,0.1388888888888889
33.25,-0.03251347318291664,0.7424138784408569,0.0,0.16569000878992088,0.225900966891298,0.9846107368629892,10.0,0.16577151981419655,0.2470605312817535,0.0,0.7369261504067637,1.0816198519042763,-0.04314971201152645,0.25555555555555554,0.14444444444444443
33.5,-0.017127718776464462,0.746390163898468,0.0,0.16569000878992088,0.225900966891298,0.9846107368629892,11.0,0.16577151981419655,0.2470605312817535,0.0,0.7373490308600739,1.1111929299610337,-0.046109217165104875,0.25,0.14444444444444443
33.75,-0.0366261750459671,0.7493412494659424,0.0,0.16569000878992088,0.225900966891298,0.9846107368629892,11.0,0.17694875889098563,0.2625925388300189,0.0,0.7393222244133291,1.1408365756720487,-0.04910930549526442,0.2611111111111111,0.15
34.0,-0.03879503905773163,0.7596850395202637,0.0,0.16569000878992088,0.225900966891298,0.9846107368629892,11.0,0.17694875889098563,0.2625925388300189,0.0,0.7424455652175673,1.1706742737776412,-0.05216033262968845,0.26666666666666666,0.15
34.25,-0.029918696731328964,0.742868185043335,0.0,0.16569000878992088,0.225900966891298,0.9846107368629892,11.0,0.17694875889098563,0.2625925388300189,0.0,0.7459144181489856,1.2007877709085268,-0.05528514584142594,0.2777777777777778,0.15555555555555556
34.5,-0.033001530915498734,0.7537763118743896,0.0,0.16569000878992088,0.225900966891298,0.9846107368629892,12.0,0.17694875889098563,0.2625925388300189,0.0,0.7464994423365279,1.2305971587119033,-0.05842033627166565,0.2777777777777778,0.15555555555555556
34.75,-0.05283769220113754,0.7404370307922363,0.0,0.16569000878992088,0.225900966891298,0.9846107368629892,12.0,0.17694875889098563,0.2625925388300189,0.0,0.7490700633531128,1.2604976760117665,-0.0616020862491269,0.2722222222222222,0.15555555555555556
35.0,-0.06921761482954025,0.718546986579895,0.0,0.16569000878992088,0.225900966891298,0.9846107368629892,12.0,0.17694875889098563,0.2625925388300189,0.0,0.748858410572647,1.2900119170241073,-0.06478765509101866,0.2722222222222222,0.15555555555555556
35.25,-0.06525836884975433,0.7132866978645325,0.0,0.16569000878992088,0.225900966891298,0.9846107368629892,12.0,0.17694875889098563,0.2625925388300189,0.0,0.7425447856161418,1.3186390885604875,-0.06793597550284654,0.26666666666666666,0.15
35.5,-0.040337227284908295,0.729250967502594,0.0,0.16569000878992088,0.225900966891298,0.9846107368629892,13.0,0.17694875889098563,0.2625925388300189,0.0,0.7365415357999309,1.3471078841208561,-0.07114214898560327,0.26666666666666666,0.15555555555555556
35.75,-0.053127944469451904,0.7173053026199341,0.0,0.16569000878992088,0.225900966891298,0.9846107368629892,13.0,0.17694875889098563,0.2625925388300189,0.0,0.7318308614162351,1.3757518860040494,-0.07442801834136997,0.2722222222222222,0.15555555555555556
36.0,-0.059835225343704224,0.7355773448944092,0.0,0.16569000878992088,0.225900966891298,0.9846107368629892,13.0,0.17694875889098563,0.2625925388300189,0.0,0.7234786504843136,1.418692683785737,-0.07944570111704952,0.2833333333333333,0.16111111111111112
36.25,-0.07310302555561066,0.7236513495445251,0.0,0.16569000878992088,0.225900966891298,0.9846107368629892,13.0,0.17694875889098563,0.2625925388300189,0.0,0.7240948349810715,1.4476697757883077,-0.08290677960360499,0.2777777777777778,0.15555555555555556
36.5,-0.09605248272418976,0.7307292222976685,0.0,0.16569000878992088,0.225900966891298,0.9846107368629892,14.0,0.17694875889098563,0.2625925388300189,0.0,0.7248528881016748,1.4765223490930688,-0.08643189423990659,0.26666666666666666,0.15
36.75,-0.13258709013462067,0.7256050109863281,0.0,0.16569000878992088,0.225900966891298,0.9846107368629892,14.0,0.17694875889098563,0.2625925388300189,0.0,0.7262155949990393,1.5054930093384538,-0.09006859608411223,0.2722222222222222,0.15555555555555556
37.0,-0.12766923010349274,0.7194157242774963,0.0,0.16569000878992088,0.225900966891298,0.9846107368629892,14.0,0.1879808390187255,0.27725359268398897,0.0,0.7268579362327308,1.5343469216061807,-0.09383759885569262,0.2777777777777778,0.15555555555555556
37.25,-0.14091016352176666,0.7225069999694824,0.0,0.16569000878992088,0.225900966891298,0.9846107368629892,14.0,0.1879808390187255,0.27725359268398897,0.0,0.7268985548088447,1.5629876045327584,-0.09773968495430363,0.2722222222222222,0.16111111111111112
37.5,-0.11828409135341644,0.7327971458435059,0.0,0.16569000878992088,0.225900966891298,0.9846107368629892,14.0,0.1879808390187255,0.27725359268398897,0.0,0.7260179597412727,1.5916257902143056,-0.10180447654752467,0.28888888888888886,0.16111111111111112
37.75,-0.051589399576187134,0.7171706557273865,0.0,0.16569000878992088,0.225900966891298,0.9846107368629892,15.0,0.1879808390187255,0.27725359268398897,0.0,0.7268974291562748,1.6205297439838604,-0.10605511566519125,0.2722222222222222,0.15555555555555556
38.0,-0.07654938846826553,0.6863604187965393,0.0,0.16569000878992088,0.225900966891298,0.9846107368629892,15.0,0.1879808390187255,0.27725359268398897,0.0,0.7260797225099873,1.6348219718420773,-0.10819499964118112,0.2777777777777778,0.15555555555555556
38.25,-0.05936678126454353,0.6728314757347107,0.0,0.16569000878992088,0.225900966891298,0.9846107368629892,15.0,0.1879808390187255,0.27725359268398897,0.0,0.7164830826212255,1.6622886977620375,-0.11235812254994451,0.26666666666666666,0.15555555555555556
38.5,-0.010333256796002388,0.6771042943000793,0.0,0.16569000878992088,0.225900966891298,0.9846107368629892,15.0,0.1879808390187255,0.27725359268398897,0.0,0.7043580478685908,1.7024916417495262,-0.11857309435870896,0.26666666666666666,0.15555555555555556
38.75,-0.1477314531803131,0.7008812427520752,0.0,0.16569000878992088,0.225900966891298,0.9846107368629892,16.0,0.1879808390187255,0.27725359268398897,0.0,0.6975282124414075,1.729106233756036,-0.12272609607918872,0.2722222222222222,0.16111111111111112
39.0,-0.13769122958183289,0.7088479399681091,0.0,0.16569000878992088,0.225900966891298,0.9846107368629892,16.0,0.1879808390187255,0.27725359268398897,0.0,0.6937505223690588,1.75655209567064,-0.12704684680325523,0.26666666666666666,0.16111111111111112
39.25,-0.12171906232833862,0.7136512398719788,0.0,0.16569000878992088,0.225900966891298,0.9846107368629892,16.0,0.1879808390187255,0.27725359268398897,0.0,0.6930856938726935,1.7844026622718345,-0.13156985231236976,0.26666666666666666,0.16111111111111112
39.5,-0.1511363983154297,0.7197521328926086,0.0,0.16569000878992088,0.225900966891298,0.9846107368629892,16.0,0.1879808390187255,0.27725359268398897,0.0,0.695449587438386,1.8124772831353744,-0.13629297193018286,0.2833333333333333,0.16111111111111112
39.75,0.053015146404504776,0.6930861473083496,0.0,0.16569000878992088,0.225900966891298,0.9846107368629892,17.0,0.1879808390187255,0.27725359268398897,0.0,0.7013404861822169,1.8408505307518177,-0.1412206404667817,0.28888888888888886,0.15555555555555556
40.0,0.06376510113477707,0.6591286063194275,0.0,0.16569000878992088,0.225900966891298,0.9846107368629892,17.0,0.1879808390187255,0.27725359268398897,0.0,0.7023048247168509,1.8681413491623373,-0.1460696316526364,0.28888888888888886,0.16111111111111112
40.25,0.09348303079605103,0.6606720089912415,0.0,0.19131214761660686,0.2702460276781138,0.982405829252676,17.0,0.18406154739439687,0.2631731746262157,0.0,0.6924694339083403,1.8941356285336106,-0.1506652315666904,0.29444444444444445,0.16111111111111112
40.5,0.11968191713094711,0.6478946208953857,0.0,0.19131214761660686,0.2702460276781138,0.982405829252676,17.0,0.18406154739439687,0.2631731746262157,0.0,0.6852705654842439,1.9199916029712998,-0.15513374627049542,0.3,0.16666666666666666
40.75,0.04825476557016373,0.6554878950119019,0.0,0.19131214761660686,0.2702460276781138,0.982405829252676,18.0,0.18406154739439687,0.2631731746262157,0.0,0.6756887981410209,1.9455334855078736,-0.1594268804698258,0.3,0.16666666666666666
41.0,0.0606333464384079,0.6466940641403198,0.0,0.19131214761660686,0.2702460276781138,0.982405829252676,18.0,0.18406154739439687,0.2631731746262157,0.0,0.6634775053690596,1.970946792917782,-0.16358454296573513,0.2777777777777778,0.16111111111111112
41.25,0.0971970483660698,0.6459513306617737,0.0,0.19131214761660686,0.2702460276781138,0.982405829252676,18.0,0.18406154739439687,0.2631731746262157,0.0,0.6560342121535734,1.9964532467648783,-0.16768789989710164,0.2722222222222222,0.16111111111111112
41.5,0.0889512300491333,0.6414518356323242,0.0,0.19131214761660686,0.2702460276781138,0.982405829252676,18.0,0.18406154739439687,0.2631731746262157,0.0,0.6510593547536893,2.0218528925089774,-0.1716966344048159,0.2777777777777778,0.16111111111111112
41.75,0.0962650403380394,0.6454351544380188,0.0,0.19131214761660686,0.2702460276781138,0.982405829252676,19.0,0.18406154739439687,0.2631731746262157,0.0,0.6456392302522617,2.0469893002282324,-0.17557031717033444,0.2777777777777778,0.16111111111111112
42.0,0.12230847775936127,0.6464108228683472,0.0,0.19131214761660686,0.2702460276781138,0.982405829252676,19.0,0.18406154739439687,0.2631731746262157,0.0,0.644147251825991,2.072333998581159,-0.1793831829300725,0.28888888888888886,0.16111111111111112
42.25,0.12808990478515625,0.6487250924110413,0.0,0.19131214761660686,0.2702460276781138,0.982405829252676,19.0,0.18406154739439687,0.2631731746262157,0.0,0.6435145817282596,2.110678954587423,-0.184942078160544,0.28888888888888886,0.16111111111111112
42.5,0.16240108013153076,0.6497147083282471,0.0,0.19131214761660686,0.2702460276781138,0.982405829252676,19.0,0.18406154739439687,0.2631731746262157,0.0,0.6440793585488481,2.1364364406627234,-0.18851307707551757,0.3,0.16111111111111112
42.75,0.15523169934749603,0.6480689644813538,0.0,0.19131214761660686,0.2702460276781138,0.982405829252676,20.0,0.18406154739439687,0.2631731746262157,0.0,0.6458679450087018,2.162242477244251,-0.19193136402541325,0.3,0.16111111111111112
43.0,0.17188744246959686,0.6393391489982605,0.0,0.19131214761660686,0.2702460276781138,0.982405829252676,20.0,0.18406154739439687,0.2631731746262157,0.0,0.6480275342729387,2.1881064927258227,-0.19518092699829925,0.29444444444444445,0.16666666666666666
43.25,0.2210974246263504,0.6295177340507507,0.0,0.19131214761660686,0.2702460276781138,0.982405829252676,20.0,0.18406154739439687,0.2631731746262157,0.0,0.6480906112052787,2.213769503436619,-0.19822311841309745,0.3,0.16666666666666666
43.5,0.20583051443099976,0.6279581189155579,0.0,0.19131214761660686,0.2702460276781138,0.982405829252676,20.0,0.20031934968790827,0.2891566265060241,0.0,0.6448983554691498,2.2389337521250994,-0.20100555889470126,0.28888888888888886,0.16111111111111112
43.75,0.22448281943798065,0.6313450336456299,0.0,0.19131214761660686,0.2702460276781138,0.982405829252676,21.0,0.20031934968790827,0.2891566265060241,0.0,0.6424778344176268,2.264007346354901,-0.20355154052089863,0.3055555555555556,0.16666666666666666
44.0,0.2494915872812271,0.6358963251113892,0.0,0.19131214761660686,0.2702460276781138,0.982405829252676,21.0,0.20031934968790827,0.2891566265060241,0.0,0.6396236091670124,2.2891894878170915,-0.20588309004040373,0.29444444444444445,0.16666666666666666
44.25,0.22694866359233856,0.6348299384117126,0.0,0.19131214761660686,0.2702460276781138,0.982405829252676,21.0,0.20031934968790827,0.2891566265060241,0.0,0.6351241629616784,2.327139273412879,-0.20895110958745466,0.29444444444444445,0.16111111111111112
44.5,0.21195510029792786,0.6228381991386414,0.0,0.19131214761660686,0.2702460276781138,0.982405829252676,21.0,0.20031934968790827,0.2891566265060241,0.0,0.6332165488007362,2.352284962696564,-0.2106866977509859,0.29444444444444445,0.16111111111111112
44.75,0.20684748888015747,0.6371179819107056,0.0,0.19131214761660686,0.2702460276781138,0.982405829252676,22.0,0.20031934968790827,0.2891566265060241,0.0,0.6311967201148057,2.377232337470962,-0.21219010851816095,0.3055555555555556,0.16666666666666666
45.0,0.19025707244873047,0.6400426030158997,0.0,0.19131214761660686,0.2702460276781138,0.982405829252676,22.0,0.20031934968790827,0.2891566265060241,0.0,0.6327107043814472,2.4026209441281705,-0.21351788919193454,0.3,0.16666666666666666
45.25,0.21626201272010803,0.6263368725776672,0.0,0.19131214761660686,0.2702460276781138,0.982405829252676,22.0,0.20031934968790827,0.2891566265060241,0.0,0.6330080694643401,2.4281073780623297,-0.21465523674919115,0.29444444444444445,0.16666666666666666
45.5,0.1943366676568985,0.6319981813430786,0.0,0.19131214761660686,0.2702460276781138,0.982405829252676,22.0,0.20031934968790827,0.2891566265060241,0.0,0.6313453548671799,2.4534091409630516,-0.2155792791160776,0.29444444444444445,0.16666666666666666
45.75,0.21140801906585693,0.6355385184288025,0.0,0.19131214761660686,0.2702460276781138,0.982405829252676,23.0,0.20031934968790827,0.2891566265060241,0.0,0.6321269703136997,2.478658643182413,-0.21629454889918734,0.29444444444444445,0.16666666666666666
46.0,0.22076788544654846,0.636528730392456,0.0,0.19131214761660686,0.2702460276781138,0.982405829252676,23.0,0.20031934968790827,0.2891566265060241,0.0,0.6337325143529341,2.504000374371268,-0.2168124508873531,0.3,0.16666666666666666
46.25,0.17914000153541565,0.6417193412780762,0.0,0.19131214761660686,0.2702460276781138,0.982405829252676,23.0,0.20031934968790827,0.2891566265060241,0.0,0.6338681431885372,2.529411374778103,-0.21711833065056224,0.3,0.16666666666666666
46.5,0.20248155295848846,0.6423906683921814,0.0,0.19131214761660686,0.2702460276781138,0.982405829252676,23.0,0.2125127014080418,0.30657570039192916,0.0,0.6336042612392535,2.5548956186012775,-0.21721436707258288,0.29444444444444445,0.16666666666666666
46.75,0.23805293440818787,0.648497462272644,0.0,0.19131214761660686,0.2702460276781138,0.982405829252676,24.0,0.2125127014080418,0.30657570039192916,0.0,0.6363268963578562,2.580702573383053,-0.2171207202771938,0.29444444444444445,0.17222222222222222
47.0,0.23485229909420013,0.6617282629013062,0.0,0.19131214761660686,0.2702460276781138,0.982405829252676,24.0,0.2125127014080418,0.30657570039192916,0.0,0.6399218349504117,2.6067670088966826,-0.21681227769278483,0.3055555555555556,0.17222222222222222
47.25,0.19915400445461273,0.6627134084701538,0.0,0.21242438343415543,0.296649604467194,0.9806202598995392,24.0,0.2125127014080418,0.30657570039192916,0.0,0.6451221297632228,2.633173558628675,-0.21624675760396278,0.29444444444444445,0.17222222222222222
47.5,0.22008484601974487,0.6495511531829834,0.0,0.21242438343415543,0.296649604467194,0.9806202598995392,24.0,0.2125127014080418,0.30657570039192916,0.0,0.6523816855159891,2.672925436205941,-0.21495565121890162,0.3,0.17222222222222222
47.75,0.21141290664672852,0.6631613373756409,0.0,0.21242438343415543,0.296649604467194,0.9806202598995392,25.0,0.2125127014080418,0.30657570039192916,0.0,0.6529853325178583,2.6989980612954274,-0.21383189045818485,0.29444444444444445,0.16666666666666666
48.0,0.5081420540809631,0.5802553296089172,0.0,0.21242438343415543,0.296649604467194,0.9806202598995392,25.0,0.2125127014080418,0.30657570039192916,0.0,0.6541750445654942,2.7247212472643842,-0.21249014319897186,0.29444444444444445,0.16666666666666666
48.25,0.5231702923774719,0.5684020519256592,0.0,0.21242438343415543,0.296649604467194,0.9806202598995392,25.0,0.2125127014080418,0.30657570039192916,0.0,0.6359304869941216,2.7482835877111493,-0.21095992276790926,0.29444444444444445,0.16666666666666666
48.5,0.5147881507873535,0.5750113725662231,0.0,0.21242438343415543,0.296649604467194,0.9806202598995392,25.0,0.2125127014080418,0.30657570039192916,0.0,0.6160942921438779,2.770841688736092,-0.2090558048365027,0.3111111111111111,0.17777777777777778
48.75,0.5129776000976562,0.5588416457176208,0.0,0.21242438343415543,0.296649604467194,0.9806202598995392,25.0,0.2125127014080418,0.30657570039192916,0.0,0.6056295288923271,2.793556784501914,-0.20664593254427033,0.3,0.17222222222222222
49.0,0.5001781582832336,0.5913629531860352,0.0,0.21242438343415543,0.296649604467194,0.9806202598995392,26.0,0.2125127014080418,0.30657570039192916,0.0,0.5892782473020414,2.8155819527797834,-0.2038443905514107,0.3,0.17222222222222222
49.25,0.4920526146888733,0.5999970436096191,0.0,0.21242438343415543,0.296649604467194,0.9806202598995392,26.0,0.2125127014080418,0.30657570039192916,0.0,0.5774197166411776,2.838030599880003,-0.200518359627799,0.3111111111111111,0.17777777777777778
49.5,0.4413145184516907,0.6163328886032104,0.0,0.21242438343415543,0.296649604467194,0.9806202598995392,26.0,0.23268979532588185,0.33894614602990275,0.0,0.5803776989872474,2.8614087384809292,-0.1965945599688489,0.3,0.17777777777777778
49.75,0.4405227601528168,0.6328372955322266,0.0,0.21242438343415543,0.296649604467194,0.9806202598995392,26.0,0.23268979532588185,0.33894614602990275,0.0,0.5857011160050356,2.8852798414700316,-0.1921295283964153,0.3,0.17222222222222222
50.0,0.48572394251823425,0.6274011135101318,0.0,0.21242438343415543,0.296649604467194,0.9806202598995392,27.0,0.23268979532588185,0.33894614602990275,0.0,0.5937173920991626,2.9097042552022545,-0.18711853959477012,0.3111111111111111,0.17777777777777778
50.25,0.4670952558517456,0.6324590444564819,0.0,0.21242438343415543,0.296649604467194,0.9806202598995392,27.0,0.23268979532588185,0.33894614602990275,0.0,0.6048953306154118,2.9343401561371367,-0.1816052023034571,0.3111111111111111,0.18333333333333332
50.5,0.4589308202266693,0.6431836485862732,0.0,0.21242438343415543,0.296649604467194,0.9806202598995392,27.0,0.23268979532588185,0.33894614602990275,0.0,0.6179947342214664,2.9712150832987554,-0.1724153843930771,0.31666666666666665,0.18333333333333332
50.75,0.4578900933265686,0.6261860728263855,0.0,0.21242438343415543,0.296649604467194,0.9806202598995392,27.0,0.23268979532588185,0.33894614602990275,0.0,0.6267874383945122,2.9960123637652556,-0.16561318649451529,0.3055555555555556,0.17777777777777778
51.0,0.4389747381210327,0.6401693224906921,0.0,0.21242438343415543,0.296649604467194,0.9806202598995392,28.0,0.23268979532588185,0.33894614602990275,0.0,0.6303329495072559,3.0202768521156202,-0.1584860522058513,0.3111111111111111,0.18333333333333332
51.25,0.45516738295555115,0.6642053723335266,0.0,0.21242438343415543,0.296649604467194,0.9806202598995392,28.0,0.23268979532588185,0.33894614602990275,0.0,0.6300914740476461,3.0443842934621186,-0.15093068480498437,0.3111111111111111,0.18333333333333332
51.5,0.46602728962898254,0.6560490727424622,0.0,0.21242438343415543,0.296649604467194,0.9806202598995392,28.0,0.23268979532588185,0.33894614602990275,0.0,0.6391436709162495,3.06932156124891,-0.1426249676522695,0.29444444444444445,0.17777777777777778
51.75,0.44629642367362976,0.6617516279220581,0.0,0.21242438343415543,0.296649604467194,0.9806202598995392,28.0,0.23268979532588185,0.33894614602990275,0.0,0.6423735532466722,3.0940745976449158,-0.13386994687432532,0.3055555555555556,0.18333333333333332
52.0,0.45502763986587524,0.6680085062980652,0.0,0.21242438343415543,0.296649604467194,0.9806202598995392,29.0,0.23268979532588185,0.33894614602990275,0.0,0.6461768996012193,3.1188592181999204,-0.12458851277056869,0.31666666666666665,0.19444444444444445
52.25,0.43401962518692017,0.6662790775299072,0.0,0.21242438343415543,0.296649604467194,0.9806202598995392,29.0,0.23268979532588185,0.33894614602990275,0.0,0.6529685158103181,3.1437869821501354,-0.11473121143601026,0.3111111111111111,0.18333333333333332
52.5,0.4278297424316406,0.6584917902946472,0.0,0.21242438343415543,0.296649604467194,0.9806202598995392,29.0,0.24604441863840906,0.3583974452024967,0.0,0.6600999357427362,3.168573750676599,-0.10441777045203887,0.32222222222222224,0.18888888888888888
52.75,0.4173690974712372,0.665723979473114,0.0,0.21242438343415543,0.296649604467194,0.9806202598995392,29.0,0.24604441863840906,0.3583974452024967,0.0,0.6618085306448497,3.1929381637712773,-0.09377428257904363,0.3277777777777778,0.19444444444444445
53.0,0.4239492118358612,0.6606524586677551,0.0,0.21242438343415543,0.296649604467194,0.9806202598995392,30.0,0.24604441863840906,0.3583974452024967,0.0,0.6651809534421848,3.2290804316882,-0.07706989033804844,0.3333333333333333,0.19444444444444445
53.25,0.4132424592971802,0.6802506446838379,0.0,0.22400881057268723,0.30991189427312776,0.9795290786281777,30.0,0.24604441863840906,0.3583974452024967,0.0,0.6652044998933283,3.2529176876965584,-0.0654375542744301,0.3388888888888889,0.19444444444444445
53.5,0.4137457311153412,0.6981050372123718,0.0,0.22400881057268723,0.30991189427312776,0.9795290786281777,30.0,0.24604441863840906,0.3583974452024967,0.0,0.6674916671517938,3.277097371103115,-0.053133539068714576,0.35555555555555557,0.20555555555555555
53.75,0.43971171975135803,0.7092260718345642,0.0,0.22400881057268723,0.30991189427312776,0.9795290786281777,30.0,0.24604441863840906,0.3583974452024967,0.0,0.6731323770985345,3.3016727985535175,-0.04012217111004456,0.35,0.2
54.0,0.43127721548080444,0.7021909356117249,0.0,0.22400881057268723,0.30991189427312776,0.9795290786281777,31.0,0.24604441863840906,0.3583974452024967,0.0,0.6761336146558096,3.314066638188588,-0.03335877363628119,0.3611111111111111,0.20555555555555555
54.25,0.4337719976902008,0.7090520262718201,0.0,0.22400881057268723,0.30991189427312776,0.9795290786281777,31.0,0.24604441863840906,0.3583974452024967,0.0,0.6866091487926381,3.3508758038805615,-0.012430555938381391,0.36666666666666664,0.20555555555555555
54.5,0.39348599314689636,0.707268476486206,0.0,0.22400881057268723,0.30991189427312776,0.9795290786281777,31.0,0.24604441863840906,0.3583974452024967,0.0,0.6955021817188942,3.375290208931548,0.0021603149585208876,0.37222222222222223,0.2111111111111111
54.75,0.38180240988731384,0.7204568982124329,0.0,0.22400881057268723,0.30991189427312776,0.9795290786281777,31.0,0.24604441863840906,0.3583974452024967,0.0,0.7023011742670975,3.399434520918869,0.017134618986781303,0.35555555555555557,0.2111111111111111
55.0,0.36849525570869446,0.7117873430252075,0.0,0.22400881057268723,0.30991189427312776,0.9795290786281777,32.0,0.24604441863840906,0.3583974452024967,0.0,0.7065933059627332,3.423560073012589,0.032613119495460655,0.35,0.21666666666666667
55.25,0.34968680143356323,0.7212024331092834,0.0,0.22400881057268723,0.30991189427312776,0.9795290786281777,32.0,0.24604441863840906,0.3583974452024967,0.0,0.7082937535528192,3.4473488229279146,0.0483717985181098,0.3333333333333333,0.2222222222222222
55.5,0.3186779022216797,0.7446365356445312,0.0,0.22400881057268723,0.30991189427312776,0.9795290786281777,32.0,0.24604441863840906,0.3583974452024967,0.0,0.7103021377016728,3.4709351680754454,0.06448632039690994,0.31666666666666665,0.2222222222222222
55.75,0.30996179580688477,0.7171729803085327,0.0,0.22400881057268723,0.30991189427312776,0.9795290786281777,32.0,0.2518507766003774,0.3663811874002032,0.0,0.7161288014945577,3.494972522138092,0.08139077287646154,0.31666666666666665,0.23333333333333334
56.0,0.2882120907306671,0.7281280159950256,0.0,0.22400881057268723,0.30991189427312776,0.9795290786281777,33.0,0.2518507766003774,0.3663811874002032,0.0,0.7196605870277881,3.5186192589548866,0.09847223592156343,0.3,0.23333333333333334
56.25,0.2719842493534088,0.7171366214752197,0.0,0.22400881057268723,0.30991189427312776,0.9795290786281777,33.0,0.2518507766003774,0.3663811874002032,0.0,0.7198185642660552,3.5417890615289562,0.11564417952201354,0.28888888888888886,0.23333333333333334
56.5,0.27102670073509216,0.7256455421447754,0.0,0.22400881057268723,0.30991189427312776,0.9795290786281777,33.0,0.2518507766003774,0.3663811874002032,0.0,0.7221069237110119,3.5647068812260905,0.1330316775187246,0.2777777777777778,0.2388888888888889
56.75,0.2104005515575409,0.7273913025856018,0.0,0.22400881057268723,0.30991189427312776,0.9795290786281777,33.0,0.2518507766003774,0.3663811874002032,0.0,0.7243034863725127,3.587576783565568,0.15076885290207687,0.2611111111111111,0.24444444444444444
57.0,0.2108169049024582,0.7403804063796997,0.0,0.22400881057268723,0.30991189427312776,0.9795290786281777,34.0,0.2518507766003774,0.3663811874002032,0.0,0.7244429355934053,3.6105027379501884,0.16891530910014732,0.25555555555555554,0.25
57.25,0.22443951666355133,0.7306551933288574,0.0,0.22400881057268723,0.30991189427312776,0.9795290786281777,34.0,0.2518507766003774,0.3663811874002032,0.0,0.7260260219630096,3.6334611890054833,0.18742453736474632,0.25555555555555554,0.25555555555555554
57.5,0.22477462887763977,0.7357168197631836,0.0,0.22400881057268723,0.30991189427312776,0.9795290786281777,34.0,0.2518507766003774,0.3663811874002032,0.0,0.7283673431168787,3.656212215464278,0.20609001604413765,0.2611111111111111,0.2611111111111111
57.75,0.19868600368499756,0.7412827610969543,0.0,0.22400881057268723,0.30991189427312776,0.9795290786281777,34.0,0.2518507766003774,0.3663811874002032,0.0,0.7312404974811396,3.6787851020281837,0.22496502045581576,0.26666666666666666,0.26666666666666666
58.0,0.14520083367824554,0.7264274954795837,0.0,0.22400881057268723,0.30991189427312776,0.9795290786281777,35.0,0.2518507766003774,0.3663811874002032,0.0,0.735458920114391,3.7014326814268754,0.24423780826347474,0.26666666666666666,0.26666666666666666
58.25,0.1523483544588089,0.7286906838417053,0.0,0.22400881057268723,0.30991189427312776,0.9795290786281777,35.0,0.2518507766003774,0.3663811874002032,0.0,0.7349117087815581,3.723632746421967,0.2633999955069674,0.2777777777777778,0.2777777777777778
58.5,0.13176807761192322,0.7265050411224365,0.0,0.22400881057268723,0.30991189427312776,0.9795290786281777,35.0,0.2518507766003774,0.3663811874002032,0.0,0.7339779446339222,3.745638680099626,0.2826219055232264,0.2833333333333333,0.2833333333333333
58.75,0.12652231752872467,0.7170594334602356,0.0,0.22400881057268723,0.30991189427312776,0.9795290786281777,35.0,0.2518507766003774,0.3663811874002032,0.0,0.7329408204526968,3.7674259359426605,0.3018679881542236,0.29444444444444445,0.29444444444444445
59.0,0.09081719815731049,0.7259635925292969,0.0,0.22400881057268723,0.30991189427312776,0.9795290786281777,36.0,0.22833502685440557,0.33546233125272173,0.0,0.7305772874706784,3.78891804234903,0.32105374944920545,0.29444444444444445,0.29444444444444445
59.25,0.07415898889303207,0.7254747748374939,0.0,0.22400881057268723,0.30991189427312776,0.9795290786281777,36.0,0.22833502685440557,0.33546233125272173,0.0,0.7275144877561233,3.8104226308234983,0.34042213274869865,0.3,0.3
59.5,0.04616876691579819,0.7186805605888367,0.0,0.22400881057268723,0.30991189427312776,0.9795290786281777,36.0,0.22833502685440557,0.33546233125272173,0.0,0.7254318019122772,3.8426176592914545,0.36965203821510567,0.3111111111111111,0.3111111111111111
59.75,0.031111013144254684,0.7174478769302368,0.0,0.22400881057268723,0.30991189427312776,0.9795290786281777,36.0,0.22833502685440557,0.33546233125272173,0.0,0.7235791478521431,3.863883967668381,0.3890740883947684,0.31666666666666665,0.31666666666666665
60.0,0.02103370428085327,0.7159795165061951,0.0,0.22400881057268723,0.30991189427312776,0.9795290786281777,36.0,0.22833502685440557,0.33546233125272173,0.0,0.7239348253077343,3.885190741076773,0.40858764177055074,0.32222222222222224,0.32222222222222224
60.25,0.004400292411446571,0.7005426287651062,0.0,0.23251116308739103,0.32511163087391026,0.9787941094247401,37.0,0.22833502685440557,0.33546233125272173,0.0,0.7216696084147178,3.906076441149443,0.4277432315470964,0.3333333333333333,0.3333333333333333
60.5,-0.014204461127519608,0.6939296722412109,0.0,0.23251116308739103,0.32511163087391026,0.9787941094247401,37.0,0.22833502685440557,0.33546233125272173,0.0,0.7166101759517086,3.926723627591316,0.4466852179780124,0.3388888888888889,0.3388888888888889
60.75,-0.05193772539496422,0.7088496088981628,0.0,0.23251116308739103,0.32511163087391026,0.9787941094247401,37.0,0.22833502685440557,0.33546233125272173,0.0,0.7115262891634013,3.947263002692651,0.4655182817322979,0.34444444444444444,0.34444444444444444
61.0,-0.05324852839112282,0.7103599309921265,0.0,0.23251116308739103,0.32511163087391026,0.9787941094247401,37.0,0.22833502685440557,0.33546233125272173,0.0,0.7095702406069468,3.968077959292023,0.48455512389145194,0.35,0.35
61.25,-0.054771021008491516,0.7021757364273071,0.0,0.23251116308739103,0.32511163087391026,0.9787941094247401,38.0,0.22833502685440557,0.33546233125272173,0.0,0.7064883322341854,3.989068946892279,0.5036708026827713,0.35555555555555557,0.35555555555555557
61.5,-0.07014685124158859,0.7136171460151672,0.0,0.23251116308739103,0.32511163087391026,0.9787941094247401,38.0,0.22833502685440557,0.33546233125272173,0.0,0.7040004607703778,4.009890584148432,0.5225464985610825,0.3611111111111111,0.3611111111111111
61.75,-0.08057227730751038,0.7159892320632935,0.0,0.23251116308739103,0.32511163087391026,0.9787941094247401,38.0,0.22833502685440557,0.33546233125272173,0.0,0.7048770088853463,4.030882072915852,0.541484389787792,0.36666666666666664,0.36666666666666664
62.0,-0.07986363768577576,0.7069000005722046,0.0,0.23251116308739103,0.32511163087391026,0.9787941094247401,38.0,0.18594861373203658,0.2862534475250399,0.0,0.70874890178314,4.052238686478039,0.5606306114121055,0.36666666666666664,0.36666666666666664
62.25,-0.11506372690200806,0.7154051065444946,0.0,0.23251116308739103,0.32511163087391026,0.9787941094247401,39.0,0.18594861373203658,0.2862534475250399,0.0,0.7087824062883946,4.073422735816088,0.5794943246609441,0.36666666666666664,0.36666666666666664
62.5,-0.1278633326292038,0.7223491072654724,0.0,0.23251116308739103,0.32511163087391026,0.9787941094247401,39.0,0.18594861373203658,0.2862534475250399,0.0,0.7101346756474527,4.1054596608780765,0.6077561882466767,0.37222222222222223,0.37222222222222223
62.75,-0.13305175304412842,0.7174168825149536,0.0,0.23251116308739103,0.32511163087391026,0.9787941094247401,39.0,0.18594861373203658,0.2862534475250399,0.0,0.7130803377285394,4.127094471107904,0.6266085452184271,0.37222222222222223,0.37222222222222223
63.0,-0.1744200438261032,0.7105572819709778,0.0,0.23251116308739103,0.32511163087391026,0.9787941094247401,39.0,0.18594861373203658,0.2862534475250399,0.0,0.7135527810310636,4.148817848641557,0.6453360799281735,0.37222222222222223,0.37222222222222223
63.25,-0.17715856432914734,0.7080101370811462,0.0,0.23251116308739103,0.32511163087391026,0.9787941094247401,40.0,0.18594861373203658,0.2862534475250399,0.0,0.7141712102180405,4.170570470766475,0.6638513627685666,0.37777777777777777,0.37777777777777777
63.5,-0.18493592739105225,0.6901723742485046,0.0,0.23251116308739103,0.32511163087391026,0.9787941094247401,40.0,0.18594861373203658,0.2862534475250399,0.0,0.7139155738871203,4.192333390937052,0.6821065736156251,0.37777777777777777,0.37777777777777777
63.75,-0.1548682600259781,0.691748857498169,0.0,0.23251116308739103,0.32511163087391026,0.9787941094247401,40.0,0.18594861373203658,0.2862534475250399,0.0,0.7105352998343522,4.213788615072758,0.6998422955487834,0.38333333333333336,0.38333333333333336
64.0,-0.16004705429077148,0.691680371761322,0.0,0.23251116308739103,0.32511163087391026,0.9787941094247401,40.0,0.18594861373203658,0.2862534475250399,0.0,0.7053496986960239,4.2351445899019025,0.7172546608664567,0.3888888888888889,0.3888888888888889
64.25,-0.16322417557239532,0.6848846077919006,0.0,0.23251116308739103,0.32511163087391026,0.9787941094247401,41.0,0.18594861373203658,0.2862534475250399,0.0,0.7009212089124869,4.256632593493793,0.7345522698567096,0.3888888888888889,0.3888888888888889
64.5,-0.1883947253227234,0.6740322709083557,0.0,0.23251116308739103,0.32511163087391026,0.9787941094247401,41.0,0.18594861373203658,0.2862534475250399,0.0,0.6959513277749235,4.278132369653369,0.7516350373652507,0.39444444444444443,0.39444444444444443
64.75,-0.19275200366973877,0.6596531867980957,0.0,0.23251116308739103,0.32511163087391026,0.9787941094247401,41.0,0.18594861373203658,0.2862534475250399,0.0,0.6890877029060816,4.299390643146884,0.7682852008952417,0.39444444444444443,0.39444444444444443
65.0,-0.21001926064491272,0.6484536528587341,0.0,0.23251116308739103,0.32511163087391026,0.9787941094247401,41.0,0.18594861373203658,0.2862534475250399,0.0,0.684260088558487,4.320551428841472,0.7845990962749119,0.39444444444444443,0.39444444444444443
65.25,-0.21548177301883698,0.6732445955276489,0.0,0.23251116308739103,0.32511163087391026,0.9787941094247401,42.0,0.17956161997387138,0.27101175787487297,0.0,0.6759628898000223,4.341392173966456,0.8003933431580021,0.4,0.4
65.5,-0.22576507925987244,0.666758120059967,0.0,0.23251116308739103,0.32511163087391026,0.9787941094247401,42.0,0.17956161997387138,0.27101175787487297,0.0,0.6747622391304788,4.362892570774127,0.8163970809534636,0.40555555555555556,0.40555555555555556
65.75,-0.2513565719127655,0.6548517942428589,0.0,0.23251116308739103,0.32511163087391026,0.9787941094247401,42.0,0.17956161997387138,0.27101175787487297,0.0,0.6702467548922996,4.384438417104622,0.8321448137415435,0.4111111111111111,0.4111111111111111
66.0,-0.2527208626270294,0.6553980112075806,0.0,0.23251116308739103,0.32511163087391026,0.9787941094247401,42.0,0.17956161997387138,0.27101175787487297,0.0,0.6652267673470255,4.405799593816342,0.8474367253241972,0.4166666666666667,0.4166666666666667
66.25,-0.24518895149230957,0.6384450197219849,0.0,0.23251116308739103,0.32511163087391026,0.9787941094247401,43.0,0.17956161997387138,0.27101175787487297,0.0,0.662809884884358,4.427255143675708,0.8624759585312056,0.4222222222222222,0.4222222222222222
66.5,-0.25806859135627747,0.6486942768096924,0.0,0.23251116308739103,0.32511163087391026,0.9787941094247401,43.0,0.17956161997387138,0.27101175787487297,0.0,0.6592225779247377,4.44846612266695,0.8770368256763988,0.42777777777777776,0.42777777777777776
66.75,-0.24790208041667938,0.6407777070999146,0.0,0.23251116308739103,0.32511163087391026,0.9787941094247401,43.0,0.17956161997387138,0.27101175787487297,0.0,0.6564221968644259,4.469950564957462,0.8914676865365947,0.43333333333333335,0.43333333333333335
67.0,-0.27334776520729065,0.6491414904594421,0.0,0.23251116308739103,0.32511163087391026,0.9787941094247401,43.0,0.17956161997387138,0.27101175787487297,0.0,0.6507073650325252,4.491277815817054,0.9054825272677917,0.4388888888888889,0.4388888888888889
67.25,-0.2554594576358795,0.6591602563858032,0.0,0.23852835973428718,0.3360245273377619,0.9779396513630748,44.0,0.17956161997387138,0.27101175787487297,0.0,0.6480277855334635,4.512890534055415,0.9193767005432828,0.4444444444444444,0.4444444444444444
67.5,-0.2751888632774353,0.6442393660545349,0.0,0.23852835973428718,0.3360245273377619,0.9779396513630748,44.0,0.17956161997387138,0.27101175787487297,0.0,0.6476849496161174,4.535005616110605,0.933276146135743,0.45,0.45
67.75,-0.2750720977783203,0.6560020446777344,0.0,0.23852835973428718,0.3360245273377619,0.9779396513630748,44.0,0.17956161997387138,0.27101175787487297,0.0,0.6478998660029153,4.557183805829832,0.9468939199717813,0.46111111111111114,0.46111111111111114
68.0,-0.2732393145561218,0.6406450271606445,0.0,0.23852835973428718,0.3360245273377619,0.9779396513630748,44.0,0.17956161997387138,0.27101175787487297,0.0,0.6479416007134077,4.579599672889035,0.9603230704008849,0.46111111111111114,0.46111111111111114
68.25,-0.25388166308403015,0.6427034735679626,0.0,0.23852835973428718,0.3360245273377619,0.9779396513630748,45.0,0.17956161997387138,0.27101175787487297,0.0,0.6491003795839589,4.601988460565986,0.9734089477590663,0.4722222222222222,0.4722222222222222
68.5,-0.27319762110710144,0.6471928954124451,0.0,0.23852835973428718,0.3360245273377619,0.9779396513630748,45.0,0.17898098417767455,0.2692698504862825,0.0,0.6495121112869101,4.62424612202692,0.9861038051847107,0.4777777777777778,0.4777777777777778
68.75,-0.2498376965522766,0.6240268349647522,0.0,0.23852835973428718,0.3360245273377619,0.9779396513630748,45.0,0.17898098417767455,0.2692698504862825,0.0,0.6471701499792241,4.646685023972835,0.9985863172849311,0.48333333333333334,0.48333333333333334
69.0,-0.24676156044006348,0.6003438830375671,0.0,0.23852835973428718,0.3360245273377619,0.9779396513630748,45.0,0.17898098417767455,0.2692698504862825,0.0,0.6431164973401176,4.6688944087507585,1.0106344177725175,0.4888888888888889,0.4888888888888889
69.25,-0.24875372648239136,0.6131747364997864,0.0,0.23852835973428718,0.3360245273377619,0.9779396513630748,46.0,0.17898098417767455,0.2692698504862825,0.0,0.6334177119581985,4.690393119879512,1.022012401080762,0.49444444444444446,0.49444444444444446
69.5,-0.23683390021324158,0.6237820386886597,0.0,0.23852835973428718,0.3360245273377619,0.9779396513630748,46.0,0.17898098417767455,0.2692698504862825,0.0,0.6272937574135196,4.712065914950144,1.033202657030264,0.5055555555555555,0.5055555555555555
69.75,-0.2764468193054199,0.6088376045227051,0.0,0.23852835973428718,0.3360245273377619,0.9779396513630748,46.0,0.17898098417767455,0.2692698504862825,0.0,0.6245332369568494,4.734176461270376,1.0443480229370967,0.5166666666666667,0.5166666666666667
70.0,-0.23399262130260468,0.6059341430664062,0.0,0.23852835973428718,0.3360245273377619,0.9779396513630748,46.0,0.17898098417767455,0.2692698504862825,0.0,0.6188422522550285,4.7561637192757065,1.0551491378786917,0.5166666666666667,0.5166666666666667
70.25,-0.2668505012989044,0.5995556116104126,0.0,0.23852835973428718,0.3360245273377619,0.9779396513630748,46.0,0.17898098417767455,0.2692698504862825,0.0,0.6118471605387708,4.7888435747778635,1.0706754997474324,0.5222222222222223,0.5222222222222223
70.5,-0.2659952938556671,0.6060271263122559,0.0,0.23852835973428718,0.3360245273377619,0.9779396513630748,47.0,0.17898098417767455,0.2692698504862825,0.0,0.6095485603527775,4.810619793574679,1.0806920203220132,0.5333333333333333,0.5333333333333333
70.75,-0.2657306492328644,0.6054573655128479,0.0,0.23852835973428718,0.3360245273377619,0.9779396513630748,47.0,0.17898098417767455,0.2692698504862825,0.0,0.6080498024837793,4.832796099892624,1.0906107010283208,0.5388888888888889,0.5388888888888889
71.0,-0.2256094366312027,0.6301181316375732,0.0,0.23852835973428718,0.3360245273377619,0.9779396513630748,47.0,0.17898098417767455,0.2692698504862825,0.0,0.6062645570405261,4.855139844125026,1.1003168718748857,0.55,0.55
71.25,-0.21810440719127655,0.6309728026390076,0.0,0.23852835973428718,0.3360245273377619,0.9779396513630748,47.0,0.17898098417767455,0.2692698504862825,0.0,0.6098883668953239,4.878099357126735,1.11001367562768,0.5611111111111111,0.5611111111111111
71.5,-0.25703585147857666,0.6467336416244507,0.0,0.23852835973428718,0.3360245273377619,0.9779396513630748,48.0,0.1747713746552475,0.26215706198287125,0.0,0.6139391931589633,4.901485099268693,1.1196390118099404,0.5666666666666667,0.5666666666666667
71.75,-0.23957505822181702,0.6490404605865479,0.0,0.23852835973428718,0.3360245273377619,0.9779396513630748,48.0,0.1747713746552475,0.26215706198287125,0.0,0.6223730708900584,4.925425928584308,1.129237733290713,0.5666666666666667,0.5666666666666667
72.0,-0.25867897272109985,0.6480937600135803,0.0,0.23852835973428718,0.3360245273377619,0.9779396513630748,48.0,0.1747713746552475,0.26215706198287125,0.0,0.6299784928611322,4.9497472314742055,1.1387077578078875,0.5777777777777777,0.5777777777777777
72.25,-0.27484214305877686,0.6562047004699707,0.0,0.23852835973428718,0.3360245273377619,0.9779396513630748,48.0,0.1747713746552475,0.26215706198287125,0.0,0.6380366498191721,4.974259699143977,1.1479726258321328,0.5833333333333334,0.5833333333333334
72.5,-0.24799330532550812,0.64919114112854,0.0,0.23852835973428718,0.3360245273377619,0.9779396513630748,49.0,0.1747713746552475,0.26215706198287125,0.0,0.643988006766501,4.99887743691011,1.156988340387033,0.5944444444444444,0.5944444444444444
72.75,-0.2507670819759369,0.6163364052772522,0.0,0.23852835973428718,0.3360245273377619,0.9779396513630748,49.0,0.1747713746552475,0.26215706198287125,0.0,0.6487424584360243,5.023457683407947,1.1657036178873694,0.6055555555555555,0.6055555555555555
73.0,-0.23970220983028412,0.6390517950057983,0.0,0.23852835973428718,0.3360245273377619,0.9779396513630748,49.0,0.1747713746552475,0.26215706198287125,0.0,0.6436462599035099,5.047156620382425,1.1738378155809097,0.6055555555555555,0.6055555555555555
73.25,-0.24503402411937714,0.6413078904151917,0.0,0.23852835973428718,0.3360245273377619,0.9779396513630748,49.0,0.1747713746552475,0.26215706198287125,0.0,0.6414841331969625,5.07101145908793,1.1817608050020671,0.6222222222222222,0.6222222222222222
73.5,-0.42307543754577637,0.5906604528427124,0.0,0.23852835973428718,0.3360245273377619,0.9779396513630748,50.0,0.1747713746552475,0.26215706198287125,0.0,0.6385821505990866,5.095081468678654,1.1894979851640084,0.6277777777777778,0.6277777777777778
73.75,-0.9171685576438904,0.5612378716468811,0.0,0.23852835973428718,0.3360245273377619,0.9779396513630748,50.0,0.1747713746552475,0.26215706198287125,0.0,0.6317035778890248,5.118380385745569,1.1967405287650317,0.6388888888888888,0.6388888888888888
74.0,-0.9958455562591553,0.6000720262527466,0.0,0.23852835973428718,0.3360245273377619,0.9779396513630748,50.0,0.1747713746552475,0.26215706198287125,0.0,0.6092731351388815,5.14005389199407,1.2031504112349967,0.65,0.65
74.25,-1.013698935508728,0.6300913691520691,0.0,0.23273964378627177,0.332199319591755,0.9774684594504415,50.0,0.1747713746552475,0.26215706198287125,0.0,0.605717234730415,5.162687726072371,1.2093390177063752,0.6611111111111111,0.6611111111111111
74.5,-0.8971194624900818,0.685004711151123,0.0,0.23273964378627177,0.332199319591755,0.9774684594504415,51.0,0.1747713746552475,0.26215706198287125,0.0,0.6087903933636312,5.199259192078045,1.2179720100997864,0.6833333333333333,0.6833333333333333
74.75,-0.8351705074310303,0.6919195652008057,0.0,0.23273964378627177,0.332199319591755,0.9774684594504415,51.0,0.16911017564232836,0.25243141239657424,0.0,0.620440888005039,5.226070538473287,1.22311560953587,0.7111111111111111,0.7111111111111111
75.0,-0.7833518981933594,0.6945785880088806,0.0,0.23273964378627177,0.332199319591755,0.9774684594504415,51.0,0.16911017564232836,0.25243141239657424,0.0,0.6415586744987707,5.253585483082694,1.2274169946922087,0.7222222222222222,0.7222222222222222
75.25,-0.7460559010505676,0.717373251914978,0.0,0.23273964378627177,0.332199319591755,0.9774684594504415,51.0,0.16911017564232836,0.25243141239657424,0.0,0.6613100319994955,5.281436480810274,1.2308325764199506,0.7555555555555555,0.7555555555555555
75.5,-0.6995897889137268,0.7215531468391418,0.0,0.23273964378627177,0.332199319591755,0.9774684594504415,52.0,0.16911017564232836,0.25243141239657424,0.0,0.6815915629219776,5.309914656592257,1.2334383056103344,0.7888888888888889,0.7888888888888889
75.75,-0.6486915349960327,0.7188700437545776,0.0,0.23273964378627177,0.332199319591755,0.9774684594504415,52.0,0.16911017564232836,0.25243141239657424,0.0,0.6990838436799126,5.339274478716429,1.2352723458309824,0.8,0.8
76.0,-0.6301387548446655,0.7396844625473022,0.0,0.23273964378627177,0.332199319591755,0.9774684594504415,52.0,0.16911017564232836,0.25243141239657424,0.0,0.7060635230504025,5.367870711698714,1.2362948278079275,0.8277777777777777,0.8277777777777777
76.25,-0.5840704441070557,0.730508029460907,0.0,0.23273964378627177,0.332199319591755,0.9774684594504415,52.0,0.16911017564232836,0.25243141239657424,0.0,0.7130324091046618,5.397071124454486,1.2365872448630129,0.8611111111111112,0.8611111111111112
76.5,-0.5264472961425781,0.7235877513885498,0.0,0.23273964378627177,0.332199319591755,0.9774684594504415,53.0,0.16911017564232836,0.25243141239657424,0.0,0.7214563215219246,5.4265931554340385,1.236161699343635,0.8888888888888888,0.8888888888888888
76.75,-0.46237850189208984,0.7475341558456421,0.0,0.23273964378627177,0.332199319591755,0.9774684594504415,53.0,0.16911017564232836,0.25243141239657424,0.0,0.7226228760016011,5.455589288635003,1.2350742802052623,0.9,0.9
77.0,-0.4112035930156708,0.7499920129776001,0.0,0.23273964378627177,0.332199319591755,0.9774684594504415,53.0,0.16911017564232836,0.25243141239657424,0.0,0.7278764346925557,5.499647408684874,1.2322988744238137,0.9277777777777778,0.9277777777777778
77.25,-0.43211066722869873,0.7247715592384338,0.0,0.23273964378627177,0.332199319591755,0.9774684594504415,53.0,0.16911017564232836,0.25243141239657424,0.0,0.7343171406528186,5.5295599935711275,1.2297735833760315,0.9555555555555556,0.9555555555555556
77.5,-0.37443891167640686,0.7456942200660706,0.0,0.23273964378627177,0.332199319591755,0.9774684594504415,54.0,0.16911017564232836,0.25243141239657424,0.0,0.7319390646619188,5.558736676384545,1.2268249737820598,0.9666666666666667,0.9666666666666667
77.75,-0.34606820344924927,0.7249483466148376,0.0,0.23273964378627177,0.332199319591755,0.9774684594504415,54.0,0.1521265786035709,0.22456089417912614,0.0,0.733764175224435,5.587940134859007,1.2233918784753057,0.9944444444444445,0.9944444444444445
78.0,-0.36386793851852417,0.7433852553367615,0.0,0.23273964378627177,0.332199319591755,0.9774684594504415,54.0,0.1521265786035709,0.22456089417912614,0.0,0.7364452424098247,5.61701783554043,1.2195399729321021,1.0,1.0
78.25,-0.2977398633956909,0.7309282422065735,0.0,0.23273964378627177,0.332199319591755,0.9774684594504415,54.0,0.1521265786035709,0.22456089417912614,0.0,0.7367813773333172,5.646200097906327,1.215245122529337,1.0,1.0
78.5,-0.30068257451057434,0.7272620797157288,0.0,0.23273964378627177,0.332199319591755,0.9774684594504415,55.0,0.1521265786035709,0.22456089417912614,0.0,0.7340056521245846,5.675096381583052,1.2105916955733151,1.0,1.0
78.75,-0.16343292593955994,0.738903284072876,0.0,0.23273964378627177,0.332199319591755,0.9774684594504415,55.0,0.1521265786035709,0.22456089417912614,0.0,0.7332066771518165,5.703855317948393,1.2056029128004992,1.0,1.0
79.0,-0.15840519964694977,0.7280221581459045,0.0,0.23273964378627177,0.332199319591755,0.9774684594504415,55.0,0.1521265786035709,0.22456089417912614,0.0,0.7361638205461718,5.7475910930781255,1.1974789750499084,1.0,1.0
79.25,-0.12770962715148926,0.723341703414917,0.0,0.23273964378627177,0.332199319591755,0.9774684594504415,55.0,0.1521265786035709,0.22456089417912614,0.0,0.7339264138382189,5.776235540498062,1.1919307662774372,1.0,1.0
79.5,-0.11911046504974365,0.7427569627761841,0.0,0.23273964378627177,0.332199319591755,0.9774684594504415,56.0,0.1521265786035709,0.22456089417912614,0.0,0.7318921055262811,5.7904260232095215,1.1891232379930698,1.0,1.0
79.75,-0.07451843470335007,0.7295053005218506,0.0,0.23273964378627177,0.332199319591755,0.9774684594504415,56.0,0.1521265786035709,0.22456089417912614,0.0,0.7334781687410297,5.819226098927739,1.1833201166025744,1.0,1.0
80.0,-0.062139131128787994,0.7241789102554321,0.0,0.23273964378627177,0.332199319591755,0.9774684594504415,56.0,0.1521265786035709,0.22456089417912614,0.0,0.7347696899996559,5.848050736211648,1.1773917857066356,1.0,1.0
80.25,-0.04507002606987953,0.727094829082489,0.0,0.22887968403814662,0.3303149985550525,0.976595965334704,56.0,0.1521265786035709,0.22456089417912614,0.0,0.7306807790256891,5.890719036789081,1.1684500809750864,1.0,1.0
80.5,-0.0727696344256401,0.7475284934043884,0.0,0.22887968403814662,0.3303149985550525,0.976595965334704,56.0,0.1521265786035709,0.22456089417912614,0.0,0.7311246086971945,5.919375079806552,1.1623549584619934,1.0,1.0
80.75,-0.0602131187915802,0.7364142537117004,0.0,0.22887968403814662,0.3303149985550525,0.976595965334704,57.0,0.1418202932210771,0.21106111191754973,0.0,0.7365356803540322,5.948634078127724,1.1560630141726858,1.0,1.0
81.0,-0.07863583415746689,0.7437640428543091,0.0,0.22887968403814662,0.3303149985550525,0.976595965334704,57.0,0.1418202932210771,0.21106111191754973,0.0,0.7345092771762052,5.977454936271387,1.1497909338082772,1.0,1.0
81.25,-0.07343407720327377,0.7383763790130615,0.0,0.22887968403814662,0.3303149985550525,0.976595965334704,57.0,0.1418202932210771,0.21106111191754973,0.0,0.7358201871525725,6.006335301823328,1.143426919095538,1.0,1.0
81.5,-0.08694777637720108,0.7464831471443176,0.0,0.22887968403814662,0.3303149985550525,0.976595965334704,57.0,0.1418202932210771,0.21106111191754973,0.0,0.7394543974967944,6.0352810599929265,1.1369641432718884,1.0,1.0
81.75,-0.043649859726428986,0.749442458152771,0.0,0.22887968403814662,0.3303149985550525,0.976595965334704,58.0,0.1418202932210771,0.21106111191754973,0.0,0.741102338929491,6.064370928198105,1.1303765167785755,1.0,1.0
82.0,-0.03853866085410118,0.7406668663024902,0.0,0.22887968403814662,0.3303149985550525,0.976595965334704,58.0,0.1418202932210771,0.21106111191754973,0.0,0.7442900604814935,6.0938944888134134,1.1236005084356122,1.0,1.0
82.25,-0.057619474828243256,0.7344251275062561,0.0,0.22887968403814662,0.3303149985550525,0.976595965334704,58.0,0.1418202932210771,0.21106111191754973,0.0,0.7451344205501576,6.123027991940909,1.1168555094986987,1.0,1.0
82.5,-0.045861560851335526,0.7446416020393372,0.0,0.22887968403814662,0.3303149985550525,0.976595965334704,58.0,0.1418202932210771,0.21106111191754973,0.0,0.7449902531614307,6.151801679968486,1.1101370710128045,1.0,1.0
82.75,-0.064649298787117,0.7437339425086975,0.0,0.22887968403814662,0.3303149985550525,0.976595965334704,59.0,0.1418202932210771,0.21106111191754973,0.0,0.7452024248959871,6.180596746407193,1.1033435741410262,1.0,1.0
83.0,-0.07460398226976395,0.7524687051773071,0.0,0.22887968403814662,0.3303149985550525,0.976595965334704,59.0,0.1418202932210771,0.21106111191754973,0.0,0.7433704932785378,6.223857508553307,1.0930173562761452,1.0,1.0
83.25,-0.04958850517868996,0.7434985637664795,0.0,0.22887968403814662,0.3303149985550525,0.976595965334704,59.0,0.1418202932210771,0.21106111191754973,0.0,0.7428932940093842,6.252994590611427,1.0859612480858902,1.0,1.0
83.5,-0.06951729953289032,0.7223083972930908,0.0,0.22887968403814662,0.3303149985550525,0.976595965334704,59.0,0.1418202932210771,0.21106111191754973,0.0,0.7426999481155414,6.2818991333522405,1.0788839658816551,1.0,1.0
83.75,-0.040763672441244125,0.7199108600616455,0.0,0.22887968403814662,0.3303149985550525,0.976595965334704,60.0,0.1418202932210771,0.21106111191754973,0.0,0.7405350089229638,6.310221229139586,1.0718781836267635,1.0,1.0
84.0,-0.01505162101238966,0.7476351261138916,0.0,0.22887968403814662,0.3303149985550525,0.976595965334704,60.0,0.13238496153287851,0.19683553491072725,0.0,0.7387277139903209,6.338286564630041,1.064869905261832,1.0,1.0
84.25,-0.01595163717865944,0.7265799045562744,0.0,0.22887968403814662,0.3303149985550525,0.976595965334704,60.0,0.13238496153287851,0.19683553491072725,0.0,0.7391283076413112,6.36679039025943,1.0577184006169715,1.0,1.0
84.5,-0.02146729826927185,0.7226451635360718,0.0,0.22887968403814662,0.3303149985550525,0.976595965334704,60.0,0.13238496153287851,0.19683553491072725,0.0,0.7330829555517213,6.39492193288449,1.0506403453104856,1.0,1.0
84.75,-0.07364551723003387,0.7170761227607727,0.0,0.22887968403814662,0.3303149985550525,0.976595965334704,61.0,0.13238496153287851,0.19683553491072725,0.0,0.7287619148475338,6.422992804503896,1.0435543267663552,1.0,1.0
85.0,-0.07427886873483658,0.7276458740234375,0.0,0.22887968403814662,0.3303149985550525,0.976595965334704,61.0,0.13238496153287851,0.19683553491072725,0.0,0.7265330616753589,6.450953085808939,1.036429440198437,1.0,1.0
85.25,-0.10911238938570023,0.7433089017868042,0.0,0.22887968403814662,0.3303149985550525,0.976595965334704,61.0,0.13238496153287851,0.19683553491072725,0.0,0.7272399322442697,6.479172780664769,1.0291408590096467,1.0,1.0
85.5,-0.09960103780031204,0.7318718433380127,0.0,0.22887968403814662,0.3303149985550525,0.976595965334704,61.0,0.13238496153287851,0.19683553491072725,0.0,0.7284802324923694,6.507803382495278,1.0216269033471976,1.0,1.0
85.75,-0.056657783687114716,0.7540885210037231,0.0,0.22887968403814662,0.3303149985550525,0.976595965334704,62.0,0.13238496153287851,0.19683553491072725,0.0,0.730430796497155,6.536405989429235,1.0139945384617022,1.0,1.0
86.0,-0.07474935054779053,0.7508441209793091,0.0,0.22887968403814662,0.3303149985550525,0.976595965334704,62.0,0.13238496153287851,0.19683553491072725,0.0,0.7360545520903659,6.565423034270599,1.0061592380564237,1.0,1.0
86.25,-0.06881314516067505,0.7528282403945923,0.0,0.22887968403814662,0.3303149985550525,0.976595965334704,62.0,0.13238496153287851,0.19683553491072725,0.0,0.7412264842154741,6.594458190432883,0.998242299123403,1.0,1.0
86.5,-0.07968009263277054,0.7260932922363281,0.0,0.22887968403814662,0.3303149985550525,0.976595965334704,62.0,0.13238496153287851,0.19683553491072725,0.0,0.7446887423335796,6.623416485495236,0.990260836959137,1.0,1.0
86.75,-0.05889417976140976,0.7370855212211609,0.0,0.22887968403814662,0.3303149985550525,0.976595965334704,63.0,0.13238496153287851,0.19683553491072725,0.0,0.7433544994017494,6.651742507347194,0.9823644558875452,1.0,1.0
87.0,-0.06382805109024048,0.7352554798126221,0.0,0.22887968403814662,0.3303149985550525,0.976595965334704,63.0,0.13238496153287851,0.19683553491072725,0.0,0.7422680779215142,6.679937265117465,0.9744231820366667,1.0,1.0
87.25,-0.04926406219601631,0.7425376176834106,0.0,0.21731173940891207,0.31796138713514505,0.9753604956307659,63.0,0.1242560603861228,0.18507766003774132,0.0,0.7405149381203703,6.708174202928745,0.9663985598045406,1.0,1.0
87.5,-0.02854165993630886,0.7426623702049255,0.0,0.21731173940891207,0.31796138713514505,0.9753604956307659,63.0,0.1242560603861228,0.18507766003774132,0.0,0.7383464422142221,6.736581436201158,0.9582619678127516,1.0,1.0
87.75,-0.05893190577626228,0.7494373321533203,0.0,0.21731173940891207,0.31796138713514505,0.9753604956307659,64.0,0.1242560603861228,0.18507766003774132,0.0,0.7364157297611401,6.76504225997796,0.9500602112121668,1.0,1.0
88.0,-0.057684533298015594,0.7420235872268677,0.0,0.21731173940891207,0.31796138713514505,0.9753604956307659,64.0,0.1242560603861228,0.18507766003774132,0.0,0.7382052107086641,6.793670339079223,0.9417723639582408,1.0,1.0
88.25,-0.04972969368100166,0.7347192764282227,0.0,0.21731173940891207,0.31796138713514505,0.9753604956307659,64.0,0.1242560603861228,0.18507766003774132,0.0,0.7406247335508342,6.82225745121279,0.9334326837145706,1.0,1.0
88.5,-0.06781110912561417,0.7230393886566162,0.0,0.21731173940891207,0.31796138713514505,0.9753604956307659,64.0,0.1242560603861228,0.18507766003774132,0.0,0.7408246598929465,6.850563018730874,0.9251034810398837,1.0,1.0
88.75,-0.08844007551670074,0.7419013977050781,0.0,0.21731173940891207,0.31796138713514505,0.9753604956307659,65.0,0.1242560603861228,0.18507766003774132,0.0,0.7376782401017763,6.878398475257148,0.9168337229979221,1.0,1.0
89.0,0.08537326008081436,0.7374918460845947,1.0,0.21731173940891207,0.31796138713514505,0.9753604956307659,65.0,0.1242560603861228,0.18507766003774132,0.0,0.7380051341751208,6.906541617530685,0.9083799154831685,1.0,1.0
89.25,0.2007908672094345,0.7230939269065857,1.0,0.21731173940891207,0.31796138713514505,0.9753604956307659,65.0,0.1242560603861228,0.18507766003774132,0.0,0.7366733447112338,6.934787865408613,0.8998400655163025,1.0,1.0
89.5,0.16566738486289978,0.7431528568267822,1.0,0.21731173940891207,0.31796138713514505,0.9753604956307659,65.0,0.1242560603861228,0.18507766003774132,0.0,0.7329451263673277,6.976979483613922,0.8873391077024466,1.0,1.0
89.75,0.14018723368644714,0.7456011772155762,1.0,0.21731173940891207,0.31796138713514505,0.9753604956307659,66.0,0.1242560603861228,0.18507766003774132,0.0,0.735826999405821,7.005518566025273,0.8791797167562161,1.0,1.0
90.0,-0.02438247948884964,0.7310162782669067,1.0,0.21731173940891207,0.31796138713514505,0.9753604956307659,66.0,0.1242560603861228,0.18507766003774132,0.0,0.7387610472984075,7.034212626934402,0.8711636272859375,1.0,1.0
90.25,-0.109005868434906,0.7231272459030151,1.0,0.21731173940891207,0.31796138713514505,0.9753604956307659,66.0,0.1242560603861228,0.18507766003774132,0.0,0.736989036165968,7.062397195796706,0.8633394857955282,1.0,1.0
90.5,-0.11413418501615524,0.7242703437805176,1.0,0.21731173940891207,0.31796138713514505,0.9753604956307659,66.0,0.10770794019451299,0.16214254608796633,0.0,0.7348586229268179,7.090421777781669,0.8554653732713293,1.0,1.0
90.75,-0.11540872603654861,0.735141396522522,1.0,0.21731173940891207,0.31796138713514505,0.9753604956307659,67.0,0.10770794019451299,0.16214254608796633,0.0,0.7351631685919913,7.118422199392007,0.847457422674461,1.0,1.0
91.0,-0.08354245871305466,0.7261263132095337,1.0,0.21731173940891207,0.31796138713514505,0.9753604956307659,67.0,0.10770794019451299,0.16214254608796633,0.0,0.7335769457276813,7.146539320464022,0.8392672354500315,1.0,1.0
91.25,-0.029449889436364174,0.7288905382156372,1.0,0.21731173940891207,0.31796138713514505,0.9753604956307659,67.0,0.10770794019451299,0.16214254608796633,0.0,0.730961281764496,7.174537747759424,0.8309772557789952,1.0,1.0
91.5,-0.04017505794763565,0.7428005933761597,1.0,0.21731173940891207,0.31796138713514505,0.9753604956307659,67.0,0.10770794019451299,0.16214254608796633,0.0,0.7292845327111868,7.202318060405568,0.8226824387722063,1.0,1.0
91.75,-0.007831569761037827,0.7454508543014526,1.0,0.21731173940891207,0.31796138713514505,0.9753604956307659,67.0,0.10770794019451299,0.16214254608796633,0.0,0.7320100415053608,7.244429166310858,0.8100571891531312,1.0,1.0
92.0,-0.04491431266069412,0.7395548224449158,1.0,0.21731173940891207,0.31796138713514505,0.9753604956307659,68.0,0.10770794019451299,0.16214254608796633,0.0,0.7350635809760924,7.273103677315465,0.8014345999243262,1.0,1.0
92.25,-0.027142949402332306,0.7341823577880859,1.0,0.21731173940891207,0.31796138713514505,0.9753604956307659,68.0,0.10770794019451299,0.16214254608796633,0.0,0.7355218598900092,7.301469968804229,0.7928778842906902,1.0,1.0
92.5,-0.00993682537227869,0.7233868837356567,1.0,0.21731173940891207,0.31796138713514505,0.9753604956307659,68.0,0.10770794019451299,0.16214254608796633,0.0,0.7360883308072768,7.329557108296057,0.7843559041892649,1.0,1.0
92.75,-0.04013606160879135,0.7534158229827881,1.0,0.21731173940891207,0.31796138713514505,0.9753604956307659,68.0,0.10770794019451299,0.16214254608796633,0.0,0.7373046111163163,7.357350262321865,0.775889574735998,1.0,1.0
93.0,0.05931791663169861,0.7299984693527222,1.0,0.21731173940891207,0.31796138713514505,0.9753604956307659,69.0,0.10770794019451299,0.16214254608796633,0.0,0.7396823151647433,7.385770769334183,0.7671973079730985,1.0,1.0
93.25,0.13123635947704315,0.7268914580345154,1.0,0.20358119431948488,0.30140248743053716,0.9744406568730893,69.0,0.10770794019451299,0.16214254608796633,0.0,0.7374562110973106,7.413977740482871,0.7585686135287812,1.0,1.0
93.5,0.1386958360671997,0.7477772235870361,1.0,0.20358119431948488,0.30140248743053716,0.9744406568730893,69.0,0.08840179997096821,0.13165916678763245,0.0,0.7341601031106796,7.441907242891224,0.7501402858799399,1.0,1.0
93.75,0.1323786824941635,0.7476093173027039,1.0,0.20358119431948488,0.30140248743053716,0.9744406568730893,69.0,0.08840179997096821,0.13165916678763245,0.0,0.7350144901192615,7.470251988105965,0.7417792205307914,1.0,1.0
94.0,-0.006455077789723873,0.7324496507644653,1.0,0.20358119431948488,0.30140248743053716,0.9744406568730893,70.0,0.08840179997096821,0.13165916678763245,0.0,0.7385209154866926,7.498849634226634,0.7335217353451928,1.0,1.0
94.25,-0.04615449160337448,0.7447028160095215,1.0,0.20358119431948488,0.30140248743053716,0.9744406568730893,70.0,0.08840179997096821,0.13165916678763245,0.0,0.7354965908659228,7.52700171405291,0.7255013808596745,1.0,1.0
94.5,-0.06617629528045654,0.7204363942146301,1.0,0.20358119431948488,0.30140248743053716,0.9744406568730893,70.0,0.08840179997096821,0.13165916678763245,0.0,0.7383630498452106,7.555602869958049,0.7173355380457062,1.0,1.0
94.75,-0.03445637971162796,0.7364664673805237,1.0,0.20358119431948488,0.30140248743053716,0.9744406568730893,70.0,0.08840179997096821,0.13165916678763245,0.0,0.7362854122945198,7.5836018209543266,0.7092666403066404,1.0,1.0
95.0,-0.04837115854024887,0.7310091853141785,1.0,0.20358119431948488,0.30140248743053716,0.9744406568730893,71.0,0.08840179997096821,0.13165916678763245,0.0,0.7335050862261853,7.611416299461458,0.7011725874783225,1.0,1.0
95.25,-0.07897183299064636,0.7216847538948059,1.0,0.20358119431948488,0.30140248743053716,0.9744406568730893,71.0,0.08840179997096821,0.13165916678763245,0.0,0.7332036974829915,7.639476729928294,0.6929553238662755,1.0,1.0
95.5,-0.06988345086574554,0.7199066281318665,1.0,0.20358119431948488,0.30140248743053716,0.9744406568730893,71.0,0.08840179997096821,0.13165916678763245,0.0,0.7307940948054509,7.667269529571711,0.6847502449773961,1.0,1.0
95.75,-0.061623264104127884,0.7127122282981873,1.0,0.20358119431948488,0.30140248743053716,0.9744406568730893,71.0,0.08840179997096821,0.13165916678763245,0.0,0.7264344299384159,7.694905789575059,0.6765067370286266,1.0,1.0
96.0,-0.017123600468039513,0.7355630397796631,1.0,0.20358119431948488,0.30140248743053716,0.9744406568730893,72.0,0.08840179997096821,0.13165916678763245,0.0,0.7246224281760293,7.722342303198037,0.6682383595428792,1.0,1.0
96.25,-0.010426998138427734,0.7219247221946716,1.0,0.20358119431948488,0.30140248743053716,0.9744406568730893,72.0,0.08840179997096821,0.13165916678763245,0.0,0.7260891375559615,7.7501720919573565,0.6597842787593914,1.0,1.0
96.5,0.010405562818050385,0.7419008016586304,1.0,0.20358119431948488,0.30140248743053716,0.9744406568730893,72.0,0.06430541442879953,0.09362752213673974,0.0,0.7255336248370988,7.778022956516714,0.6512980566165144,1.0,1.0
96.75,0.01440875232219696,0.7359022498130798,1.0,0.20358119431948488,0.30140248743053716,0.9744406568730893,72.0,0.06430541442879953,0.09362752213673974,0.0,0.7281530417832095,7.820265660336066,0.6384308159119131,1.0,1.0
97.0,0.013237291015684605,0.7395232915878296,1.0,0.20358119431948488,0.30140248743053716,0.9744406568730893,73.0,0.06430541442879953,0.09362752213673974,0.0,0.7307798873364252,7.848509806128913,0.6298510079665959,1.0,1.0
97.25,-0.008513778448104858,0.7212311029434204,1.0,0.20358119431948488,0.30140248743053716,0.9744406568730893,73.0,0.06430541442879953,0.09362752213673974,0.0,0.7337959766170754,7.876703296026165,0.6213160122341788,1.0,1.0
97.5,-0.03243399038910866,0.7246580719947815,1.0,0.20358119431948488,0.30140248743053716,0.9744406568730893,73.0,0.06430541442879953,0.09362752213673974,0.0,0.7322651808362886,7.904484240703067,0.6129078448249198,1.0,1.0
97.75,-0.02812689170241356,0.7196874618530273,1.0,0.20358119431948488,0.30140248743053716,0.9744406568730893,73.0,0.06430541442879953,0.09362752213673974,0.0,0.7318926503542843,7.932096251602615,0.6045234538301363,1.0,1.0
98.0,-0.01348884403705597,0.7240408062934875,1.0,0.20358119431948488,0.30140248743053716,0.9744406568730893,74.0,0.06430541442879953,0.09362752213673974,0.0,0.7284652949322687,7.959568230476236,0.5961418291509124,1.0,1.0
98.25,0.017695723101496696,0.7397104501724243,1.0,0.20358119431948488,0.30140248743053716,0.9744406568730893,74.0,0.06430541442879953,0.09362752213673974,0.0,0.7257952293115394,7.987183236521295,0.5876931729598904,1.0,1.0
98.5,-0.004664784297347069,0.7341362237930298,1.0,0.20358119431948488,0.30140248743053716,0.9744406568730893,74.0,0.06430541442879953,0.09362752213673974,0.0,0.7259699858296883,8.015316457015452,0.5790846179071566,1.0,1.0
98.75,-0.01865621656179428,0.7380913496017456,1.0,0.20358119431948488,0.30140248743053716,0.9744406568730893,74.0,0.06430541442879953,0.09362752213673974,0.0,0.7278677180046045,8.043600678321157,0.5704372194149513,1.0,1.0
99.0,0.025143396109342575,0.7298059463500977,1.0,0.20358119431948488,0.30140248743053716,0.9744406568730893,75.0,0.06430541442879953,0.09362752213673974,0.0,0.7298060089285501,8.071703351548411,0.5618376103926993,1.0,1.0
99.25,-0.012349674478173256,0.7302325963973999,1.0,0.20358119431948488,0.30140248743053716,0.9744406568730893,75.0,0.06430541442879953,0.09362752213673974,0.0,0.7326541812003156,8.113553095288404,0.5490344924334117,1.0,1.0
99.5,-0.008684373460710049,0.7175955176353455,1.0,0.20358119431948488,0.30140248743053716,0.9744406568730893,75.0,0.06430541442879953,0.09362752213673974,0.0,0.7333922222848004,8.127519722043935,0.5447673554059567,1.0,1.0
99.75,0.004734629299491644,0.7063248753547668,1.0,0.20358119431948488,0.30140248743053716,0.9744406568730893,75.0,0.04543475105240238,0.06793438815502975,0.0,0.7297019447158235,8.169004201612552,0.532081960877713,1.0,1.0
100.0,0.010444683022797108,0.7201663851737976,1.0,0.20358119431948488,0.30140248743053716,0.9744406568730893,76.0,0.04543475105240238,0.06793438815502975,0.0,0.7235798900815483,8.196062887834406,0.5238111951374719,1.0,1.0
100.25,-0.026575684547424316,0.7274138331413269,1.0,0.1952966958867161,0.28961564396493594,0.9732525318110904,76.0,0.04543475105240238,0.06793438815502975,0.0,0.720128539857063,8.223318220744765,0.5154912472244362,1.0,1.0
100.5,-0.03604881465435028,0.7114359140396118,1.0,0.1952966958867161,0.28961564396493594,0.9732525318110904,76.0,0.04543475105240238,0.06793438815502975,0.0,0.7208964988797574,8.250994546449743,0.5070282732886094,1.0,1.0
100.75,-0.008115159347653389,0.7183433175086975,1.0,0.1952966958867161,0.28961564396493594,0.9732525318110904,76.0,0.04543475105240238,0.06793438815502975,0.0,0.7179179586473479,8.278445308594382,0.498597865617322,1.0,1.0
101.0,0.016697609797120094,0.7173680067062378,1.0,0.1952966958867161,0.28961564396493594,0.9732525318110904,77.0,0.04543475105240238,0.06793438815502975,0.0,0.7165669167672978,8.305811229100353,0.490168862740716,1.0,1.0
101.25,0.027054674923419952,0.743105947971344,1.0,0.1952966958867161,0.28961564396493594,0.9732525318110904,77.0,0.04543475105240238,0.06793438815502975,0.0,0.720891426890702,8.333864884623006,0.48153617295442186,1.0,1.0
101.5,0.03567197918891907,0.7297561168670654,1.0,0.1952966958867161,0.28961564396493594,0.9732525318110904,77.0,0.04543475105240238,0.06793438815502975,0.0,0.7248056872600874,8.36172910363462,0.47298822044878736,1.0,1.0
101.75,0.031665414571762085,0.7067665457725525,1.0,0.1952966958867161,0.28961564396493594,0.9732525318110904,77.0,0.04543475105240238,0.06793438815502975,0.0,0.7257897467835156,8.389660064380003,0.4644613100222784,1.0,1.0
102.0,0.016549812629818916,0.7116279602050781,1.0,0.1952966958867161,0.28961564396493594,0.9732525318110904,78.0,0.04543475105240238,0.06793438815502975,0.0,0.7212646834129441,8.430415086681961,0.4520974329861849,1.0,1.0
102.25,-0.006685872562229633,0.7061193585395813,1.0,0.1952966958867161,0.28961564396493594,0.9732525318110904,78.0,0.04543475105240238,0.06793438815502975,0.0,0.7212596195673336,8.457599744943174,0.44388081348771613,1.0,1.0
102.5,0.0002820468507707119,0.6904634237289429,1.0,0.1952966958867161,0.28961564396493594,0.9732525318110904,78.0,0.04543475105240238,0.06793438815502975,0.0,0.71637373159942,8.484585107670458,0.4357262601861333,1.0,1.0
102.75,-0.008908020332455635,0.706476092338562,1.0,0.1952966958867161,0.28961564396493594,0.9732525318110904,78.0,0.02351574974597184,0.035273624618957757,0.0,0.7088426887202126,8.511164691660927,0.4276953181029884,1.0,1.0
103.0,-0.0026679690927267075,0.6908535361289978,1.0,0.1952966958867161,0.28961564396493594,0.9732525318110904,78.0,0.02351574974597184,0.035273624618957757,0.0,0.7055158616952147,8.537984565886664,0.41959442516399303,1.0,1.0
103.25,0.13242068886756897,0.6660560369491577,1.0,0.1952966958867161,0.28961564396493594,0.9732525318110904,79.0,0.02351574974597184,0.035273624618957757,0.0,0.7038700462749568,8.564818006180225,0.41147533006451903,1.0,1.0
103.5,0.1581127941608429,0.6660016775131226,1.0,0.1952966958867161,0.28961564396493594,0.9732525318110904,79.0,0.02351574974597184,0.035273624618957757,0.0,0.6965043676868911,8.590859577748668,0.4036477473930089,1.0,1.0
103.75,0.17842158675193787,0.6687359809875488,1.0,0.1952966958867161,0.28961564396493594,0.9732525318110904,79.0,0.02351574974597184,0.035273624618957757,0.0,0.6882848586114946,8.629460595126293,0.3923574330048285,1.0,1.0
104.0,0.1582634150981903,0.6419878005981445,1.0,0.1952966958867161,0.28961564396493594,0.9732525318110904,79.0,0.02351574974597184,0.035273624618957757,0.0,0.6820401454753793,8.654849612134724,0.3851796610055325,1.0,1.0
104.25,0.13075825572013855,0.6275282502174377,1.0,0.1952966958867161,0.28961564396493594,0.9732525318110904,80.0,0.02351574974597184,0.035273624618957757,0.0,0.6717412915781049,8.679723001223806,0.37833268978163426,1.0,1.0
104.5,0.09455714374780655,0.6143350005149841,1.0,0.1952966958867161,0.28961564396493594,0.9732525318110904,80.0,0.02351574974597184,0.035273624618957757,0.0,0.6583530906015563,8.703910524028926,0.3718305394631491,1.0,1.0
104.75,0.08643916249275208,0.5887021422386169,1.0,0.1952966958867161,0.28961564396493594,0.9732525318110904,80.0,0.02351574974597184,0.035273624618957757,0.0,0.6486435798739159,8.727870022242106,0.36549810692383883,1.0,1.0
105.0,0.06197115033864975,0.5700328350067139,1.0,0.1952966958867161,0.28961564396493594,0.9732525318110904,80.0,0.02351574974597184,0.035273624618957757,0.0,0.6264795073343199,8.762271457650584,0.3565604949006763,1.0,1.0
105.25,-0.061443716287612915,0.5372082591056824,1.0,0.1952966958867161,0.28961564396493594,0.9732525318110904,81.0,0.02351574974597184,0.035273624618957757,0.0,0.6184443680269112,8.773339913377697,0.35371912694881497,1.0,1.0
105.5,-0.10114148259162903,0.5107845664024353,1.0,0.1952966958867161,0.28961564396493594,0.9732525318110904,81.0,0.02351574974597184,0.035273624618957757,0.0,0.5892871511449684,8.804663508608082,0.34568753449152156,1.0,1.0
105.75,-0.11267583072185516,0.5121646523475647,1.0,0.1952966958867161,0.28961564396493594,0.9732525318110904,81.0,0.016257802293511394,0.025112498185513137,0.0,0.567952222024732,8.824387911883479,0.340537413220059,1.0,1.0
106.0,-0.07783117145299911,0.5025148391723633,1.0,0.1952966958867161,0.28961564396493594,0.9732525318110904,81.0,0.016257802293511394,0.025112498185513137,0.0,0.5502551897923768,8.843926012737068,0.3353371224030991,1.0,1.0
106.25,-0.10039439052343369,0.48027241230010986,1.0,0.18832653061224489,0.2795918367346939,0.972382292202112,82.0,0.016257802293511394,0.025112498185513137,0.0,0.5337856307930198,8.86319240126659,0.330130618114232,1.0,1.0
106.5,-0.100916288793087,0.46934837102890015,1.0,0.18832653061224489,0.2795918367346939,0.972382292202112,82.0,0.016257802293511394,0.025112498185513137,0.0,0.5157832869287944,8.881815148525188,0.3250305625824063,1.0,1.0
106.75,-0.09136306494474411,0.4763537049293518,1.0,0.18832653061224489,0.2795918367346939,0.972382292202112,82.0,0.016257802293511394,0.025112498185513137,0.0,0.5012027644694593,8.899857431945666,0.3200151530427721,1.0,1.0
107.0,-0.08099772036075592,0.4846051335334778,1.0,0.18832653061224489,0.2795918367346939,0.972382292202112,82.0,0.016257802293511394,0.025112498185513137,0.0,0.4927646212557741,8.917946448636686,0.31491486947183356,1.0,1.0
107.25,-0.07890469580888748,0.48617255687713623,1.0,0.18832653061224489,0.2795918367346939,0.972382292202112,83.0,0.016257802293511394,0.025112498185513137,0.0,0.48538715136836214,8.945595145283793,0.3069992139169574,1.0,1.0
107.5,-0.10738897323608398,0.4777401089668274,1.0,0.18832653061224489,0.2795918367346939,0.972382292202112,83.0,0.016257802293511394,0.025112498185513137,0.0,0.4815346647328002,8.96413924144859,0.30161173676950587,1.0,1.0
107.75,-0.09886813908815384,0.48273923993110657,1.0,0.18832653061224489,0.2795918367346939,0.972382292202112,83.0,0.016257802293511394,0.025112498185513137,0.0,0.47929421193896327,8.98251631785161,0.29619488628084095,1.0,1.0
108.0,-0.07563935220241547,0.48356306552886963,1.0,0.18832653061224489,0.2795918367346939,0.972382292202112,83.0,0.016257802293511394,0.025112498185513137,0.0,0.48054864705327316,9.000967584645895,0.29067296243562407,1.0,1.0
108.25,-0.07084871083498001,0.4860248565673828,1.0,0.18832653061224489,0.2795918367346939,0.972382292202112,84.0,0.016257802293511394,0.025112498185513137,0.0,0.48219603771872427,9.019499921217385,0.2850564802270574,1.0,1.0
108.5,-0.06791254132986069,0.4786558151245117,1.0,0.18832653061224489,0.2795918367346939,0.972382292202112,84.0,0.016257802293511394,0.025112498185513137,0.0,0.4830482581672576,9.037999544437884,0.27939308634317983,1.0,1.0
108.75,-0.03309730067849159,0.47210755944252014,1.0,0.18832653061224489,0.2795918367346939,0.972382292202112,84.0,0.009870808535346205,0.016257802293511394,0.0,0.4805604121346199,9.056184177157352,0.2737792794622656,1.0,1.0
109.0,-0.007191317155957222,0.4730076193809509,1.0,0.18832653061224489,0.2795918367346939,0.972382292202112,84.0,0.009870808535346205,0.016257802293511394,0.0,0.4792303784231715,9.074189583888252,0.26818563078611907,1.0,1.0
109.25,-0.004297617357224226,0.48130565881729126,1.0,0.18832653061224489,0.2795918367346939,0.972382292202112,85.0,0.009870808535346205,0.016257802293511394,0.0,0.4796989838741204,9.083244287533471,0.2653656002776104,1.0,1.0
109.5,0.16032275557518005,0.4754055142402649,1.0,0.18832653061224489,0.2795918367346939,0.972382292202112,85.0,0.009870808535346205,0.016257802293511394,0.0,0.4796989838741204,9.083244287533471,0.2653656002776104,1.0,1.0
109.75,0.17432942986488342,0.47159701585769653,1.0,0.18832653061224489,0.2795918367346939,0.972382292202112,85.0,0.009870808535346205,0.016257802293511394,0.0,0.4796989838741204,9.083244287533471,0.2653656002776104,1.0,1.0
110.0,0.17610302567481995,0.4653441905975342,1.0,0.18832653061224489,0.2795918367346939,0.972382292202112,85.0,0.009870808535346205,0.016257802293511394,0.0,0.4796989838741204,9.083244287533471,0.2653656002776104,1.0,1.0
110.25,0.17299991846084595,0.4786350429058075,1.0,0.18832653061224489,0.2795918367346939,0.972382292202112,86.0,0.009870808535346205,0.016257802293511394,0.0,0.4796989838741204,9.083244287533471,0.2653656002776104,1.0,1.0
110.5,0.16259799897670746,0.4721396267414093,1.0,0.18832653061224489,0.2795918367346939,0.972382292202112,86.0,0.009870808535346205,0.016257802293511394,0.0,0.4796989838741204,9.083244287533471,0.2653656002776104,1.0,1.0
110.75,0.17809361219406128,0.4834482669830322,1.0,0.18832653061224489,0.2795918367346939,0.972382292202112,86.0,0.009870808535346205,0.016257802293511394,0.0,0.4796989838741204,9.083244287533471,0.2653656002776104,1.0,1.0
111.0,0.18113163113594055,0.47818705439567566,1.0,0.18832653061224489,0.2795918367346939,0.972382292202112,86.0,0.009870808535346205,0.016257802293511394,0.0,0.4796989838741204,9.083244287533471,0.2653656002776104,1.0,1.0
111.25,0.1779232919216156,0.4800395965576172,1.0,0.18832653061224489,0.2795918367346939,0.972382292202112,87.0,0.009870808535346205,0.016257802293511394,0.0,0.4796989838741204,9.083244287533471,0.2653656002776104,1.0,1.0
111.5,0.18831366300582886,0.47954094409942627,1.0,0.18832653061224489,0.2795918367346939,0.972382292202112,87.0,0.009870808535346205,0.016257802293511394,0.0,0.4796989838741204,9.083244287533471,0.2653656002776104,1.0,1.0
111.75,0.18202735483646393,0.48357337713241577,1.0,0.18832653061224489,0.2795918367346939,0.972382292202112,87.0,0.009870808535346205,0.016257802293511394,0.0,0.4796989838741204,9.083244287533471,0.2653656002776104,1.0,1.0
112.0,0.1767236441373825,0.47238609194755554,1.0,0.18832653061224489,0.2795918367346939,0.972382292202112,87.0,0.009870808535346205,0.016257802293511394,0.0,0.4796989838741204,9.083244287533471,0.2653656002776104,1.0,1.0
112.25,0.18111960589885712,0.47175633907318115,1.0,0.18832653061224489,0.2795918367346939,0.972382292202112,87.0,0.009870808535346205,0.016257802293511394,0.0,0.4796989838741204,9.083244287533471,0.2653656002776104,1.0,1.0
112.5,0.17814265191555023,0.47490665316581726,1.0,0.18832653061224489,0.2795918367346939,0.972382292202112,88.0,0.009870808535346205,0.016257802293511394,0.0,0.4796989838741204,9.083244287533471,0.2653656002776104,1.0,1.0
112.75,0.17988058924674988,0.48223569989204407,1.0,0.18832653061224489,0.2795918367346939,0.972382292202112,88.0,0.009870808535346205,0.016257802293511394,0.0,0.4796989838741204,9.083244287533471,0.2653656002776104,1.0,1.0
113.0,0.2001197189092636,0.4882429540157318,1.0,0.18832653061224489,0.2795918367346939,0.972382292202112,88.0,0.009870808535346205,0.016257802293511394,0.0,0.4796989838741204,9.083244287533471,0.2653656002776104,1.0,1.0
113.25,0.1877732127904892,0.4774132966995239,1.0,0.18832653061224489,0.2795918367346939,0.972382292202112,88.0,0.009870808535346205,0.016257802293511394,0.0,0.4796989838741204,9.083244287533471,0.2653656002776104,1.0,1.0
113.5,0.1807161569595337,0.47997552156448364,1.0,0.18832653061224489,0.2795918367346939,0.972382292202112,89.0,0.009870808535346205,0.016257802293511394,0.0,0.4796989838741204,9.083244287533471,0.2653656002776104,1.0,1.0
113.75,0.18024036288261414,0.48114922642707825,1.0,0.18832653061224489,0.2795918367346939,0.972382292202112,89.0,0.009870808535346205,0.016257802293511394,0.0,0.4796989838741204,9.083244287533471,0.2653656002776104,1.0,1.0
114.0,0.19481581449508667,0.48155948519706726,1.0,0.18832653061224489,0.2795918367346939,0.972382292202112,89.0,0.009870808535346205,0.016257802293511394,0.0,0.4796989838741204,9.083244287533471,0.2653656002776104,1.0,1.0
114.25,0.1928882896900177,0.4875108301639557,1.0,0.18832653061224489,0.2795918367346939,0.972382292202112,89.0,0.009870808535346205,0.016257802293511394,0.0,0.4796989838741204,9.083244287533471,0.2653656002776104,1.0,1.0
114.5,0.17987202107906342,0.48184022307395935,1.0,0.18832653061224489,0.2795918367346939,0.972382292202112,90.0,0.009870808535346205,0.016257802293511394,0.0,0.4796989838741204,9.083244287533471,0.2653656002776104,1.0,1.0
