t_s,cmd_angular_z,cmd_linear_x,fault_active,global_costmap_lethal_ratio,global_costmap_occupied_ratio,global_costmap_unknown_ratio,global_plan_update_count,local_costmap_lethal_ratio,local_costmap_occupied_ratio,local_costmap_unknown_ratio,odom_speed,odom_x,odom_y,scan_range_max_ratio,scan_span_ratio
0.0,nan,nan,nan,nan,nan,nan,nan,nan,nan,nan,nan,nan,nan,1.0,1.0
0.25,nan,nan,0.0,nan,nan,nan,nan,nan,nan,nan,nan,nan,nan,1.0,1.0
0.5,nan,nan,0.0,nan,nan,nan,nan,nan,nan,nan,nan,nan,nan,1.0,1.0
0.75,nan,nan,0.0,nan,nan,nan,nan,nan,nan,nan,nan,nan,nan,1.0,1.0
1.0,nan,nan,0.0,nan,nan,nan,nan,nan,nan,nan,nan,nan,nan,1.0,1.0
1.25,nan,nan,0.0,nan,nan,nan,nan,nan,nan,nan,0.0,0.0,0.0,1.0,1.0
1.5,nan,nan,0.0,nan,nan,nan,nan,nan,nan,nan,0.0007858304987527168,7.858344282714007e-06,0.0,1.0,1.0
1.75,nan,nan,0.0,nan,nan,nan,nan,nan,nan,nan,4.0469318356283076e-06,3.1544669474042644e-05,-7.623350129550476e-36,1.0,1.0
2.0,nan,nan,0.0,nan,nan,nan,nan,nan,nan,nan,0.0007776439739013603,8.222792025378164e-06,-9.749545367280589e-38,1.0,1.0
2.25,nan,nan,0.0,nan,nan,nan,nan,nan,nan,nan,0.0023449586882017463,-8.54563301855975e-05,1.1192616019656175e-36,1.0,1.0
2.5,nan,nan,0.0,nan,nan,nan,nan,nan,nan,nan,0.0031262668271995458,-0.000249601785609143,-9.630032905309919e-37,1.0,1.0
2.75,nan,nan,0.0,nan,nan,nan,nan,nan,nan,nan,0.00044295276454428024,1.052529517779991e-06,9.653804612110855e-37,1.0,1.0
3.0,nan,nan,0.0,nan,nan,nan,nan,nan,nan,nan,0.0002478269576912384,-3.590353843844498e-06,3.5161532542629267e-31,1.0,1.0
3.25,nan,nan,0.0,nan,nan,nan,nan,nan,nan,nan,0.00025616174567806555,-4.158698300660667e-06,-2.5290185881457034e-31,1.0,1.0
3.5,nan,nan,0.0,nan,nan,nan,nan,nan,nan,nan,0.0005205044595183698,-4.146887217279633e-06,6.431538286510653e-32,1.0,1.0
3.75,nan,nan,0.0,nan,nan,nan,nan,nan,nan,nan,0.00026576892182856096,-4.413176852049183e-06,2.5243497529947983e-31,1.0,1.0
4.0,nan,nan,0.0,nan,nan,nan,nan,nan,nan,nan,0.000521053383220357,-4.1806040056784915e-06,-2.618294075431352e-33,1.0,1.0
4.25,nan,nan,0.0,nan,nan,nan,nan,nan,nan,nan,0.0005210250474337773,-4.168811905677351e-06,5.516559709827794e-32,1.0,1.0
4.5,nan,nan,0.0,nan,nan,nan,nan,nan,nan,nan,0.00025961519101428847,-4.340681936505774e-06,-1.0326445881689456e-31,1.0,1.0
4.75,nan,nan,0.0,nan,nan,nan,nan,nan,nan,nan,0.000520841761510034,-4.1679971986580065e-06,-2.7107263629170373e-31,1.0,1.0
5.0,nan,nan,0.0,nan,nan,nan,nan,nan,nan,nan,0.0005208215732184254,-4.1658108464110885e-06,2.1849181330135e-31,1.0,1.0
5.25,nan,nan,0.0,nan,nan,nan,nan,nan,nan,nan,0.0005206296148369535,-4.165446350827774e-06,2.006838692093205e-31,1.0,1.0
5.5,nan,nan,0.0,nan,nan,nan,nan,nan,nan,nan,0.0005206561166224492,-4.163542077258794e-06,-2.171331690848419e-31,1.0,1.0
5.75,nan,nan,0.0,nan,nan,nan,nan,nan,nan,nan,0.00025880367792405483,-4.333674409759106e-06,4.8732775538439314e-32,1.0,1.0
6.0,nan,nan,0.0,nan,nan,nan,nan,nan,nan,nan,0.0005203705947831528,-4.1603273741513735e-06,-9.657623070850634e-32,1.0,1.0
6.25,nan,nan,0.0,nan,nan,nan,nan,nan,nan,nan,0.0002594660801248351,-4.3365115391693765e-06,2.8934636155684194e-32,1.0,1.0
6.5,nan,nan,0.0,nan,nan,nan,nan,nan,nan,nan,0.00025932869910007055,-4.338471824101585e-06,-1.9323088097368879e-31,1.0,1.0
6.75,nan,nan,0.0,nan,nan,nan,nan,nan,nan,nan,0.0007081508463392486,-5.646917368057517e-06,9.665667060399491e-32,0.2,0.07777777777777778
7.0,nan,nan,0.0,nan,nan,nan,nan,nan,nan,nan,0.0007361872286990519,-1.0322302265825871e-05,2.1415716984193786e-32,0.2,0.07777777777777778
7.25,nan,nan,0.0,nan,nan,nan,nan,nan,nan,nan,0.00010968604882724469,-1.8682216198689132e-06,-6.175204109168916e-32,0.2,0.07777777777777778
7.5,nan,nan,0.0,nan,nan,nan,nan,nan,nan,nan,2.245566655562238e-06,-6.22019013437858e-07,3.064356386594084e-32,0.2,0.07777777777777778
7.75,nan,nan,0.0,nan,nan,nan,nan,nan,nan,nan,8.602593083734728e-05,-4.269479914185575e-07,-1.0960232389714984e-32,0.2,0.07777777777777778
8.0,nan,nan,0.0,nan,nan,nan,nan,nan,nan,nan,8.600636176872388e-05,-4.1590133441822975e-07,-5.372642745592442e-34,0.2,0.07777777777777778
8.25,nan,nan,0.0,nan,nan,nan,nan,nan,nan,nan,4.2612424219171076e-06,-4.7551960595481885e-07,-8.19823243957743e-33,0.2,0.07777777777777778
8.5,nan,nan,0.0,nan,nan,nan,nan,nan,nan,nan,8.675570421964417e-05,-4.2053824737886966e-07,-7.000840990182124e-33,0.2,0.07777777777777778
8.75,nan,nan,0.0,nan,nan,nan,nan,nan,nan,nan,3.42806508607262e-06,-4.842056610104809e-07,1.9742557774568877e-32,0.2,0.07777777777777778
9.0,nan,nan,0.0,nan,nan,nan,nan,nan,nan,nan,8.755678273793173e-05,-4.294471649191617e-07,-3.130191168687174e-32,0.2,0.07777777777777778
9.25,nan,nan,0.0,nan,nan,nan,nan,nan,nan,nan,2.6960991756812343e-06,-4.924779772297813e-07,1.4920744153450192e-32,0.2,0.07777777777777778
9.5,nan,nan,0.0,nan,nan,nan,nan,nan,nan,nan,8.820891872888781e-05,-4.369005123491689e-07,1.4881271840754105e-32,0.2,0.07777777777777778
9.75,nan,nan,0.0,nan,nan,nan,nan,nan,nan,nan,8.839481471239478e-05,-4.3903070716213926e-07,-1.3283897520038968e-32,0.2,0.07777777777777778
10.0,nan,nan,0.0,nan,nan,nan,nan,nan,nan,nan,8.856647179714893e-05,-4.4099972117140817e-07,6.0141798801359935e-33,0.2,0.07777777777777778
10.25,nan,nan,0.0,nan,nan,nan,nan,nan,nan,nan,1.9463825349780195e-06,-5.010210391150204e-07,-3.402178355371942e-32,0.2,0.07777777777777778
10.5,nan,nan,0.0,nan,nan,nan,nan,nan,nan,nan,1.9463825349780195e-06,-5.010210391150204e-07,-3.402178355371942e-32,0.2,0.07777777777777778
10.75,nan,nan,0.0,nan,nan,nan,nan,nan,nan,nan,5.865434359034221e-05,-4.369601384772519e-06,-3.1224201815025788e-31,0.2,0.07777777777777778
11.0,nan,nan,0.0,nan,nan,nan,nan,nan,nan,nan,6.602777332297447e-05,2.8532691331264976e-08,-5.316535349885645e-32,0.2,0.07777777777777778
11.25,nan,nan,0.0,nan,nan,nan,nan,nan,nan,nan,1.1706020661793373e-05,-2.1326757420656682e-07,-1.8781003233011382e-32,0.2,0.07777777777777778
11.5,nan,nan,0.0,nan,nan,nan,nan,nan,nan,nan,1.1706020661793373e-05,-2.1326757420656682e-07,-1.8781003233011382e-32,0.2,0.07777777777777778
11.75,nan,nan,0.0,nan,nan,nan,nan,nan,nan,nan,4.944209759811086e-06,-3.877723992344012e-07,-3.4859955415997287e-32,0.2,0.07777777777777778
12.0,nan,nan,0.0,nan,nan,nan,nan,nan,nan,nan,4.944209759811086e-06,-3.877723992344012e-07,-3.4859955415997287e-32,0.2,0.07777777777777778
12.25,nan,nan,0.0,nan,nan,nan,nan,nan,nan,nan,8.734023042551125e-05,-3.8046406463948476e-07,-5.1138840846246256e-33,0.2,0.07777777777777778
12.5,nan,nan,0.0,nan,nan,nan,nan,nan,nan,nan,2.242859889553996e-06,-4.7236084313729575e-07,-1.9514322693741594e-33,0.2,0.07777777777777778
12.75,nan,nan,0.0,nan,nan,nan,nan,nan,nan,nan,1.432628755983896e-06,-4.997933058141638e-07,1.1526792764386092e-32,0.2,0.07777777777777778
13.0,nan,nan,0.0,nan,nan,nan,nan,0.0,0.0,0.0,1.1581525210026188e-06,-5.081388319314297e-07,3.964202410385008e-33,0.2,0.07777777777777778
13.25,nan,nan,0.0,nan,nan,nan,nan,0.0,0.0,0.0,1.0266246874545314e-06,-5.110361853792589e-07,9.973866705827643e-33,0.2,0.07777777777777778
13.5,nan,nan,0.0,nan,nan,nan,nan,0.0,0.0,0.0,9.360433024356344e-07,-5.124329652453322e-07,2.4846022624169988e-33,0.2,0.07777777777777778
13.75,nan,nan,0.0,nan,nan,nan,nan,0.0,0.0,0.0,8.976141960340596e-05,-4.547150265773307e-07,2.4992933574515377e-32,0.2,0.07777777777777778
14.0,nan,nan,0.0,nan,nan,nan,nan,0.0,0.0,0.0,8.982588113942008e-05,-4.5546767452608186e-07,-3.8900147307584595e-33,0.2,0.07777777777777778
14.25,nan,nan,0.0,0.15902527075812276,0.20703971119133574,0.9875100325550776,nan,0.0,0.0,0.0,8.988499494542234e-05,-4.561499922303502e-07,3.2147930996742663e-32,0.2,0.07777777777777778
14.5,nan,nan,0.0,0.15902527075812276,0.20703971119133574,0.9875100325550776,nan,0.0,0.0,0.0,6.733572459678183e-07,-5.155579842837903e-07,-7.463829529857531e-35,0.2,0.07777777777777778
14.75,nan,nan,0.0,0.15902527075812276,0.20703971119133574,0.9875100325550776,nan,0.0,0.0,0.0,6.209053496425522e-07,-5.161577522660938e-07,2.619545614433628e-32,0.2,0.07777777777777778
15.0,nan,nan,0.0,0.15902527075812276,0.20703971119133574,0.9875100325550776,nan,0.0,0.0,0.0,9.003559223900796e-05,-4.5788089623460546e-07,-2.4581115899163275e-32,0.2,0.07777777777777778
15.25,nan,nan,0.0,0.15902527075812276,0.20703971119133574,0.9875100325550776,nan,0.0,0.0,0.0,9.00781205928402e-05,-4.583691126889714e-07,4.97883270735175e-32,0.2,0.07777777777777778
15.5,nan,nan,0.0,0.15902527075812276,0.20703971119133574,0.9875100325550776,nan,0.0,0.0,0.0,9.011726146266821e-05,-4.588187814193374e-07,7.259778244732019e-33,0.2,0.07777777777777778
15.75,nan,nan,0.0,0.15902527075812276,0.20703971119133574,0.9875100325550776,nan,0.0,0.0,0.0,4.1465521806506505e-07,-5.185151326925354e-07,1.265293033152891e-32,0.2,0.07777777777777778
16.0,nan,nan,0.0,0.15902527075812276,0.20703971119133574,0.9875100325550776,nan,0.11191754971694005,0.17549716940049354,0.0,3.826502233308727e-07,-5.188809706263713e-07,-1.0045518562072538e-32,0.2,0.07777777777777778
16.25,nan,nan,0.0,0.15902527075812276,0.20703971119133574,0.9875100325550776,nan,0.11191754971694005,0.17549716940049354,0.0,9.024528400072929e-05,-4.6028901763243824e-07,-1.4147235642758486e-32,0.2,0.07777777777777778
16.5,nan,nan,0.0,0.15902527075812276,0.20703971119133574,0.9875100325550776,nan,0.11191754971694005,0.17549716940049354,0.0,3.009533336340823e-07,-5.198147588833788e-07,3.348655271252709e-33,0.2,0.07777777777777778
16.75,nan,nan,0.0,0.15902527075812276,0.20703971119133574,0.9875100325550776,nan,0.11191754971694005,0.17549716940049354,0.0,2.778436611338579e-07,-5.200786246781448e-07,1.4699217911439536e-33,0.2,0.07777777777777778
17.0,nan,nan,0.0,0.15902527075812276,0.20703971119133574,0.9875100325550776,nan,0.11191754971694005,0.17549716940049354,0.0,2.56562435089596e-07,-5.203217582905327e-07,-8.130054426745862e-33,0.2,0.07777777777777778
17.25,nan,nan,0.0,0.15902527075812276,0.20703971119133574,0.9875100325550776,nan,0.11191754971694005,0.17549716940049354,0.0,9.035643332534255e-05,-4.615644513329251e-07,-4.8245137005494485e-34,0.2,0.07777777777777778
17.5,nan,nan,0.0,0.15902527075812276,0.20703971119133574,0.9875100325550776,nan,0.11191754971694005,0.17549716940049354,0.0,9.037372243194946e-05,-4.6176300994988306e-07,-7.040348668812608e-35,0.2,0.07777777777777778
17.75,nan,nan,0.0,0.15902527075812276,0.20703971119133574,0.9875100325550776,nan,0.11191754971694005,0.17549716940049354,0.0,1.868013504274757e-07,-5.211188249257949e-07,-1.985705832691289e-33,0.2,0.07777777777777778
18.0,nan,nan,0.0,0.15902527075812276,0.20703971119133574,0.9875100325550776,nan,0.11191754971694005,0.17549716940049354,0.0,9.041781020381497e-05,-4.622694452423487e-07,7.419162860167773e-34,0.2,0.07777777777777778
18.25,nan,nan,0.0,0.15902527075812276,0.20703971119133574,0.9875100325550776,nan,0.11191754971694005,0.17549716940049354,0.0,9.043028363535808e-05,-4.6241284691962867e-07,-6.555882683323249e-33,0.2,0.07777777777777778
18.5,nan,nan,0.0,0.15902527075812276,0.20703971119133574,0.9875100325550776,nan,0.11191754971694005,0.17549716940049354,0.0,1.3640760342073127e-07,-5.21693782434169e-07,-9.327420320582186e-33,0.2,0.07777777777777778
18.75,nan,nan,0.0,0.15902527075812276,0.20703971119133574,0.9875100325550776,nan,0.11191754971694005,0.17549716940049354,0.0,1.2615700499132453e-07,-5.218106203382625e-07,9.019473827836066e-34,0.2,0.07777777777777778
19.0,nan,nan,0.0,0.15902527075812276,0.20703971119133574,0.9875100325550776,nan,0.11191754971694005,0.17549716940049354,0.0,9.047112018854729e-05,-4.6288252355997017e-07,3.737879829874848e-32,0.2,0.07777777777777778
19.25,nan,nan,0.0,0.15902527075812276,0.20703971119133574,0.9875100325550776,nan,0.11191754971694005,0.17549716940049354,0.0,9.047945734616124e-05,-4.6297790020344195e-07,3.5654916773524855e-33,0.2,0.07777777777777778
19.5,nan,nan,0.0,0.15902527075812276,0.20703971119133574,0.9875100325550776,nan,0.11191754971694005,0.17549716940049354,0.0,9.257989025328477e-08,-5.221939615270084e-07,-5.40267121825296e-33,0.2,0.07777777777777778
19.75,nan,nan,0.0,0.15902527075812276,0.20703971119133574,0.9875100325550776,nan,0.11191754971694005,0.17549716940049354,0.0,8.576196323268622e-08,-5.222718409687268e-07,-8.597040084972262e-34,0.2,0.07777777777777778
20.0,nan,nan,0.0,0.15902527075812276,0.20703971119133574,0.9875100325550776,nan,0.11191754971694005,0.17549716940049354,0.0,9.050669484632448e-05,-4.632906785263243e-07,-4.2826771906468936e-32,0.2,0.07777777777777778
20.25,nan,nan,0.0,0.15902527075812276,0.20703971119133574,0.9875100325550776,nan,0.11191754971694005,0.17549716940049354,0.0,9.051224886447464e-05,-4.633541675656538e-07,-2.009924186125244e-33,0.2,0.07777777777777778
20.5,nan,nan,0.0,0.15902527075812276,0.20703971119133574,0.9875100325550776,nan,0.11191754971694005,0.17549716940049354,0.0,9.05173329401748e-05,-4.634127149317463e-07,-6.674141291053248e-33,0.2,0.07777777777777778
20.75,nan,nan,0.0,0.15902527075812276,0.20703971119133574,0.9875100325550776,nan,0.11191754971694005,0.17549716940049354,0.0,5.890548929097083e-08,-5.225785930416733e-07,1.0838480313585278e-32,0.2,0.07777777777777778
21.0,nan,nan,0.0,0.15902527075812276,0.20703971119133574,0.9875100325550776,nan,0.11191754971694005,0.17549716940049354,0.0,5.468403276159811e-08,-5.226267489040434e-07,1.580949027885247e-33,0.2,0.07777777777777778
21.25,nan,nan,0.0,0.15902527075812276,0.20703971119133574,0.9875100325550776,nan,0.11191754971694005,0.17549716940049354,0.0,1.0619863954435284e-05,-5.278352820609491e-07,1.911850624974196e-32,0.2,0.07777777777777778
21.5,nan,nan,0.0,0.15902527075812276,0.20703971119133574,0.9875100325550776,nan,0.11191754971694005,0.17549716940049354,0.0,2.17161015875383e-06,-5.538902374742508e-07,2.5230249494859308e-33,0.2,0.07777777777777778
21.75,nan,nan,0.0,0.15902527075812276,0.20703971119133574,0.9875100325550776,nan,0.11191754971694005,0.17549716940049354,0.0,4.841251937287033e-07,-5.367042593458941e-07,-3.7121651331384264e-34,0.2,0.07777777777777778
22.0,nan,nan,0.0,0.15902527075812276,0.20703971119133574,0.9875100325550776,nan,0.11191754971694005,0.17549716940049354,0.0,9.060851393869975e-05,-4.660880325944411e-07,-7.22835316360562e-33,0.2,0.07777777777777778
22.25,nan,nan,0.0,0.15902527075812276,0.20703971119133574,0.9875100325550776,nan,0.11191754971694005,0.17549716940049354,0.0,9.056252601912633e-05,-4.643925933436754e-07,3.416821133117285e-32,0.2,0.07777777777777778
22.5,nan,nan,0.0,0.15902527075812276,0.20703971119133574,0.9875100325550776,nan,0.11191754971694005,0.17549716940049354,0.0,2.7428036138537867e-08,-5.231786401898916e-07,-1.6357879679932142e-32,0.2,0.07777777777777778
22.75,-0.015301387757062912,0.18798156082630157,0.0,0.15902527075812276,0.20703971119133574,0.9875100325550776,1.0,0.11191754971694005,0.17549716940049354,0.0,3.1139463368904564e-08,-5.229592076428267e-07,3.766029304699937e-33,0.2,0.07777777777777778
23.0,-0.05514282360672951,0.36316192150115967,0.0,0.15902527075812276,0.20703971119133574,0.9875100325550776,1.0,0.11191754971694005,0.17549716940049354,0.0,0.0020018527248506935,0.0005033754127624246,-8.572525541016671e-08,0.18333333333333332,0.07777777777777778
23.25,-0.05507759377360344,0.44707512855529785,0.0,0.15902527075812276,0.20703971119133574,0.9875100325550776,1.0,0.11191754971694005,0.17549716940049354,0.0,0.022124829606827618,0.0037457204054604323,-3.935873474982536e-06,0.18888888888888888,0.08333333333333333
23.5,-0.06677239388227463,0.5247688889503479,0.0,0.15902527075812276,0.20703971119133574,0.9875100325550776,1.0,0.11191754971694005,0.17549716940049354,0.0,0.05748438894734999,0.010308111915436421,-2.7793028423374128e-05,0.18888888888888888,0.07777777777777778
23.75,-0.05434894189238548,0.6007989645004272,0.0,0.15902527075812276,0.20703971119133574,0.9875100325550776,2.0,0.11191754971694005,0.17549716940049354,0.0,0.10520410844060425,0.020228283200517578,-9.016788224161091e-05,0.2,0.07777777777777778
24.0,-0.05356116220355034,0.6383678317070007,0.0,0.15902527075812276,0.20703971119133574,0.9875100325550776,2.0,0.11191754971694005,0.17549716940049354,0.0,0.16645673345988676,0.03351119005180477,-0.00021092800359724575,0.2,0.07777777777777778
24.25,-0.045977771282196045,0.679707407951355,0.0,0.15902527075812276,0.20703971119133574,0.9875100325550776,2.0,0.11990129191464653,0.18348091159820004,0.0,0.2406165626874525,0.05016203054195126,-0.0004026235356151615,0.18333333333333332,0.07222222222222222
24.5,-0.024686291813850403,0.7025585174560547,0.0,0.15902527075812276,0.20703971119133574,0.9875100325550776,2.0,0.11990129191464653,0.18348091159820004,0.0,0.3185992865139949,0.07010813861626267,-0.000676432730031763,0.19444444444444445,0.07777777777777778
24.75,-0.02502117119729519,0.715199887752533,0.0,0.15902527075812276,0.20703971119133574,0.9875100325550776,3.0,0.11990129191464653,0.18348091159820004,0.0,0.3974128122428576,0.09328426402048534,-0.0010351980551875507,0.19444444444444445,0.07777777777777778
25.0,0.0011595773976296186,0.7251408696174622,0.0,0.15902527075812276,0.20703971119133574,0.9875100325550776,3.0,0.11990129191464653,0.18348091159820004,0.0,0.47629571033229007,0.11966713192475291,-0.0014682931461520272,0.19444444444444445,0.07777777777777778
25.25,0.0009409473277628422,0.7310319542884827,0.0,0.15902527075812276,0.20703971119133574,0.9875100325550776,3.0,0.11990129191464653,0.18348091159820004,0.0,0.5532986416230528,0.14880220569651126,-0.001965838431402847,0.2,0.08333333333333333
25.5,0.005919286981225014,0.7363266348838806,0.0,0.15902527075812276,0.20703971119133574,0.9875100325550776,3.0,0.11990129191464653,0.18348091159820004,0.0,0.6390744428287785,0.1936136648586889,-0.0027453350345150204,0.19444444444444445,0.08333333333333333
25.75,0.0035385293886065483,0.7524939179420471,0.0,0.15902527075812276,0.20703971119133574,0.9875100325550776,4.0,0.11990129191464653,0.18348091159820004,0.0,0.6800275687663133,0.22357015701165892,-0.0032633584457706774,0.19444444444444445,0.08333333333333333
26.0,0.03098263405263424,0.733752429485321,0.0,0.15902527075812276,0.20703971119133574,0.9875100325550776,4.0,0.11990129191464653,0.18348091159820004,0.0,0.7106404787288076,0.2537581817818432,-0.0037698673127577157,0.2,0.08888888888888889
26.25,0.0337851457297802,0.734233558177948,0.0,0.15455791638108293,0.20305003427004797,0.9868426985544103,4.0,0.11990129191464653,0.18348091159820004,0.0,0.7235785261676909,0.2834808530516723,-0.004245283351661284,0.2,0.08888888888888889
26.5,0.03430940583348274,0.729781448841095,0.0,0.15455791638108293,0.20305003427004797,0.9868426985544103,4.0,0.11990129191464653,0.18348091159820004,0.0,0.7284825058018902,0.31308594735894135,-0.0046830541230394795,0.20555555555555555,0.08888888888888889
26.75,0.030959803611040115,0.7094599604606628,0.0,0.15455791638108293,0.20305003427004797,0.9868426985544103,5.0,0.11990129191464653,0.18348091159820004,0.0,0.7308050770590833,0.3425582977568733,-0.005084443403643109,0.20555555555555555,0.08888888888888889
27.0,0.031224343925714493,0.7141176462173462,0.0,0.15455791638108293,0.20305003427004797,0.9868426985544103,5.0,0.11990129191464653,0.18348091159820004,0.0,0.7269211188825762,0.3712815024203916,-0.005437035762980297,0.2111111111111111,0.09444444444444444
27.25,0.02542106807231903,0.7168501615524292,0.0,0.15455791638108293,0.20305003427004797,0.9868426985544103,5.0,0.13456234576861664,0.2008999854841051,0.0,0.7205204950432555,0.39963895431478097,-0.005752317683029126,0.21666666666666667,0.09444444444444444
27.5,0.04836340248584747,0.7222808599472046,1.0,0.15455791638108293,0.20305003427004797,0.9868426985544103,5.0,0.13456234576861664,0.2008999854841051,0.0,0.7183656290162694,0.44259583888876997,-0.006161792172262226,1.0,1.0
27.75,0.05346844345331192,0.7293779253959656,1.0,0.15455791638108293,0.20305003427004797,0.9868426985544103,6.0,0.13456234576861664,0.2008999854841051,0.0,0.7166770339559239,0.4713693569275587,-0.006379926399696918,1.0,1.0
28.0,0.037898026406764984,0.721601128578186,1.0,0.15455791638108293,0.20305003427004797,0.9868426985544103,6.0,0.13456234576861664,0.2008999854841051,0.0,0.7183666038734148,0.5004910733169057,-0.006542859235046085,1.0,1.0
28.25,0.03456590324640274,0.7254602313041687,1.0,0.15455791638108293,0.20305003427004797,0.9868426985544103,6.0,0.13456234576861664,0.2008999854841051,0.0,0.7202854858549553,0.5294493176600487,-0.006653406441134778,1.0,1.0
28.5,0.020425524562597275,0.7323840260505676,1.0,0.15455791638108293,0.20305003427004797,0.9868426985544103,6.0,0.13456234576861664,0.2008999854841051,0.0,0.7226937164357256,0.5584464452329692,-0.006725479043023372,1.0,1.0
28.75,0.027368592098355293,0.7422373294830322,1.0,0.15455791638108293,0.20305003427004797,0.9868426985544103,7.0,0.13456234576861664,0.2008999854841051,0.0,0.7275061980838643,0.6025453108007918,-0.006773152312725401,1.0,1.0
29.0,0.03164880350232124,0.733401358127594,1.0,0.15455791638108293,0.20305003427004797,0.9868426985544103,7.0,0.13456234576861664,0.2008999854841051,0.0,0.7304134459119654,0.6320859169811157,-0.006767398910515169,1.0,1.0
29.25,0.03771866485476494,0.7233446836471558,1.0,0.15455791638108293,0.20305003427004797,0.9868426985544103,7.0,0.13456234576861664,0.2008999854841051,0.0,0.7313432037462915,0.6615142857670423,-0.00672872200821678,1.0,1.0
29.5,0.020190337672829628,0.7309163808822632,1.0,0.15455791638108293,0.20305003427004797,0.9868426985544103,7.0,0.13456234576861664,0.2008999854841051,0.0,0.7325530948851913,0.6906432543545523,-0.0066524738583287925,1.0,1.0
29.75,0.03288867697119713,0.716370165348053,1.0,0.15455791638108293,0.20305003427004797,0.9868426985544103,7.0,0.13456234576861664,0.2008999854841051,0.0,0.7341730315088679,0.7199536594272932,-0.006527148548993977,1.0,1.0
30.0,0.0022649168968200684,0.7232100963592529,1.0,0.15455791638108293,0.20305003427004797,0.9868426985544103,8.0,0.13456234576861664,0.2008999854841051,0.0,0.7314931025024247,0.7488754119744145,-0.006370078740922822,1.0,1.0
30.25,0.009358817711472511,0.7316192984580994,1.0,0.15455791638108293,0.20305003427004797,0.9868426985544103,8.0,0.1666424735084918,0.24909275656844246,0.0,0.7288638532789067,0.7777679699800545,-0.006188747613226471,1.0,1.0
30.5,0.006908450275659561,0.7325305342674255,1.0,0.15455791638108293,0.20305003427004797,0.9868426985544103,8.0,0.1666424735084918,0.24909275656844246,0.0,0.7268983032127309,0.8068814501139919,-0.005993282627306631,1.0,1.0
30.75,0.05973357707262039,0.7248349189758301,1.0,0.15455791638108293,0.20305003427004797,0.9868426985544103,8.0,0.1666424735084918,0.24909275656844246,0.0,0.7279993986647416,0.8361926277939575,-0.0057901144290448655,0.21666666666666667,0.11666666666666667
31.0,0.07394160330295563,0.7384086847305298,1.0,0.15455791638108293,0.20305003427004797,0.9868426985544103,9.0,0.1666424735084918,0.24909275656844246,0.0,0.7268941913382108,0.8652281613081257,-0.005562566579287669,0.22777777777777777,0.11666666666666667
31.25,0.020717715844511986,0.7439548969268799,1.0,0.15455791638108293,0.20305003427004797,0.9868426985544103,9.0,0.1666424735084918,0.24909275656844246,0.0,0.7272801439018536,0.8943333111609494,-0.005264025564775208,0.23333333333333334,0.12222222222222222
31.5,0.04563494399189949,0.7493256330490112,1.0,0.15455791638108293,0.20305003427004797,0.9868426985544103,9.0,0.1666424735084918,0.24909275656844246,0.0,0.7333055867164935,0.9388694156918984,-0.00468145471445014,0.22777777777777777,0.12222222222222222
31.75,0.03336050733923912,0.7330052852630615,1.0,0.15455791638108293,0.20305003427004797,0.9868426985544103,9.0,0.1666424735084918,0.24909275656844246,0.0,0.7352137347607438,0.9686738433962951,-0.0042391878872537585,0.2388888888888889,0.12222222222222222
32.0,-0.3126738369464874,0.7118692398071289,1.0,0.15455791638108293,0.20305003427004797,0.9868426985544103,10.0,0.1666424735084918,0.24909275656844246,0.0,0.736232158230265,0.9982309277632461,-0.00375967922472475,0.2388888888888889,0.13333333333333333
32.25,-0.3357202410697937,0.7186407446861267,1.0,0.17388724035608308,0.23590504451038577,0.9848046244442641,10.0,0.1666424735084918,0.24909275656844246,0.0,0.7323760954155106,1.026914090567804,-0.0033122828464025077,0.25,0.13333333333333333
32.5,-0.3447563648223877,0.7222813963890076,1.0,0.17388724035608308,0.23590504451038577,0.9848046244442641,10.0,0.1666424735084918,0.24909275656844246,0.0,0.7321845007875142,1.0557639708755737,-0.0030513925634861323,0.24444444444444444,0.13333333333333333
32.75,-0.31696617603302,0.7315278053283691,1.0,0.17388724035608308,0.23590504451038577,0.9848046244442641,10.0,0.1666424735084918,0.24909275656844246,0.0,0.7302049754347923,1.0847443893773865,-0.003157503697745166,0.24444444444444444,0.1388888888888889
33.0,-0.2815673053264618,0.7348398566246033,1.0,0.17388724035608308,0.23590504451038577,0.9848046244442641,11.0,0.1666424735084918,0.24909275656844246,0.0,0.7280176857919659,1.1139250868434842,-0.0036884147420092697,0.25555555555555554,0.14444444444444443
33.25,-0.2954137325286865,0.7272529602050781,1.0,0.17388724035608308,0.23590504451038577,0.9848046244442641,11.0,0.1926259253883002,0.28320510959500655,0.0,0.7260735140894714,1.1431727087731602,-0.00459979856186544,0.25555555555555554,0.15
33.5,-0.26789426803588867,0.73664391040802,1.0,0.17388724035608308,0.23590504451038577,0.9848046244442641,11.0,0.1926259253883002,0.28320510959500655,0.0,0.7274827246089742,1.1723335752365236,-0.00584329149700842,0.25555555555555554,0.15
33.75,-0.264122873544693,0.7347012162208557,1.0,0.17388724035608308,0.23590504451038577,0.9848046244442641,11.0,0.1926259253883002,0.28320510959500655,0.0,0.7303277394276136,1.216231316756262,-0.008334039544811708,1.0,1.0
34.0,-0.23570232093334198,0.737281084060669,1.0,0.17388724035608308,0.23590504451038577,0.9848046244442641,12.0,0.1926259253883002,0.28320510959500655,0.0,0.7312795212885951,1.2455097915441422,-0.010380765750753404,1.0,1.0
34.25,-0.2200562059879303,0.7283194065093994,1.0,0.17388724035608308,0.23590504451038577,0.9848046244442641,12.0,0.1926259253883002,0.28320510959500655,0.0,0.732498766769696,1.2748655885899225,-0.012721531051721613,1.0,1.0
34.5,-0.25574374198913574,0.70814049243927,1.0,0.17388724035608308,0.23590504451038577,0.9848046244442641,12.0,0.1926259253883002,0.28320510959500655,0.0,0.7331200747650112,1.3043159411588374,-0.015348992209907287,1.0,1.0
34.75,-0.22466808557510376,0.7160186767578125,1.0,0.17388724035608308,0.23590504451038577,0.9848046244442641,12.0,0.1926259253883002,0.28320510959500655,0.0,0.7289204277994763,1.3324380614705154,-0.018124982771605767,1.0,1.0
35.0,-0.1869187355041504,0.7265278697013855,1.0,0.17388724035608308,0.23590504451038577,0.9848046244442641,13.0,0.1926259253883002,0.28320510959500655,0.0,0.7263211016237233,1.3608165988656247,-0.02121748086782729,1.0,1.0
35.25,-0.20002508163452148,0.7165591716766357,1.0,0.17388724035608308,0.23590504451038577,0.9848046244442641,13.0,0.1926259253883002,0.28320510959500655,0.0,0.7230282594348026,1.4037449314041175,-0.026374930126717138,1.0,1.0
35.5,-0.1921323984861374,0.7364242672920227,1.0,0.17388724035608308,0.23590504451038577,0.9848046244442641,13.0,0.1926259253883002,0.28320510959500655,0.0,0.7195600462202032,1.4322265906070935,-0.03007573579725681,1.0,1.0
35.75,-0.17367860674858093,0.7199687361717224,1.0,0.17388724035608308,0.23590504451038577,0.9848046244442641,13.0,0.1926259253883002,0.28320510959500655,0.0,0.7205211951703571,1.4610920673872365,-0.03405302875875926,1.0,1.0
36.0,-0.17880842089653015,0.7288432121276855,1.0,0.17388724035608308,0.23590504451038577,0.9848046244442641,14.0,0.1926259253883002,0.28320510959500655,0.0,0.7226789575124876,1.4898749011736439,-0.03823896493700454,1.0,1.0
36.25,-0.16097475588321686,0.7289441227912903,1.0,0.17388724035608308,0.23590504451038577,0.9848046244442641,14.0,0.19523878647118595,0.28233415590071126,0.0,0.7250656841420265,1.518680482636779,-0.042629858391757605,1.0,1.0
36.5,-0.14575828611850739,0.7166761159896851,1.0,0.17388724035608308,0.23590504451038577,0.9848046244442641,14.0,0.19523878647118595,0.28233415590071126,0.0,0.7260641114226808,1.5475590069791605,-0.04723019960424015,0.2777777777777778,0.16111111111111112
36.75,-0.13178718090057373,0.7193751335144043,1.0,0.17388724035608308,0.23590504451038577,0.9848046244442641,14.0,0.19523878647118595,0.28233415590071126,0.0,0.726442578801371,1.5760748642991278,-0.05195434411851095,0.2722222222222222,0.16111111111111112
37.0,-0.1344328224658966,0.7354682683944702,1.0,0.17388724035608308,0.23590504451038577,0.9848046244442641,15.0,0.19523878647118595,0.28233415590071126,0.0,0.7247105588264492,1.604344997365501,-0.056805054736177495,0.26666666666666666,0.15555555555555556
37.25,-0.12451868504285812,0.7252986431121826,1.0,0.17388724035608308,0.23590504451038577,0.9848046244442641,15.0,0.19523878647118595,0.28233415590071126,0.0,0.72442058875647,1.6328748061135685,-0.06185166006409112,0.2777777777777778,0.16666666666666666
37.5,-0.13377487659454346,0.7236647009849548,1.0,0.17388724035608308,0.23590504451038577,0.9848046244442641,15.0,0.19523878647118595,0.28233415590071126,0.0,0.7258493726027796,1.6616797564666275,-0.06709259351865725,0.2833333333333333,0.16111111111111112
37.75,-0.09506502747535706,0.7164299488067627,1.0,0.17388724035608308,0.23590504451038577,0.9848046244442641,15.0,0.19523878647118595,0.28233415590071126,0.0,0.723347219889814,1.7042542919047063,-0.07513095479029286,0.2833333333333333,0.16111111111111112
38.0,-0.03193247318267822,0.7242721915245056,1.0,0.17388724035608308,0.23590504451038577,0.9848046244442641,16.0,0.19523878647118595,0.28233415590071126,0.0,0.7235325872033671,1.7325755292012106,-0.08065665560730427,0.28888888888888886,0.16666666666666666
38.25,-0.05577712506055832,0.708664059638977,1.0,0.1867872591427448,0.2587495084545812,0.9828003679355031,16.0,0.19523878647118595,0.28233415590071126,0.0,0.7247935949950144,1.7609456777922294,-0.08627536170654883,0.2777777777777778,0.16111111111111112
38.5,-0.06082197651267052,0.7007278203964233,1.0,0.1867872591427448,0.2587495084545812,0.9828003679355031,16.0,0.19523878647118595,0.28233415590071126,0.0,0.7205926127814095,1.7889248858984474,-0.09186515574124737,0.28888888888888886,0.16666666666666666
38.75,-0.0381343774497509,0.6944772005081177,1.0,0.1867872591427448,0.2587495084545812,0.9828003679355031,16.0,0.19523878647118595,0.28233415590071126,0.0,0.7182436120711782,1.8166755992400163,-0.09747577797080582,0.28888888888888886,0.16666666666666666
39.0,-0.041365671902894974,0.6923190355300903,1.0,0.1867872591427448,0.2587495084545812,0.9828003679355031,17.0,0.19523878647118595,0.28233415590071126,0.0,0.7131606325912336,1.843932774953365,-0.10305722505062509,0.2833333333333333,0.16111111111111112
39.25,0.05590542405843735,0.6588530540466309,1.0,0.1867872591427448,0.2587495084545812,0.9828003679355031,17.0,0.19044854115256205,0.26883437363913487,0.0,0.7078462108814669,1.8710739859227392,-0.10867067040117023,0.28888888888888886,0.16666666666666666
39.5,0.05774891376495361,0.6484270691871643,1.0,0.1867872591427448,0.2587495084545812,0.9828003679355031,17.0,0.19044854115256205,0.26883437363913487,0.0,0.6981217116952299,1.8973823902528582,-0.11413279302080838,1.0,1.0
39.75,0.07203338295221329,0.6531803607940674,1.0,0.1867872591427448,0.2587495084545812,0.9828003679355031,17.0,0.19044854115256205,0.26883437363913487,0.0,0.6869202498688862,1.9230185986410444,-0.11940606180452185,1.0,1.0
40.0,0.09552781283855438,0.6421716213226318,1.0,0.1867872591427448,0.2587495084545812,0.9828003679355031,17.0,0.19044854115256205,0.26883437363913487,0.0,0.6765431000788346,1.948448742417406,-0.1245643293965236,1.0,1.0
40.25,0.05155746638774872,0.6283804178237915,1.0,0.1867872591427448,0.2587495084545812,0.9828003679355031,18.0,0.19044854115256205,0.26883437363913487,0.0,0.6666172235596229,1.9736190262183326,-0.12957976128676338,1.0,1.0
40.5,0.08445526659488678,0.6190994381904602,1.0,0.1867872591427448,0.2587495084545812,0.9828003679355031,18.0,0.19044854115256205,0.26883437363913487,0.0,0.656238944659091,1.9986003078562202,-0.13446644874778377,1.0,1.0
40.75,0.08434758335351944,0.5962474942207336,1.0,0.1867872591427448,0.2587495084545812,0.9828003679355031,18.0,0.19044854115256205,0.26883437363913487,0.0,0.6413224863982949,2.0350684540554456,-0.14147886982596963,1.0,1.0
41.0,0.07910476624965668,0.602307915687561,1.0,0.1867872591427448,0.2587495084545812,0.9828003679355031,18.0,0.19044854115256205,0.26883437363913487,0.0,0.6312396009024742,2.0587006643291197,-0.14592224754818675,1.0,1.0
41.25,0.0738721713423729,0.6191417574882507,1.0,0.1867872591427448,0.2587495084545812,0.9828003679355031,19.0,0.19044854115256205,0.26883437363913487,0.0,0.6234764128970793,2.0823505808707705,-0.15028557423913066,1.0,1.0
41.5,0.07912622392177582,0.6088523864746094,1.0,0.1867872591427448,0.2587495084545812,0.9828003679355031,19.0,0.19044854115256205,0.26883437363913487,0.0,0.6184584151295225,2.106347218727632,-0.15463897027238588,1.0,1.0
41.75,0.12873004376888275,0.6167811155319214,1.0,0.1867872591427448,0.2587495084545812,0.9828003679355031,19.0,0.19044854115256205,0.26883437363913487,0.0,0.6120474830911219,2.1302096535355495,-0.15889093500789564,1.0,1.0
42.0,0.13776490092277527,0.614922046661377,1.0,0.1867872591427448,0.2587495084545812,0.9828003679355031,19.0,0.19044854115256205,0.26883437363913487,0.0,0.6090268524270145,2.1542427636687598,-0.16308084260605865,1.0,1.0
42.25,0.1369113028049469,0.6220614910125732,1.0,0.1867872591427448,0.2587495084545812,0.9828003679355031,20.0,0.19044854115256205,0.26883437363913487,0.0,0.6097834061589514,2.1784540308887466,-0.16717668564069266,1.0,1.0
42.5,0.14191778004169464,0.6164384484291077,1.0,0.1867872591427448,0.2587495084545812,0.9828003679355031,20.0,0.1847873421396429,0.2634634925243141,0.0,0.612449657585629,2.202884028280011,-0.1711737646535553,0.29444444444444445,0.16666666666666666
42.75,0.20016548037528992,0.6075179576873779,1.0,0.1867872591427448,0.2587495084545812,0.9828003679355031,20.0,0.1847873421396429,0.2634634925243141,0.0,0.6141815932572875,2.227396200558169,-0.17504598131331356,0.3,0.16666666666666666
43.0,0.20057880878448486,0.6089393496513367,1.0,0.1867872591427448,0.2587495084545812,0.9828003679355031,20.0,0.1847873421396429,0.2634634925243141,0.0,0.6145038849110718,2.2636102183009825,-0.18045945243562023,0.29444444444444445,0.16666666666666666
43.25,0.1732337474822998,0.6244135499000549,1.0,0.1867872591427448,0.2587495084545812,0.9828003679355031,21.0,0.1847873421396429,0.2634634925243141,0.0,0.613917133586097,2.287740861264651,-0.18382580118021538,0.29444444444444445,0.16666666666666666
43.5,0.20871984958648682,0.6297717094421387,1.0,0.1867872591427448,0.2587495084545812,0.9828003679355031,21.0,0.1847873421396429,0.2634634925243141,0.0,0.6149946264399585,2.312294819310594,-0.18705777567330922,0.29444444444444445,0.17222222222222222
43.75,0.19509917497634888,0.6259487271308899,1.0,0.1867872591427448,0.2587495084545812,0.9828003679355031,21.0,0.1847873421396429,0.2634634925243141,0.0,0.6165403247097097,2.3372418208246413,-0.19014700160985962,0.29444444444444445,0.16666666666666666
44.0,0.1705748438835144,0.622529149055481,1.0,0.1867872591427448,0.2587495084545812,0.9828003679355031,21.0,0.1847873421396429,0.2634634925243141,0.0,0.6185654683972612,2.362238471881808,-0.19304649076003677,0.3,0.16111111111111112
44.25,0.20022957026958466,0.6434308886528015,1.0,0.20410599188350442,0.2896872761995703,0.9811117423730036,22.0,0.1847873421396429,0.2634634925243141,0.0,0.6198792794528145,2.387007173701127,-0.1957307565041809,0.28888888888888886,0.16666666666666666
44.5,0.21984973549842834,0.6504695415496826,1.0,0.20410599188350442,0.2896872761995703,0.9811117423730036,22.0,0.1847873421396429,0.2634634925243141,0.0,0.6290460470499872,2.425094372093745,-0.19950723593014938,0.29444444444444445,0.16666666666666666
44.75,0.242496058344841,0.6610462665557861,1.0,0.20410599188350442,0.2896872761995703,0.9811117423730036,22.0,0.1847873421396429,0.2634634925243141,0.0,0.6334884952222384,2.450958145995527,-0.2018009069496996,0.3,0.16666666666666666
45.0,0.22351224720478058,0.6496598720550537,1.0,0.20410599188350442,0.2896872761995703,0.9811117423730036,22.0,0.1847873421396429,0.2634634925243141,0.0,0.6369319973676143,2.4769990978641587,-0.20385317257846572,0.3,0.17222222222222222
45.25,0.2498486042022705,0.657505452632904,1.0,0.20410599188350442,0.2896872761995703,0.9811117423730036,23.0,0.1847873421396429,0.2634634925243141,0.0,0.6424979608806413,2.503114142709268,-0.20565919138114613,0.28888888888888886,0.16666666666666666
45.5,0.26104700565338135,0.651679277420044,1.0,0.20410599188350442,0.2896872761995703,0.9811117423730036,23.0,0.21149658876469735,0.3049789519523879,0.0,0.6489860241890701,2.5293799319934664,-0.20722561281565802,1.0,1.0
45.75,0.22511854767799377,0.6670455932617188,1.0,0.20410599188350442,0.2896872761995703,0.9811117423730036,23.0,0.21149658876469735,0.3049789519523879,0.0,0.6517344199439621,2.5555380120232685,-0.20851081168665733,1.0,1.0
46.0,0.24690091609954834,0.6758588552474976,1.0,0.20410599188350442,0.2896872761995703,0.9811117423730036,23.0,0.21149658876469735,0.3049789519523879,0.0,0.6556674356923886,2.595042958150483,-0.20995420821265823,1.0,1.0
46.25,0.29770147800445557,0.6835170984268188,1.0,0.20410599188350442,0.2896872761995703,0.9811117423730036,24.0,0.21149658876469735,0.3049789519523879,0.0,0.6587226827953275,2.6219221230950067,-0.2106253646727726,1.0,1.0
46.5,0.26528629660606384,0.672017514705658,1.0,0.20410599188350442,0.2896872761995703,0.9811117423730036,24.0,0.21149658876469735,0.3049789519523879,0.0,0.6620463595811391,2.6490327028646754,-0.21101242416776358,1.0,1.0
46.75,0.2548685073852539,0.6728663444519043,1.0,0.20410599188350442,0.2896872761995703,0.9811117423730036,24.0,0.21149658876469735,0.3049789519523879,0.0,0.6654366567111579,2.6760697603646073,-0.21108354549892508,1.0,1.0
47.0,0.2811491787433624,0.6626162528991699,1.0,0.20410599188350442,0.2896872761995703,0.9811117423730036,24.0,0.21149658876469735,0.3049789519523879,0.0,0.6704807313584279,2.703101527906339,-0.21085917242114552,1.0,1.0
47.25,0.2671504616737366,0.6702842712402344,1.0,0.20410599188350442,0.2896872761995703,0.9811117423730036,25.0,0.21149658876469735,0.3049789519523879,0.0,0.6717352973800635,2.7297762444277853,-0.21035487167169478,1.0,1.0
47.5,0.24443002045154572,0.6476466059684753,1.0,0.20410599188350442,0.2896872761995703,0.9811117423730036,25.0,0.21149658876469735,0.3049789519523879,0.0,0.6723178435732224,2.756518834724551,-0.20955356353878607,1.0,1.0
47.75,0.2718544602394104,0.661206841468811,1.0,0.20410599188350442,0.2896872761995703,0.9811117423730036,25.0,0.21149658876469735,0.3049789519523879,0.0,0.6684177151036577,2.782853639849674,-0.2084837154263073,1.0,1.0
48.0,0.2701380252838135,0.6572007536888123,1.0,0.20410599188350442,0.2896872761995703,0.9811117423730036,25.0,0.21149658876469735,0.3049789519523879,0.0,0.6634628357796306,2.8088071501838425,-0.20716115905193835,1.0,1.0
48.25,0.27655208110809326,0.6440120935440063,1.0,0.20410599188350442,0.2896872761995703,0.9811117423730036,26.0,0.21149658876469735,0.3049789519523879,0.0,0.6634735367349713,2.8353215847673736,-0.20552990586394065,0.3,0.16666666666666666
48.5,0.274076372385025,0.6562248468399048,1.0,0.20410599188350442,0.2896872761995703,0.9811117423730036,26.0,0.21657715198141966,0.3152852373348817,0.0,0.6588579370271924,2.8612907565252126,-0.20365592502429086,0.3055555555555556,0.17777777777777778
48.75,0.2671416997909546,0.6495028138160706,1.0,0.20410599188350442,0.2896872761995703,0.9811117423730036,26.0,0.21657715198141966,0.3152852373348817,0.0,0.6550989280064746,2.9001169871354833,-0.20030797901388905,0.3055555555555556,0.17222222222222222
49.0,0.24504916369915009,0.6521886587142944,1.0,0.20410599188350442,0.2896872761995703,0.9811117423730036,26.0,0.21657715198141966,0.3152852373348817,0.0,0.6545123743496628,2.9260915813268755,-0.1977011953409971,0.3055555555555556,0.17777777777777778
49.25,0.26907914876937866,0.6525875329971313,1.0,0.20410599188350442,0.2896872761995703,0.9811117423730036,27.0,0.21657715198141966,0.3152852373348817,0.0,0.6524841052212995,2.951882938296439,-0.19483811325071243,0.29444444444444445,0.17222222222222222
49.5,0.71271812915802,0.564529538154602,1.0,0.20410599188350442,0.2896872761995703,0.9811117423730036,27.0,0.21657715198141966,0.3152852373348817,0.0,0.6481954735606663,2.977065173983613,-0.19177989080439514,0.3,0.17222222222222222
49.75,0.6929008364677429,0.5987444519996643,1.0,0.20410599188350442,0.2896872761995703,0.9811117423730036,27.0,0.21657715198141966,0.3152852373348817,0.0,0.6259157514954469,3.0000032778965675,-0.18865089247648642,0.3111111111111111,0.17777777777777778
50.0,0.6700137853622437,0.6035537719726562,1.0,0.20410599188350442,0.2896872761995703,0.9811117423730036,27.0,0.21657715198141966,0.3152852373348817,0.0,0.6159835378156333,3.0230886105671666,-0.1849865902085693,0.3,0.17777777777777778
50.25,0.6463777422904968,0.6097171306610107,1.0,0.2257884142250056,0.31346454931782597,0.9798402005609212,27.0,0.21657715198141966,0.3152852373348817,0.0,0.612310726586945,3.0467807582818174,-0.18057357683258973,0.3055555555555556,0.17777777777777778
50.5,0.6141011118888855,0.6190470457077026,1.0,0.2257884142250056,0.31346454931782597,0.9798402005609212,28.0,0.21657715198141966,0.3152852373348817,0.0,0.6056356666652578,3.070520197153545,-0.17547613883979535,0.3111111111111111,0.17777777777777778
50.75,0.6154379844665527,0.6247612833976746,1.0,0.2257884142250056,0.31346454931782597,0.9798402005609212,28.0,0.21657715198141966,0.3152852373348817,0.0,0.6007447487415597,3.0941472955115534,-0.169769376075614,0.31666666666666665,0.18333333333333332
51.0,0.6083601117134094,0.6376150250434875,1.0,0.2257884142250056,0.31346454931782597,0.9798402005609212,28.0,0.21657715198141966,0.3152852373348817,0.0,0.6116561426596567,3.130426063434372,-0.1598379684788715,0.31666666666666665,0.18333333333333332
51.25,0.6150690317153931,0.6522319316864014,1.0,0.2257884142250056,0.31346454931782597,0.9798402005609212,28.0,0.21657715198141966,0.3152852373348817,0.0,0.6182382865663473,3.154821600408294,-0.152356188088002,1.0,1.0
51.5,0.6094183921813965,0.6796887516975403,1.0,0.2257884142250056,0.31346454931782597,0.9798402005609212,29.0,0.24139933226883437,0.3515749745971839,0.0,0.6258627498103012,3.1795540947240752,-0.14411334909007412,1.0,1.0
51.75,0.6343135237693787,0.6775590181350708,1.0,0.2257884142250056,0.31346454931782597,0.9798402005609212,29.0,0.24139933226883437,0.3515749745971839,0.0,0.6317287395673518,3.1921537706246053,-0.13966077499228394,1.0,1.0
52.0,0.5849677324295044,0.6730685234069824,1.0,0.2257884142250056,0.31346454931782597,0.9798402005609212,29.0,0.24139933226883437,0.3515749745971839,0.0,0.6505751006925178,3.230346003041015,-0.12510838489914794,1.0,1.0
52.25,0.5901243686676025,0.6727702021598816,1.0,0.2257884142250056,0.31346454931782597,0.9798402005609212,29.0,0.24139933226883437,0.3515749745971839,0.0,0.6566595254672948,3.2551599355526863,-0.11475850564329285,1.0,1.0
52.5,0.5577326416969299,0.6678675413131714,1.0,0.2257884142250056,0.31346454931782597,0.9798402005609212,30.0,0.24139933226883437,0.3515749745971839,0.0,0.6654748710072793,3.2798371575885197,-0.10376313529597804,1.0,1.0
52.75,0.5160946249961853,0.676764965057373,1.0,0.2257884142250056,0.31346454931782597,0.9798402005609212,30.0,0.24139933226883437,0.3515749745971839,0.0,0.6700969883834177,3.304156704721546,-0.09224213779089721,1.0,1.0
53.0,0.5190619826316833,0.6730388402938843,1.0,0.2257884142250056,0.31346454931782597,0.9798402005609212,30.0,0.24139933226883437,0.3515749745971839,0.0,0.6732856027522378,3.3284446451256424,-0.08008401886790315,1.0,1.0
53.25,0.5114368796348572,0.6814925670623779,1.0,0.2257884142250056,0.31346454931782597,0.9798402005609212,30.0,0.24139933226883437,0.3515749745971839,0.0,0.6751123851404242,3.3526409336888237,-0.06733853059911059,1.0,1.0
53.5,0.4885115921497345,0.6899855732917786,1.0,0.2257884142250056,0.31346454931782597,0.9798402005609212,31.0,0.24139933226883437,0.3515749745971839,0.0,0.6767632604270788,3.376441032135106,-0.054172308733140044,1.0,1.0
53.75,0.4878360331058502,0.6898384094238281,1.0,0.2257884142250056,0.31346454931782597,0.9798402005609212,31.0,0.24139933226883437,0.3515749745971839,0.0,0.679021670879343,3.400199773119562,-0.04040087883610595,1.0,1.0
54.0,0.45815226435661316,0.6988502144813538,1.0,0.2257884142250056,0.31346454931782597,0.9798402005609212,31.0,0.24139933226883437,0.3515749745971839,0.0,0.6828535787530688,3.4238980882788,-0.02603844483626317,1.0,1.0
54.25,0.47346949577331543,0.7179099321365356,1.0,0.2257884142250056,0.31346454931782597,0.9798402005609212,31.0,0.24139933226883437,0.3515749745971839,0.0,0.6867817957183552,3.4475305036121093,-0.011098804459493721,1.0,1.0
54.5,0.4872129261493683,0.6994906663894653,1.0,0.2257884142250056,0.31346454931782597,0.9798402005609212,32.0,0.24139933226883437,0.3515749745971839,0.0,0.6920596536097742,3.4713490213457723,0.004582303125718719,0.35,0.2111111111111111
54.75,0.46330246329307556,0.7166001796722412,1.0,0.2257884142250056,0.31346454931782597,0.9798402005609212,32.0,0.241834809115982,0.35563942517056174,0.0,0.6963731345627705,3.494717722881436,0.020610777532164254,0.3333333333333333,0.2111111111111111
55.0,0.41853755712509155,0.7497897744178772,1.0,0.2257884142250056,0.31346454931782597,0.9798402005609212,32.0,0.241834809115982,0.35563942517056174,0.0,0.6996327533258302,3.517753291519308,0.03707387128049447,0.31666666666666665,0.21666666666666667
55.25,0.3917602598667145,0.710492730140686,1.0,0.2257884142250056,0.31346454931782597,0.9798402005609212,32.0,0.241834809115982,0.35563942517056174,0.0,0.7158759136532193,3.5532810733615423,0.06367227210677169,0.3055555555555556,0.22777777777777777
55.5,0.35808563232421875,0.7216230034828186,1.0,0.2257884142250056,0.31346454931782597,0.9798402005609212,33.0,0.241834809115982,0.35563942517056174,0.0,0.7157461683683279,3.575945577423878,0.0813572871632628,0.28888888888888886,0.22777777777777777
55.75,0.34549352526664734,0.7220209240913391,1.0,0.2257884142250056,0.31346454931782597,0.9798402005609212,33.0,0.241834809115982,0.35563942517056174,0.0,0.7173594125599103,3.598364942083469,0.09939780073614718,0.2777777777777778,0.2388888888888889
56.0,0.31346428394317627,0.7277161478996277,1.0,0.2257884142250056,0.31346454931782597,0.9798402005609212,33.0,0.241834809115982,0.35563942517056174,0.0,0.7221090296246715,3.6205907761777865,0.11780256375737622,0.25,0.23333333333333334
56.25,0.2705976963043213,0.7277570366859436,1.0,0.2257884142250056,0.31346454931782597,0.9798402005609212,33.0,0.241834809115982,0.35563942517056174,0.0,0.7237680146082492,3.6426687912821754,0.13659372876515438,0.25,0.25
56.5,0.2518260180950165,0.7436456084251404,1.0,0.2257884142250056,0.31346454931782597,0.9798402005609212,34.0,0.241834809115982,0.35563942517056174,0.0,0.7219075026053404,3.664580308485261,0.1557047122233623,0.25,0.25
56.75,0.2490592747926712,0.7277646660804749,1.0,0.2257884142250056,0.31346454931782597,0.9798402005609212,34.0,0.241834809115982,0.35563942517056174,0.0,0.7274431360918627,3.697622239193007,0.1853094893266549,0.25,0.25
57.0,0.2126253992319107,0.7463670372962952,1.0,0.2257884142250056,0.31346454931782597,0.9798402005609212,34.0,0.241834809115982,0.35563942517056174,0.0,0.7299141295439655,3.7193701724806565,0.20528611522419987,0.2611111111111111,0.2611111111111111
57.25,0.17884816229343414,0.7483727931976318,1.0,0.23853898886032562,0.3287275064267352,0.9789519248978709,34.0,0.241834809115982,0.35563942517056174,0.0,0.733767929661812,3.741011286175197,0.225543107442374,1.0,1.0
57.5,0.13981881737709045,0.7306231260299683,1.0,0.23853898886032562,0.3287275064267352,0.9789519248978709,35.0,0.241834809115982,0.35563942517056174,0.0,0.7387485701506605,3.762739430596702,0.2462143998069487,1.0,1.0
57.75,0.10792961716651917,0.7293409109115601,1.0,0.23853898886032562,0.3287275064267352,0.9789519248978709,35.0,0.23399622586732471,0.33851066918275513,0.0,0.7385241056678684,3.7838583526031377,0.2665742441572618,1.0,1.0
58.0,0.07465849816799164,0.7111260890960693,1.0,0.23853898886032562,0.3287275064267352,0.9789519248978709,35.0,0.23399622586732471,0.33851066918275513,0.0,0.7360581624797033,3.804673108909313,0.2868442563370504,1.0,1.0
58.25,0.06404916942119598,0.7142435908317566,1.0,0.23853898886032562,0.3287275064267352,0.9789519248978709,35.0,0.23399622586732471,0.33851066918275513,0.0,0.7338188091533411,3.8252075377889168,0.30698505435010404,1.0,1.0
58.5,0.031616538763046265,0.7203720808029175,1.0,0.23853898886032562,0.3287275064267352,0.9789519248978709,36.0,0.23399622586732471,0.33851066918275513,0.0,0.7290332153831119,3.8455298158089644,0.32703125933025046,1.0,1.0
58.75,0.03217339515686035,0.7046680450439453,1.0,0.23853898886032562,0.3287275064267352,0.9789519248978709,36.0,0.23399622586732471,0.33851066918275513,0.0,0.7230671335985182,3.865823796294104,0.3471315186636585,1.0,1.0
59.0,-0.006009515840560198,0.6937577724456787,1.0,0.23853898886032562,0.3287275064267352,0.9789519248978709,36.0,0.23399622586732471,0.33851066918275513,0.0,0.7192313697355632,3.886025663681302,0.3671810591201336,1.0,1.0
59.25,-0.037010304629802704,0.6820746660232544,1.0,0.23853898886032562,0.3287275064267352,0.9789519248978709,36.0,0.23399622586732471,0.33851066918275513,0.0,0.7116737518586544,3.9057636388048365,0.38678008850843454,1.0,1.0
59.5,-0.044541679322719574,0.68690025806427,1.0,0.23853898886032562,0.3287275064267352,0.9789519248978709,36.0,0.23399622586732471,0.33851066918275513,0.0,0.7059095286641214,3.9252581805698616,0.40612594117430256,1.0,1.0
59.75,-0.04850613698363304,0.6936483383178711,1.0,0.23853898886032562,0.3287275064267352,0.9789519248978709,37.0,0.23399622586732471,0.33851066918275513,0.0,0.7006722415044799,3.944575749834923,0.42524599365262394,1.0,1.0
60.0,-0.046634890139102936,0.7021702527999878,1.0,0.23853898886032562,0.3287275064267352,0.9789519248978709,37.0,0.23399622586732471,0.33851066918275513,0.0,0.6968364313608362,3.9644059532369686,0.4447993932535047,1.0,1.0
60.25,-0.0644458457827568,0.6974079608917236,1.0,0.23853898886032562,0.3287275064267352,0.9789519248978709,37.0,0.23399622586732471,0.33851066918275513,0.0,0.6915552687324993,3.993861967109013,0.47371088348177226,1.0,1.0
60.5,-0.03873689845204353,0.7110157012939453,1.0,0.23853898886032562,0.3287275064267352,0.9789519248978709,37.0,0.23399622586732471,0.33851066918275513,0.0,0.6913643163574296,4.003825430059366,0.4834480469813721,0.3611111111111111,0.3611111111111111
60.75,-0.04645711928606033,0.6986590027809143,1.0,0.23853898886032562,0.3287275064267352,0.9789519248978709,38.0,0.23399622586732471,0.33851066918275513,0.0,0.6960785584231465,4.024421277823148,0.503505426345158,0.3611111111111111,0.3611111111111111
61.0,-0.10708914697170258,0.7140237092971802,1.0,0.23853898886032562,0.3287275064267352,0.9789519248978709,38.0,0.1878356800696763,0.2874147191174336,0.0,0.6984719068129399,4.044420636717961,0.5229058032576244,0.3611111111111111,0.3611111111111111
61.25,-0.09561177343130112,0.7058920860290527,1.0,0.23853898886032562,0.3287275064267352,0.9789519248978709,38.0,0.1878356800696763,0.2874147191174336,0.0,0.704347951211459,4.075222021902466,0.5525911865006983,0.3611111111111111,0.3611111111111111
61.5,-0.10472646355628967,0.7131680846214294,1.0,0.23853898886032562,0.3287275064267352,0.9789519248978709,38.0,0.1878356800696763,0.2874147191174336,0.0,0.7075797425448858,4.0957061810349025,0.5721384137399879,0.3611111111111111,0.3611111111111111
61.75,-0.164048433303833,0.7018130421638489,1.0,0.23853898886032562,0.3287275064267352,0.9789519248978709,39.0,0.1878356800696763,0.2874147191174336,0.0,0.7106308227340018,4.116548932067059,0.5918640458763724,0.3611111111111111,0.3611111111111111
62.0,-0.15904617309570312,0.7040374279022217,1.0,0.23853898886032562,0.3287275064267352,0.9789519248978709,39.0,0.1878356800696763,0.2874147191174336,0.0,0.7093174514374277,4.137159766511192,0.6111654260044631,0.3611111111111111,0.3611111111111111
62.25,-0.17331886291503906,0.7016342282295227,1.0,0.23853898886032562,0.3287275064267352,0.9789519248978709,39.0,0.1878356800696763,0.2874147191174336,0.0,0.7100746433788788,4.1578854061126265,0.6303244287449093,0.3611111111111111,0.3611111111111111
62.5,-0.18039804697036743,0.6987946033477783,1.0,0.23853898886032562,0.3287275064267352,0.9789519248978709,39.0,0.1878356800696763,0.2874147191174336,0.0,0.7067954380968915,4.178543266171798,0.6491715089563119,0.3611111111111111,0.3611111111111111
62.75,-0.17081928253173828,0.7050921320915222,1.0,0.23853898886032562,0.3287275064267352,0.9789519248978709,40.0,0.1878356800696763,0.2874147191174336,0.0,0.7057867868961701,4.199379645703811,0.6679129934176243,0.36666666666666664,0.36666666666666664
63.0,-0.1731913536787033,0.6764665246009827,1.0,0.23853898886032562,0.3287275064267352,0.9789519248978709,40.0,0.1878356800696763,0.2874147191174336,0.0,0.7024332536004655,4.220245234356021,0.6864088825116023,0.36666666666666664,0.36666666666666664
63.25,-0.18751579523086548,0.6889815330505371,1.0,0.23853898886032562,0.3287275064267352,0.9789519248978709,40.0,0.1878356800696763,0.2874147191174336,0.0,0.699169778912639,4.240964722929887,0.704522501667846,1.0,1.0
63.5,-0.20009273290634155,0.6831436157226562,1.0,0.23853898886032562,0.3287275064267352,0.9789519248978709,40.0,0.1878356800696763,0.2874147191174336,0.0,0.6946762073244303,4.261702577660325,0.7223959238983919,1.0,1.0
63.75,-0.23290137946605682,0.6770633459091187,1.0,0.23853898886032562,0.3287275064267352,0.9789519248978709,41.0,0.1878356800696763,0.2874147191174336,0.0,0.6924214249104506,4.282598541126906,0.7401300145882208,1.0,1.0
64.0,-0.2269628793001175,0.6846754550933838,1.0,0.23853898886032562,0.3287275064267352,0.9789519248978709,41.0,0.1749165336042967,0.2659311946581507,0.0,0.6881982190868606,4.303470827694412,0.7575434406034626,1.0,1.0
64.25,-0.2201400250196457,0.6657447218894958,1.0,0.24353825558644837,0.34198331788693237,0.9781064848632416,41.0,0.1749165336042967,0.2659311946581507,0.0,0.6861009421308205,4.32459314086762,0.7748391369139696,1.0,1.0
64.5,-0.25166207551956177,0.6773252487182617,1.0,0.24353825558644837,0.34198331788693237,0.9781064848632416,41.0,0.1749165336042967,0.2659311946581507,0.0,0.6834093003596995,4.345673484834174,0.7917749346674272,1.0,1.0
64.75,-0.22889836132526398,0.6849567890167236,1.0,0.24353825558644837,0.34198331788693237,0.9781064848632416,42.0,0.1749165336042967,0.2659311946581507,0.0,0.6786415135618814,4.366611078780724,0.8082761365162473,1.0,1.0
65.0,-0.2720499336719513,0.671050488948822,1.0,0.24353825558644837,0.34198331788693237,0.9781064848632416,42.0,0.1749165336042967,0.2659311946581507,0.0,0.6798973421862092,4.38816344149828,0.8249280133258189,1.0,1.0
65.25,-0.2800764739513397,0.6563062071800232,1.0,0.24353825558644837,0.34198331788693237,0.9781064848632416,42.0,0.1749165336042967,0.2659311946581507,0.0,0.6781956154217669,4.409703731666511,0.8412417929148926,1.0,1.0
65.5,-0.28342005610466003,0.6576527953147888,1.0,0.24353825558644837,0.34198331788693237,0.9781064848632416,42.0,0.1749165336042967,0.2659311946581507,0.0,0.6730469953354522,4.430934438435446,0.8569551755468959,1.0,1.0
65.75,-0.2815246880054474,0.64892578125,1.0,0.24353825558644837,0.34198331788693237,0.9781064848632416,43.0,0.1749165336042967,0.2659311946581507,0.0,0.6703330407649937,4.452288461089578,0.8723772330761648,1.0,1.0
66.0,-0.2949486970901489,0.6513249278068542,1.0,0.24353825558644837,0.34198331788693237,0.9781064848632416,43.0,0.1749165336042967,0.2659311946581507,0.0,0.6662786233001946,4.473541566061434,0.8873640203729282,1.0,1.0
66.25,-0.2696721851825714,0.6212780475616455,1.0,0.24353825558644837,0.34198331788693237,0.9781064848632416,43.0,0.1749165336042967,0.2659311946581507,0.0,0.6604840782771261,4.49489395245213,0.9020593696339435,1.0,1.0
66.5,-0.31447282433509827,0.6349965929985046,1.0,0.24353825558644837,0.34198331788693237,0.9781064848632416,43.0,0.1749165336042967,0.2659311946581507,0.0,0.6528380285637021,4.515970069655718,0.9162080904010331,0.4388888888888889,0.4388888888888889
66.75,-0.29564011096954346,0.6483274698257446,1.0,0.24353825558644837,0.34198331788693237,0.9781064848632416,44.0,0.1749165336042967,0.2659311946581507,0.0,0.6445905110383036,4.547658032727307,0.9368222242836417,0.45,0.45
67.0,-0.30250924825668335,0.6435354351997375,1.0,0.24353825558644837,0.34198331788693237,0.9781064848632416,44.0,0.1749165336042967,0.2659311946581507,0.0,0.6430873982780485,4.569421145762467,0.9505194962378863,0.45555555555555555,0.45555555555555555
67.25,-0.29208701848983765,0.6337483525276184,1.0,0.24353825558644837,0.34198331788693237,0.9781064848632416,44.0,0.1763681230947888,0.26781826099579037,0.0,0.6406620684247852,4.591348839691891,0.963951024858028,0.4666666666666667,0.4666666666666667
67.5,-0.2912847101688385,0.615324854850769,1.0,0.24353825558644837,0.34198331788693237,0.9781064848632416,44.0,0.1763681230947888,0.26781826099579037,0.0,0.6378162997069073,4.613111749064014,0.9769201223460665,0.4777777777777778,0.4777777777777778
67.75,-0.2971963882446289,0.6384181976318359,1.0,0.24353825558644837,0.34198331788693237,0.9781064848632416,45.0,0.1763681230947888,0.26781826099579037,0.0,0.6339191302789668,4.634484007947843,0.98931543824239,0.4777777777777778,0.4777777777777778
68.0,-0.3017362654209137,0.6549699902534485,1.0,0.24353825558644837,0.34198331788693237,0.9781064848632416,45.0,0.1763681230947888,0.26781826099579037,0.0,0.6365071313638628,4.656547039610028,1.001771913686721,0.4888888888888889,0.4888888888888889
68.25,-0.2851068079471588,0.6343507766723633,1.0,0.24353825558644837,0.34198331788693237,0.9781064848632416,45.0,0.1763681230947888,0.26781826099579037,0.0,0.6397460476910195,4.690824771242521,1.0204684829768238,0.49444444444444446,0.49444444444444446
68.5,-0.2793988287448883,0.6214303970336914,1.0,0.24353825558644837,0.34198331788693237,0.9781064848632416,45.0,0.1763681230947888,0.26781826099579037,0.0,0.635639515934634,4.713273166675541,1.032289144181174,0.5055555555555555,0.5055555555555555
68.75,-0.27603399753570557,0.6247726678848267,1.0,0.24353825558644837,0.34198331788693237,0.9781064848632416,46.0,0.1763681230947888,0.26781826099579037,0.0,0.6326932142118722,4.7353572218530156,1.0435923894337935,0.5111111111111111,0.5111111111111111
69.0,-0.3003596067428589,0.6333514451980591,1.0,0.24353825558644837,0.34198331788693237,0.9781064848632416,46.0,0.1763681230947888,0.26781826099579037,0.0,0.6343295485549547,4.7577407693648395,1.054733166706265,0.5222222222222223,0.5222222222222223
69.25,-0.30440205335617065,0.624857485294342,1.0,0.24353825558644837,0.34198331788693237,0.9781064848632416,46.0,0.1763681230947888,0.26781826099579037,0.0,0.6342170071569095,4.780556998973391,1.0657701875452388,0.5277777777777778,0.5277777777777778
69.5,-0.25999948382377625,0.6105405688285828,1.0,0.24353825558644837,0.34198331788693237,0.9781064848632416,46.0,0.1763681230947888,0.26781826099579037,0.0,0.6297895815296246,4.803296441174549,1.0764315698654268,1.0,1.0
69.75,-0.3081037998199463,0.6272056102752686,1.0,0.24353825558644837,0.34198331788693237,0.9781064848632416,47.0,0.1763681230947888,0.26781826099579037,0.0,0.6259907025657584,4.825742441861834,1.086637074403687,1.0,1.0
70.0,-0.3065829277038574,0.652315080165863,1.0,0.24353825558644837,0.34198331788693237,0.9781064848632416,47.0,0.1763681230947888,0.26781826099579037,0.0,0.624035945128362,4.848362835591553,1.0966096174301525,1.0,1.0
70.25,-0.3043733835220337,0.6585428714752197,1.0,0.24353825558644837,0.34198331788693237,0.9781064848632416,47.0,0.17564232834954274,0.26404412832051094,0.0,0.6287782662901339,4.87192678124784,1.1066655103624052,1.0,1.0
70.5,-0.2656770348548889,0.6625203490257263,1.0,0.24353825558644837,0.34198331788693237,0.9781064848632416,47.0,0.17564232834954274,0.26404412832051094,0.0,0.6327022823671408,4.896071710759114,1.116634318309543,1.0,1.0
70.75,-0.2669104337692261,0.6696361303329468,1.0,0.24353825558644837,0.34198331788693237,0.9781064848632416,47.0,0.17564232834954274,0.26404412832051094,0.0,0.6390733006923937,4.920802251797254,1.126511725859754,1.0,1.0
71.0,-0.2897108495235443,0.6715148091316223,1.0,0.24353825558644837,0.34198331788693237,0.9781064848632416,48.0,0.17564232834954274,0.26404412832051094,0.0,0.6461725203710644,4.945626748494873,1.1361147888950398,1.0,1.0
71.25,-0.2811887562274933,0.6617845296859741,1.0,0.24603415176316054,0.34616550469839347,0.9776871466060655,48.0,0.17564232834954274,0.26404412832051094,0.0,0.661204062716137,4.983721518519417,1.1502563625982754,1.0,1.0
71.5,-0.2989274561405182,0.6518039107322693,1.0,0.24603415176316054,0.34616550469839347,0.9776871466060655,48.0,0.17564232834954274,0.26404412832051094,0.0,0.6636356209455995,5.008817122040391,1.1591566769071961,1.0,1.0
71.75,-0.3133707046508789,0.6639955043792725,1.0,0.24603415176316054,0.34616550469839347,0.9776871466060655,48.0,0.17564232834954274,0.26404412832051094,0.0,0.6630034691622251,5.033554437638606,1.167595628215983,1.0,1.0
72.0,-0.3200266361236572,0.664081335067749,1.0,0.24603415176316054,0.34616550469839347,0.9776871466060655,49.0,0.17564232834954274,0.26404412832051094,0.0,0.6627497120735656,5.058482321595313,1.1757442086328638,1.0,1.0
72.25,-0.3113563060760498,0.6595110893249512,1.0,0.24603415176316054,0.34616550469839347,0.9776871466060655,49.0,0.17564232834954274,0.26404412832051094,0.0,0.6627674667900482,5.083725977024383,1.1836403900296324,0.6388888888888888,0.6388888888888888
72.5,-0.31059029698371887,0.6815089583396912,1.0,0.24603415176316054,0.34616550469839347,0.9776871466060655,49.0,0.17564232834954274,0.26404412832051094,0.0,0.6591895911445197,5.108950103178424,1.1911849933843472,0.6555555555555556,0.6555555555555556
72.75,-0.2953183054924011,0.6905434727668762,1.0,0.24603415176316054,0.34616550469839347,0.9776871466060655,49.0,0.17564232834954274,0.26404412832051094,0.0,0.6627287524755234,5.135233760251846,1.1986993304884712,0.6611111111111111,0.6611111111111111
73.0,-0.302983820438385,0.6763851642608643,1.0,0.24603415176316054,0.34616550469839347,0.9776871466060655,50.0,0.17564232834954274,0.26404412832051094,0.0,0.66679953880026,5.161360413885683,1.205829459781426,0.6722222222222223,0.6722222222222223
73.25,-0.30911311507225037,0.6718775033950806,1.0,0.24603415176316054,0.34616550469839347,0.9776871466060655,50.0,0.1686746987951807,0.2509798229060822,0.0,0.6706413880654603,5.187770061110606,1.2126958064151419,0.6888888888888889,0.6888888888888889
73.5,-0.3134536147117615,0.6590290069580078,1.0,0.24603415176316054,0.34616550469839347,0.9776871466060655,50.0,0.1686746987951807,0.2509798229060822,0.0,0.6739158251678962,5.227033975766619,1.2222629819519901,0.6944444444444444,0.6944444444444444
73.75,-0.3125982880592346,0.6541939973831177,1.0,0.24603415176316054,0.34616550469839347,0.9776871466060655,50.0,0.1686746987951807,0.2509798229060822,0.0,0.6739499450319971,5.239910569368928,1.2252337304310645,0.7111111111111111,0.7111111111111111
74.0,-0.6887145042419434,0.6622947454452515,1.0,0.24603415176316054,0.34616550469839347,0.9776871466060655,51.0,0.1686746987951807,0.2509798229060822,0.0,0.6696343491501975,5.265585948549051,1.2309002775482714,0.7166666666666667,0.7166666666666667
74.25,-0.8402532339096069,0.6446120738983154,1.0,0.24603415176316054,0.34616550469839347,0.9776871466060655,51.0,0.1686746987951807,0.2509798229060822,0.0,0.6700550779192604,5.291712307044569,1.2363151515518378,0.7333333333333333,0.7333333333333333
74.5,-0.8619505763053894,0.6555062532424927,1.0,0.24603415176316054,0.34616550469839347,0.9776871466060655,51.0,0.1686746987951807,0.2509798229060822,0.0,0.6590198215036328,5.330035611781026,1.2433955618876307,0.75,0.75
74.75,-0.8307793736457825,0.6756857633590698,1.0,0.24603415176316054,0.34616550469839347,0.9776871466060655,51.0,0.1686746987951807,0.2509798229060822,0.0,0.6560114336617764,5.355829373480099,1.2473172915630075,0.7611111111111111,0.7611111111111111
75.0,-0.7860543131828308,0.6917736530303955,1.0,0.24603415176316054,0.34616550469839347,0.9776871466060655,52.0,0.1686746987951807,0.2509798229060822,0.0,0.6580285218635035,5.369037419897516,1.249008354743193,0.7888888888888889,0.7888888888888889
75.25,-0.7197734117507935,0.6953842043876648,1.0,0.24603415176316054,0.34616550469839347,0.9776871466060655,52.0,0.1686746987951807,0.2509798229060822,0.0,0.663119084366476,5.396095285232048,1.2517822708917323,0.8055555555555556,0.8055555555555556
75.5,-0.6628699898719788,0.7169774174690247,1.0,0.24603415176316054,0.34616550469839347,0.9776871466060655,52.0,0.1686746987951807,0.2509798229060822,0.0,0.670636201485169,5.42382692519841,1.253752412555045,1.0,1.0
75.75,-0.6451405882835388,0.7131391763687134,1.0,0.24603415176316054,0.34616550469839347,0.9776871466060655,52.0,0.1686746987951807,0.2509798229060822,0.0,0.6800430355523598,5.452208903971499,1.25495626949764,1.0,1.0
76.0,-0.6117931008338928,0.70245361328125,1.0,0.24603415176316054,0.34616550469839347,0.9776871466060655,53.0,0.1686746987951807,0.2509798229060822,0.0,0.694395998825486,5.481235132507516,1.2554270028418038,1.0,1.0
76.25,-0.5734301805496216,0.7446275949478149,1.0,0.24603415176316054,0.34616550469839347,0.9776871466060655,53.0,0.1686746987951807,0.2509798229060822,0.0,0.7039880499080615,5.524179670104688,1.2547811606011843,1.0,1.0
76.5,-0.5058668851852417,0.7313790321350098,1.0,0.24603415176316054,0.34616550469839347,0.9776871466060655,53.0,0.15735230076934242,0.2351574974597184,0.0,0.7150750237321033,5.553669506900513,1.2534518972446027,1.0,1.0
76.75,-0.5182157754898071,0.722477912902832,1.0,0.24603415176316054,0.34616550469839347,0.9776871466060655,53.0,0.15735230076934242,0.2351574974597184,0.0,0.7216682795077041,5.5830263546729455,1.251501293361619,1.0,1.0
77.0,-0.42524805665016174,0.7365522980690002,1.0,0.24603415176316054,0.34616550469839347,0.9776871466060655,54.0,0.15735230076934242,0.2351574974597184,0.0,0.7203868960204731,5.611795408717191,1.2489944252301755,1.0,1.0
77.25,-0.37490570545196533,0.7321838140487671,1.0,0.24603415176316054,0.34616550469839347,0.9776871466060655,54.0,0.15735230076934242,0.2351574974597184,0.0,0.7250905371761676,5.640996890585384,1.245888465419147,1.0,1.0
77.5,-0.35364264249801636,0.7351863384246826,1.0,0.24603415176316054,0.34616550469839347,0.9776871466060655,54.0,0.15735230076934242,0.2351574974597184,0.0,0.7287281293486297,5.67002169931322,1.242329547131864,1.0,1.0
77.75,-0.3003244400024414,0.7272516489028931,1.0,0.24603415176316054,0.34616550469839347,0.9776871466060655,54.0,0.15735230076934242,0.2351574974597184,0.0,0.7295661397181775,5.699129889908204,1.2383288084523847,1.0,1.0
78.0,-0.20943406224250793,0.7349605560302734,1.0,0.24603415176316054,0.34616550469839347,0.9776871466060655,55.0,0.15735230076934242,0.2351574974597184,0.0,0.7289143578117326,5.728040402699477,1.2339609458379792,1.0,1.0
78.25,-0.05273141339421272,0.7408634424209595,1.0,0.23883777239709444,0.34024213075060533,0.9767222177132087,55.0,0.15735230076934242,0.2351574974597184,0.0,0.7315840440499201,5.757018893955777,1.2292219384642,1.0,1.0
78.5,-0.040175288915634155,0.7276391983032227,1.0,0.23883777239709444,0.34024213075060533,0.9767222177132087,55.0,0.15735230076934242,0.2351574974597184,0.0,0.734136331631872,5.786267950920199,1.2241925209728184,1.0,1.0
78.75,-0.023917676880955696,0.7310568690299988,1.0,0.23883777239709444,0.34024213075060533,0.9767222177132087,55.0,0.15735230076934242,0.2351574974597184,0.0,0.7353446956735317,5.81534613333016,1.2191037194357643,1.0,1.0
79.0,-0.038873329758644104,0.7515811920166016,1.0,0.23883777239709444,0.34024213075060533,0.9767222177132087,56.0,0.15735230076934242,0.2351574974597184,0.0,0.7339364604631932,5.858504299049272,1.21150237408055,1.0,1.0
79.25,-0.02437223680317402,0.730381965637207,1.0,0.23883777239709444,0.34024213075060533,0.9767222177132087,56.0,0.15735230076934242,0.2351574974597184,0.0,0.7374270503892418,5.887783821054853,1.2063170973569146,1.0,1.0
79.5,-0.03342423588037491,0.7282813787460327,1.0,0.23883777239709444,0.34024213075060533,0.9767222177132087,56.0,0.1390622731891421,0.20801277398751633,0.0,0.7355454505523075,5.916679194221612,1.2011740284723504,1.0,1.0
79.75,-0.014220017939805984,0.754327654838562,1.0,0.23883777239709444,0.34024213075060533,0.9767222177132087,56.0,0.1390622731891421,0.20801277398751633,0.0,0.7342878574205952,5.945404957252131,1.1960377043111228,1.0,1.0
80.0,-0.054995037615299225,0.7505810260772705,1.0,0.23883777239709444,0.34024213075060533,0.9767222177132087,57.0,0.1390622731891421,0.20801277398751633,0.0,0.7362426075678795,5.974519196373935,1.1908054273064073,1.0,1.0
80.25,-0.03291773423552513,0.7343041896820068,1.0,0.23883777239709444,0.34024213075060533,0.9767222177132087,57.0,0.1390622731891421,0.20801277398751633,0.0,0.7413271370346731,6.004057191440628,1.1854615638187793,1.0,1.0
80.5,-0.050766512751579285,0.7428006529808044,1.0,0.23883777239709444,0.34024213075060533,0.9767222177132087,57.0,0.1390622731891421,0.20801277398751633,0.0,0.7379225438286134,6.032986419152676,1.1801857205537711,1.0,1.0
80.75,-0.060139045119285583,0.7338656783103943,1.0,0.23883777239709444,0.34024213075060533,0.9767222177132087,57.0,0.1390622731891421,0.20801277398751633,0.0,0.7398271503863572,6.076810930182515,1.1721016074631445,1.0,1.0
81.0,-0.06773057579994202,0.7596402168273926,1.0,0.23883777239709444,0.34024213075060533,0.9767222177132087,57.0,0.1390622731891421,0.20801277398751633,0.0,0.7409800177826055,6.091401939692719,1.1693806838454084,1.0,1.0
81.25,-0.045185886323451996,0.7468719482421875,1.0,0.23883777239709444,0.34024213075060533,0.9767222177132087,58.0,0.1390622731891421,0.20801277398751633,0.0,0.7443319993371115,6.135784066128785,1.160994415530076,1.0,1.0
81.5,-0.05946468561887741,0.7376301288604736,1.0,0.23883777239709444,0.34024213075060533,0.9767222177132087,58.0,0.1390622731891421,0.20801277398751633,0.0,0.744842661884691,6.165207156426767,1.1553443299491577,1.0,1.0
81.75,-0.0665595754981041,0.7302027344703674,1.0,0.23883777239709444,0.34024213075060533,0.9767222177132087,58.0,0.1390622731891421,0.20801277398751633,0.0,0.7450797096510299,6.194315667664289,1.1497022285182208,1.0,1.0
82.0,-0.05115118995308876,0.7363657355308533,1.0,0.23883777239709444,0.34024213075060533,0.9767222177132087,58.0,0.1390622731891421,0.20801277398751633,0.0,0.7456030815022116,6.223313393226381,1.1440119265045279,1.0,1.0
82.25,-0.14432398974895477,0.7464783191680908,1.0,0.23883777239709444,0.34024213075060533,0.9767222177132087,59.0,0.1390622731891421,0.20801277398751633,0.0,0.7450653228200702,6.252352127111259,1.138235534776262,1.0,1.0
82.5,-0.16601252555847168,0.7463605403900146,1.0,0.23883777239709444,0.34024213075060533,0.9767222177132087,59.0,0.1390622731891421,0.20801277398751633,0.0,0.7432598217039172,6.2815355428879975,1.132298198255262,1.0,1.0
82.75,-0.15453189611434937,0.7395696043968201,1.0,0.23883777239709444,0.34024213075060533,0.9767222177132087,59.0,0.13093337204238642,0.19596458121643198,0.0,0.7425442340246678,6.310701400171479,1.1261671499769839,1.0,1.0
83.0,-0.1673610955476761,0.7307898998260498,1.0,0.23883777239709444,0.34024213075060533,0.9767222177132087,59.0,0.13093337204238642,0.19596458121643198,0.0,0.7416926343682955,6.339603840649403,1.119886216722079,1.0,1.0
83.25,-0.17421133816242218,0.7170946002006531,1.0,0.23883777239709444,0.34024213075060533,0.9767222177132087,60.0,0.13093337204238642,0.19596458121643198,0.0,0.7399713508123297,6.368098597329467,1.113485674481916,1.0,1.0
83.5,-0.16675683856010437,0.7323107719421387,1.0,0.23883777239709444,0.34024213075060533,0.9767222177132087,60.0,0.13093337204238642,0.19596458121643198,0.0,0.7372466689035627,6.396275404344748,1.106957129099775,1.0,1.0
83.75,-0.14793270826339722,0.7178056240081787,1.0,0.23883777239709444,0.34024213075060533,0.9767222177132087,60.0,0.13093337204238642,0.19596458121643198,0.0,0.7364024292223683,6.42472887187074,1.100166419682158,1.0,1.0
84.0,-0.17483733594417572,0.7350762486457825,1.0,0.23883777239709444,0.34024213075060533,0.9767222177132087,60.0,0.13093337204238642,0.19596458121643198,0.0,0.7313773877172229,6.452847391295037,1.0932607173146742,1.0,1.0
84.25,-0.09080582857131958,0.7199763059616089,1.0,0.23883777239709444,0.34024213075060533,0.9767222177132087,61.0,0.13093337204238642,0.19596458121643198,0.0,0.7290975229752953,6.481040165446346,1.0861447348344335,1.0,1.0
84.5,-0.062230002135038376,0.7291799187660217,1.0,0.23883777239709444,0.34024213075060533,0.9767222177132087,61.0,0.13093337204238642,0.19596458121643198,0.0,0.725816371781084,6.508913027651565,1.0789323954447583,1.0,1.0
84.75,-0.06670083105564117,0.7497119903564453,1.0,0.23883777239709444,0.34024213075060533,0.9767222177132087,61.0,0.13093337204238642,0.19596458121643198,0.0,0.7257943749125499,6.522859022023538,1.0752861872003678,1.0,1.0
85.0,-0.04691056162118912,0.7540600895881653,1.0,0.23883777239709444,0.34024213075060533,0.9767222177132087,61.0,0.13093337204238642,0.19596458121643198,0.0,0.7296843446045002,6.551537281321861,1.067739100158564,1.0,1.0
85.25,-0.08624891936779022,0.7484458088874817,1.0,0.2287635894601069,0.33075363921135065,0.9755295836376917,62.0,0.13093337204238642,0.19596458121643198,0.0,0.7329741433514865,6.580428301899341,1.0600646522953323,1.0,1.0
85.5,-0.14008642733097076,0.7360944151878357,1.0,0.2287635894601069,0.33075363921135065,0.9755295836376917,62.0,0.13093337204238642,0.19596458121643198,0.0,0.7386043503964815,6.623996519038696,1.0483604090719594,1.0,1.0
85.75,-0.1333118975162506,0.7511898279190063,1.0,0.2287635894601069,0.33075363921135065,0.9755295836376917,62.0,0.13093337204238642,0.19596458121643198,0.0,0.7412703735295173,6.652552357109243,1.0405381195372558,1.0,1.0
86.0,-0.15523695945739746,0.7286558747291565,1.0,0.2287635894601069,0.33075363921135065,0.9755295836376917,62.0,0.12178835825228625,0.18406154739439687,0.0,0.7454165537389199,6.681151342139589,1.0325332595892411,1.0,1.0
86.25,-0.14272896945476532,0.7353800535202026,1.0,0.2287635894601069,0.33075363921135065,0.9755295836376917,63.0,0.12178835825228625,0.18406154739439687,0.0,0.7413206272981445,6.70917745023365,1.0245070824414548,1.0,1.0
86.5,-0.12182769179344177,0.731694757938385,1.0,0.2287635894601069,0.33075363921135065,0.9755295836376917,63.0,0.12178835825228625,0.18406154739439687,0.0,0.7382925332560183,6.737254992135611,1.0162974527969115,1.0,1.0
86.75,-0.11649680882692337,0.7417162656784058,1.0,0.2287635894601069,0.33075363921135065,0.9755295836376917,63.0,0.12178835825228625,0.18406154739439687,0.0,0.7358006404483787,6.7653368002350875,1.0079258263928221,1.0,1.0
87.0,-0.09600239992141724,0.749024510383606,1.0,0.2287635894601069,0.33075363921135065,0.9755295836376917,63.0,0.12178835825228625,0.18406154739439687,0.0,0.7350608698608466,6.793466783810629,0.9993918133318566,1.0,1.0
87.25,-0.07546652853488922,0.7495077848434448,1.0,0.2287635894601069,0.33075363921135065,0.9755295836376917,64.0,0.12178835825228625,0.18406154739439687,0.0,0.7343476365138141,6.807685138618222,0.995028734139993,1.0,1.0
87.5,-0.03349567577242851,0.7434711456298828,1.0,0.2287635894601069,0.33075363921135065,0.9755295836376917,64.0,0.12178835825228625,0.18406154739439687,0.0,0.7396228867834292,6.850731412238336,0.9816526796672855,1.0,1.0
87.75,-0.01919638179242611,0.7392053008079529,1.0,0.2287635894601069,0.33075363921135065,0.9755295836376917,64.0,0.12178835825228625,0.18406154739439687,0.0,0.7422649231879168,6.8792987029921875,0.9726900360450808,1.0,1.0
88.0,-0.03059515729546547,0.7282336354255676,1.0,0.2287635894601069,0.33075363921135065,0.9755295836376917,64.0,0.12178835825228625,0.18406154739439687,0.0,0.7437342847543499,6.907591008175569,0.9637965784952813,1.0,1.0
88.25,-0.05753755196928978,0.7397655844688416,1.0,0.2287635894601069,0.33075363921135065,0.9755295836376917,65.0,0.12178835825228625,0.18406154739439687,0.0,0.7433871826770472,6.9355697729363275,0.9549749878882564,1.0,1.0
88.5,-0.03885754942893982,0.739244818687439,1.0,0.2287635894601069,0.33075363921135065,0.9755295836376917,65.0,0.12178835825228625,0.18406154739439687,0.0,0.7426814253259924,6.963750639304139,0.9460395728751381,1.0,1.0
88.75,-0.02845403365790844,0.7380629777908325,1.0,0.2287635894601069,0.33075363921135065,0.9755295836376917,65.0,0.12178835825228625,0.18406154739439687,0.0,0.740653264249877,6.992002212604573,0.9370107122813075,1.0,1.0
89.0,-0.05699567496776581,0.7472046613693237,1.0,0.2287635894601069,0.33075363921135065,0.9755295836376917,65.0,0.10669182755116853,0.16228770503701553,0.0,0.7379221438117991,7.020013628747515,0.9280104373210741,1.0,1.0
89.25,-0.037826258689165115,0.7393814325332642,1.0,0.2287635894601069,0.33075363921135065,0.9755295836376917,66.0,0.10669182755116853,0.16228770503701553,0.0,0.7380907440639134,7.048275709956032,0.918885233344733,1.0,1.0
89.5,0.011358404532074928,0.7280597686767578,1.0,0.2287635894601069,0.33075363921135065,0.9755295836376917,66.0,0.10669182755116853,0.16228770503701553,0.0,0.7403122029381912,7.076567313331218,0.9096835398623709,1.0,1.0
89.75,-0.018095728009939194,0.7459313869476318,1.0,0.2287635894601069,0.33075363921135065,0.9755295836376917,66.0,0.10669182755116853,0.16228770503701553,0.0,0.7404992931798041,7.104588861595799,0.90052955700528,1.0,1.0
90.0,-0.021528949961066246,0.7438800930976868,1.0,0.2287635894601069,0.33075363921135065,0.9755295836376917,66.0,0.10669182755116853,0.16228770503701553,0.0,0.7399226433993014,7.132673981555936,0.8913465446911246,1.0,1.0
90.25,-0.00942759495228529,0.7311654090881348,1.0,0.2287635894601069,0.33075363921135065,0.9755295836376917,67.0,0.10669182755116853,0.16228770503701553,0.0,0.7423905350797152,7.161073685321009,0.8820478211243167,1.0,1.0
90.5,-0.01366332545876503,0.7193498015403748,1.0,0.2287635894601069,0.33075363921135065,0.9755295836376917,67.0,0.10669182755116853,0.16228770503701553,0.0,0.7414018754001451,7.189193334359096,0.8728233011410954,1.0,1.0
90.75,0.0013058779295533895,0.7291915416717529,1.0,0.2287635894601069,0.33075363921135065,0.9755295836376917,67.0,0.10669182755116853,0.16228770503701553,0.0,0.7378543823120751,7.216813050053646,0.8637395966280937,1.0,1.0
91.0,-0.011850439012050629,0.7407019138336182,1.0,0.2287635894601069,0.33075363921135065,0.9755295836376917,67.0,0.10669182755116853,0.16228770503701553,0.0,0.7367367732370015,7.258489684098626,0.8500140878261013,1.0,1.0
91.25,0.03378811106085777,0.7451539635658264,1.0,0.2287635894601069,0.33075363921135065,0.9755295836376917,68.0,0.10669182755116853,0.16228770503701553,0.0,0.7355560144619744,7.286386617292807,0.8408189676208024,1.0,1.0
91.5,-0.060859959572553635,0.7356240749359131,1.0,0.2287635894601069,0.33075363921135065,0.9755295836376917,68.0,0.10669182755116853,0.16228770503701553,0.0,0.7361648006520579,7.314938388348387,0.8314156020340484,1.0,1.0
91.75,-0.03461292386054993,0.733296275138855,1.0,0.2287635894601069,0.33075363921135065,0.9755295836376917,68.0,0.10669182755116853,0.16228770503701553,0.0,0.7361327621455734,7.342728107636713,0.8222600128314466,1.0,1.0
92.0,-0.007960696704685688,0.7341059446334839,1.0,0.2287635894601069,0.33075363921135065,0.9755295836376917,68.0,0.10669182755116853,0.16228770503701553,0.0,0.73727324521046,7.370598739056929,0.8130255798069586,1.0,1.0
92.25,-0.03511791303753853,0.7526369690895081,1.0,0.20579201404124617,0.2994295743747258,0.9743098954810666,68.0,0.0881114820728698,0.13296559732907534,0.0,0.7376784572556301,7.398504902513464,0.8037329038494382,1.0,1.0
92.5,0.0014895112253725529,0.7295798063278198,1.0,0.20579201404124617,0.2994295743747258,0.9743098954810666,69.0,0.0881114820728698,0.13296559732907534,0.0,0.7413161339709248,7.426961152173889,0.7942150660717007,1.0,1.0
92.75,0.05230399966239929,0.7350269556045532,1.0,0.20579201404124617,0.2994295743747258,0.9743098954810666,69.0,0.0881114820728698,0.13296559732907534,0.0,0.7380861193434328,7.455001916142141,0.7847987888718977,1.0,1.0
93.0,0.03992105647921562,0.755137026309967,1.0,0.20579201404124617,0.2994295743747258,0.9743098954810666,69.0,0.0881114820728698,0.13296559732907534,0.0,0.7372851342822974,7.482784482544606,0.7754847375443378,1.0,1.0
93.25,0.047095827758312225,0.7428056001663208,1.0,0.20579201404124617,0.2994295743747258,0.9743098954810666,69.0,0.0881114820728698,0.13296559732907534,0.0,0.7395927275561204,7.511035705949538,0.7660742990830415,1.0,1.0
93.5,-0.018338309600949287,0.7344053387641907,1.0,0.20579201404124617,0.2994295743747258,0.9743098954810666,70.0,0.0881114820728698,0.13296559732907534,0.0,0.7427348105483603,7.5394631249448345,0.7566697454452729,1.0,1.0
93.75,-0.008610358461737633,0.7432918548583984,1.0,0.20579201404124617,0.2994295743747258,0.9743098954810666,70.0,0.0881114820728698,0.13296559732907534,0.0,0.7396836286295945,7.567423902873939,0.7474556829957968,1.0,1.0
94.0,-0.019833143800497055,0.7239306569099426,1.0,0.20579201404124617,0.2994295743747258,0.9743098954810666,70.0,0.0881114820728698,0.13296559732907534,0.0,0.7397081699292068,7.581473926546682,0.7428217565540197,1.0,1.0
94.25,0.011646474711596966,0.7408427596092224,1.0,0.20579201404124617,0.2994295743747258,0.9743098954810666,70.0,0.0881114820728698,0.13296559732907534,0.0,0.7391995185600768,7.623177379009704,0.7290343818382605,1.0,1.0
94.5,0.09352564811706543,0.7296916246414185,1.0,0.20579201404124617,0.2994295743747258,0.9743098954810666,71.0,0.0881114820728698,0.13296559732907534,0.0,0.7398686269086528,7.651241030028148,0.7197429314664155,1.0,1.0
94.75,0.10300791263580322,0.7248961925506592,1.0,0.20579201404124617,0.2994295743747258,0.9743098954810666,71.0,0.0881114820728698,0.13296559732907534,0.0,0.7359510334542856,7.679037688499747,0.7105909498192786,1.0,1.0
95.0,0.10183534026145935,0.7288521528244019,1.0,0.20579201404124617,0.2994295743747258,0.9743098954810666,71.0,0.0881114820728698,0.13296559732907534,0.0,0.7348085434862124,7.7067753722470655,0.7015801311565619,1.0,1.0
95.25,0.11343821883201599,0.7368007302284241,1.0,0.20579201404124617,0.2994295743747258,0.9743098954810666,71.0,0.0881114820728698,0.13296559732907534,0.0,0.7327526061511035,7.734571336087875,0.6926884568707473,1.0,1.0
95.5,0.14844705164432526,0.7362804412841797,1.0,0.20579201404124617,0.2994295743747258,0.9743098954810666,72.0,0.06604732181739004,0.0963855421686747,0.0,0.7337377413508285,7.762621706321144,0.6838443318776655,1.0,1.0
95.75,0.1222648024559021,0.7208520770072937,1.0,0.20579201404124617,0.2994295743747258,0.9743098954810666,72.0,0.06604732181739004,0.0963855421686747,0.0,0.7323723895431706,7.790680442506332,0.6751451845807197,1.0,1.0
96.0,0.11560631543397903,0.7572965621948242,1.0,0.20579201404124617,0.2994295743747258,0.9743098954810666,72.0,0.06604732181739004,0.0963855421686747,0.0,0.7308936368848264,7.81847444591429,0.666696062262667,1.0,1.0
96.25,0.13804183900356293,0.7425808310508728,1.0,0.20579201404124617,0.2994295743747258,0.9743098954810666,72.0,0.06604732181739004,0.0963855421686747,0.0,0.7338643343842514,7.846951521818605,0.6582053788140998,1.0,1.0
96.5,0.02009471133351326,0.7448000907897949,1.0,0.20579201404124617,0.2994295743747258,0.9743098954810666,73.0,0.06604732181739004,0.0963855421686747,0.0,0.7367990619544235,7.875548702899537,0.6498336255512439,1.0,1.0
96.75,-0.07749243825674057,0.7374947667121887,1.0,0.20579201404124617,0.2994295743747258,0.9743098954810666,73.0,0.06604732181739004,0.0963855421686747,0.0,0.7376727563281333,7.904107184022933,0.6416180572873845,1.0,1.0
97.0,-0.1066083014011383,0.7253928780555725,1.0,0.20579201404124617,0.2994295743747258,0.9743098954810666,73.0,0.06604732181739004,0.0963855421686747,0.0,0.737710342196587,7.932470331392819,0.6334817872080724,1.0,1.0
97.25,-0.09294760227203369,0.7217366099357605,1.0,0.20579201404124617,0.2994295743747258,0.9743098954810666,73.0,0.06604732181739004,0.0963855421686747,0.0,0.7393300196904274,7.960584149110976,0.6253071460279107,1.0,1.0
97.5,-0.0655733048915863,0.7234883904457092,1.0,0.20579201404124617,0.2994295743747258,0.9743098954810666,74.0,0.06604732181739004,0.0963855421686747,0.0,0.7360374359372874,7.988286656585763,0.6171047068128314,1.0,1.0
97.75,-0.03694091737270355,0.7514838576316833,1.0,0.20579201404124617,0.2994295743747258,0.9743098954810666,74.0,0.06604732181739004,0.0963855421686747,0.0,0.7304323235958403,8.015679118267169,0.6088798659052039,1.0,1.0
98.0,-0.05022934824228287,0.7331781387329102,1.0,0.20579201404124617,0.2994295743747258,0.9743098954810666,74.0,0.06604732181739004,0.0963855421686747,0.0,0.7319211915778597,8.043955744525887,0.6003273324227695,1.0,1.0
98.25,-0.04576193913817406,0.7234122157096863,1.0,0.20579201404124617,0.2994295743747258,0.9743098954810666,74.0,0.06604732181739004,0.0963855421686747,0.0,0.7323377510385528,8.072315516620097,0.5917105359482866,1.0,1.0
98.5,-0.012458802200853825,0.7316662669181824,1.0,0.20579201404124617,0.2994295743747258,0.9743098954810666,75.0,0.06604732181739004,0.0963855421686747,0.0,0.7303746660328259,8.100205545918508,0.5831871631104519,1.0,1.0
98.75,-0.059105321764945984,0.7273551821708679,1.0,0.20579201404124617,0.2994295743747258,0.9743098954810666,75.0,0.04761213528814051,0.07083756713601394,0.0,0.7304243339283464,8.127910160202726,0.5746841290561141,1.0,1.0
99.0,-0.04237079992890358,0.7262717485427856,1.0,0.20579201404124617,0.2994295743747258,0.9743098954810666,75.0,0.04761213528814051,0.07083756713601394,0.0,0.734353424982937,8.155889394614142,0.5660663654450417,1.0,1.0
99.25,-0.044852450489997864,0.6995018720626831,1.0,0.19674755645433098,0.2868217054263566,0.9732435137840543,75.0,0.04761213528814051,0.07083756713601394,0.0,0.730649059626685,8.183575386100216,0.5574779472688786,1.0,1.0
99.5,-0.022279009222984314,0.7235380411148071,1.0,0.19674755645433098,0.2868217054263566,0.9732435137840543,76.0,0.04761213528814051,0.07083756713601394,0.0,0.7249066838013302,8.21080051389624,0.5489771139786727,1.0,1.0
99.75,-0.041622452437877655,0.7322313189506531,1.0,0.19674755645433098,0.2868217054263566,0.9732435137840543,76.0,0.04761213528814051,0.07083756713601394,0.0,0.7237988953211945,8.23827950234987,0.540357184606797,1.0,1.0
100.0,-0.04331747069954872,0.7254522442817688,1.0,0.19674755645433098,0.2868217054263566,0.9732435137840543,76.0,0.04761213528814051,0.07083756713601394,0.0,0.7246094397723222,8.252157033252917,0.5359912795587248,1.0,1.0
100.25,0.005261452868580818,0.7329537272453308,1.0,0.19674755645433098,0.2868217054263566,0.9732435137840543,76.0,0.04761213528814051,0.07083756713601394,0.0,0.7236236510713402,8.279920396324204,0.527228448123371,1.0,1.0
100.5,0.007235999219119549,0.7475593686103821,1.0,0.19674755645433098,0.2868217054263566,0.9732435137840543,77.0,0.04761213528814051,0.07083756713601394,0.0,0.7242463058264808,8.307825173100474,0.518388933761248,1.0,1.0
100.75,0.10629919916391373,0.72915118932724,1.0,0.19674755645433098,0.2868217054263566,0.9732435137840543,77.0,0.04761213528814051,0.07083756713601394,0.0,0.7269144345979653,8.335952907009924,0.5094882049164567,1.0,1.0
101.0,0.1162663921713829,0.7172665596008301,1.0,0.19674755645433098,0.2868217054263566,0.9732435137840543,77.0,0.04761213528814051,0.07083756713601394,0.0,0.7307764169691733,8.364064376360934,0.5006694157924853,1.0,1.0
101.25,0.09406231343746185,0.7151451706886292,1.0,0.19674755645433098,0.2868217054263566,0.9732435137840543,77.0,0.04761213528814051,0.07083756713601394,0.0,0.7304065364243197,8.377866723646699,0.4963916385778296,1.0,1.0
101.5,0.09355275332927704,0.7243669629096985,1.0,0.19674755645433098,0.2868217054263566,0.9732435137840543,77.0,0.04761213528814051,0.07083756713601394,0.0,0.7285881192077789,8.405375249860432,0.4879826267420627,1.0,1.0
101.75,0.08195021003484726,0.7065724730491638,1.0,0.19674755645433098,0.2868217054263566,0.9732435137840543,78.0,0.04761213528814051,0.07083756713601394,0.0,0.7275612706067407,8.432933562934284,0.4796903864071143,1.0,1.0
102.0,0.05240844935178757,0.696805477142334,1.0,0.19674755645433098,0.2868217054263566,0.9732435137840543,78.0,0.04761213528814051,0.07083756713601394,0.0,0.7241151087624762,8.460218379720429,0.4715811867919478,1.0,1.0
102.25,0.018477436155080795,0.7210701107978821,1.0,0.19674755645433098,0.2868217054263566,0.9732435137840543,78.0,0.023951226593119466,0.0358542604151546,0.0,0.7163821996564513,8.487130091094018,0.46366122908787777,1.0,1.0
102.5,0.054467830806970596,0.7036342024803162,1.0,0.19674755645433098,0.2868217054263566,0.9732435137840543,78.0,0.023951226593119466,0.0358542604151546,0.0,0.7155872505073272,8.514527219326464,0.45565155734728513,1.0,1.0
102.75,-0.020437514409422874,0.6898954510688782,1.0,0.19674755645433098,0.2868217054263566,0.9732435137840543,79.0,0.023951226593119466,0.0358542604151546,0.0,0.7118073189413028,8.541622319636133,0.44776250285755864,1.0,1.0
103.0,-0.056536342948675156,0.6785128712654114,1.0,0.19674755645433098,0.2868217054263566,0.9732435137840543,79.0,0.023951226593119466,0.0358542604151546,0.0,0.7060342788298068,8.568196209978044,0.4400479022836068,1.0,1.0
103.25,-0.06041575223207474,0.6883880496025085,1.0,0.19674755645433098,0.2868217054263566,0.9732435137840543,79.0,0.023951226593119466,0.0358542604151546,0.0,0.7033455924859011,8.581377872758251,0.4362100465953984,1.0,1.0
103.5,-0.04126133397221565,0.6595895290374756,1.0,0.19674755645433098,0.2868217054263566,0.9732435137840543,79.0,0.023951226593119466,0.0358542604151546,0.0,0.699737533074058,8.60762195568241,0.4285177599716578,1.0,1.0
103.75,-0.054891955107450485,0.655026376247406,1.0,0.19674755645433098,0.2868217054263566,0.9732435137840543,80.0,0.023951226593119466,0.0358542604151546,0.0,0.6933775088973221,8.63339506266741,0.4208988465408058,1.0,1.0
104.0,-0.018892263993620872,0.6473307013511658,1.0,0.19674755645433098,0.2868217054263566,0.9732435137840543,80.0,0.023951226593119466,0.0358542604151546,0.0,0.6821802146132337,8.658490348877601,0.4134318275244557,1.0,1.0
104.25,-0.027465496212244034,0.6437976360321045,1.0,0.19674755645433098,0.2868217054263566,0.9732435137840543,80.0,0.023951226593119466,0.0358542604151546,0.0,0.6732175945731853,8.683341117663476,0.4059896119266427,1.0,1.0
104.5,-0.039790742099285126,0.6122506260871887,1.0,0.19674755645433098,0.2868217054263566,0.9732435137840543,80.0,0.023951226593119466,0.0358542604151546,0.0,0.6644912346007879,8.707873424492877,0.39861293626606076,1.0,1.0
104.75,-0.06909031420946121,0.5797317624092102,1.0,0.19674755645433098,0.2868217054263566,0.9732435137840543,81.0,0.023951226593119466,0.0358542604151546,0.0,0.6586777238181041,8.719822681562151,0.39500734613554195,1.0,1.0
105.0,-0.07593518495559692,0.5570564270019531,1.0,0.19674755645433098,0.2868217054263566,0.9732435137840543,81.0,0.023951226593119466,0.0358542604151546,0.0,0.6406913316702982,8.742658247712884,0.388083638124719,1.0,1.0
105.25,-0.0853646919131279,0.5564147233963013,1.0,0.19674755645433098,0.2868217054263566,0.9732435137840543,81.0,0.023951226593119466,0.0358542604151546,0.0,0.6186690060101145,8.76404873809418,0.3815354041235168,1.0,1.0
105.5,-0.06787752360105515,0.5328887701034546,1.0,0.19674755645433098,0.2868217054263566,0.9732435137840543,81.0,0.023951226593119466,0.0358542604151546,0.0,0.6030214800082101,8.785166969211668,0.3749933815725986,1.0,1.0
105.75,-0.0599813349545002,0.5007776021957397,1.0,0.19674755645433098,0.2868217054263566,0.9732435137840543,82.0,0.015241689650166933,0.02366090869502105,0.0,0.5935431424772387,8.795505332642824,0.3717642173548832,1.0,1.0
106.0,-0.04218306019902229,0.48900872468948364,1.0,0.19674755645433098,0.2868217054263566,0.9732435137840543,82.0,0.015241689650166933,0.02366090869502105,0.0,0.5714034333478241,8.815348395548606,0.36551990203064694,1.0,1.0
106.25,-0.028993817046284676,0.4822918176651001,1.0,0.190581129611492,0.27783219066274895,0.972377783188594,82.0,0.015241689650166933,0.02366090869502105,0.0,0.5459333371135074,8.834064727310164,0.35958147858070166,1.0,1.0
106.5,-0.024960648268461227,0.4803299009799957,1.0,0.190581129611492,0.27783219066274895,0.972377783188594,82.0,0.015241689650166933,0.02366090869502105,0.0,0.5292015529039581,8.852397053112846,0.3537350212444826,1.0,1.0
106.75,-0.0513792410492897,0.47860580682754517,1.0,0.190581129611492,0.27783219066274895,0.972377783188594,83.0,0.015241689650166933,0.02366090869502105,0.0,0.5144105647238223,8.870546869363848,0.34792606161690387,1.0,1.0
107.0,-0.06307892501354218,0.4761046767234802,1.0,0.190581129611492,0.27783219066274895,0.972377783188594,83.0,0.015241689650166933,0.02366090869502105,0.0,0.5006557230660031,8.888613399253423,0.3421228141521805,1.0,1.0
107.25,-0.06451079249382019,0.4772305488586426,1.0,0.190581129611492,0.27783219066274895,0.972377783188594,83.0,0.015241689650166933,0.02366090869502105,0.0,0.4931144955586933,8.897561535160616,0.339232337509541,1.0,1.0
107.5,-0.054450687021017075,0.492343008518219,1.0,0.190581129611492,0.27783219066274895,0.972377783188594,83.0,0.015241689650166933,0.02366090869502105,0.0,0.4855950668621636,8.915540357524185,0.3333793322355039,1.0,1.0
107.75,-0.043234147131443024,0.47612854838371277,1.0,0.190581129611492,0.27783219066274895,0.972377783188594,84.0,0.015241689650166933,0.02366090869502105,0.0,0.4833714919396633,8.933858435178879,0.3273630154784951,1.0,1.0
108.0,-0.04177502542734146,0.4728589355945587,1.0,0.190581129611492,0.27783219066274895,0.972377783188594,84.0,0.015241689650166933,0.02366090869502105,0.0,0.48370750599279294,8.943063953517006,0.32432354444665196,1.0,1.0
108.25,-0.021527908742427826,0.4745461940765381,1.0,0.190581129611492,0.27783219066274895,0.972377783188594,84.0,0.015241689650166933,0.02366090869502105,0.0,0.4798617249781205,8.961109640748331,0.3183399964134272,1.0,1.0
108.5,0.0051781972870230675,0.4782813787460327,1.0,0.190581129611492,0.27783219066274895,0.972377783188594,84.0,0.015241689650166933,0.02366090869502105,0.0,0.47792664803000223,8.979048449177586,0.31236675409625353,1.0,1.0
108.75,-0.024424836039543152,0.47968223690986633,1.0,0.190581129611492,0.27783219066274895,0.972377783188594,85.0,0.015241689650166933,0.02366090869502105,0.0,0.47975050166266425,8.99720443641587,0.30631520130690626,1.0,1.0
109.0,-0.04558483883738518,0.477841317653656,1.0,0.190581129611492,0.27783219066274895,0.972377783188594,85.0,0.015241689650166933,0.02366090869502105,0.0,0.4793441443441172,9.006292163465455,0.30328776378478034,1.0,1.0
109.25,-0.05616159364581108,0.47603338956832886,1.0,0.190581129611492,0.27783219066274895,0.972377783188594,85.0,0.00914501379010016,0.015241689650166933,0.0,0.4777011960523963,9.024416271629521,0.29723867580050645,1.0,1.0
109.5,-0.05952716991305351,0.48016035556793213,1.0,0.190581129611492,0.27783219066274895,0.972377783188594,85.0,0.00914501379010016,0.015241689650166933,0.0,0.47683247198018064,9.042455551368608,0.29117749303996315,1.0,1.0
109.75,-0.038109730929136276,0.48530063033103943,1.0,0.190581129611492,0.27783219066274895,0.972377783188594,86.0,0.00914501379010016,0.015241689650166933,0.0,0.47748311471037447,9.060579561565866,0.28503728118454064,1.0,1.0
110.0,-0.026072273030877113,0.47335678339004517,1.0,0.190581129611492,0.27783219066274895,0.972377783188594,86.0,0.00914501379010016,0.015241689650166933,0.0,0.4784174117029046,9.078840329674655,0.2788050480095954,1.0,1.0
110.25,-0.01205051876604557,0.483267217874527,1.0,0.190581129611492,0.27783219066274895,0.972377783188594,86.0,0.00914501379010016,0.015241689650166933,0.0,0.4784174117029046,9.078840329674655,0.2788050480095954,1.0,1.0
110.5,-0.007292869966477156,0.47987741231918335,1.0,0.190581129611492,0.27783219066274895,0.972377783188594,86.0,0.00914501379010016,0.015241689650166933,0.0,0.4784174117029046,9.078840329674655,0.2788050480095954,1.0,1.0
110.75,-0.011421522125601768,0.48521047830581665,1.0,0.190581129611492,0.27783219066274895,0.972377783188594,87.0,0.00914501379010016,0.015241689650166933,0.0,0.4784174117029046,9.078840329674655,0.2788050480095954,1.0,1.0
111.0,0.16546766459941864,0.46976155042648315,1.0,0.190581129611492,0.27783219066274895,0.972377783188594,87.0,0.00914501379010016,0.015241689650166933,0.0,0.4784174117029046,9.078840329674655,0.2788050480095954,1.0,1.0
111.25,0.1955699622631073,0.473920077085495,1.0,0.190581129611492,0.27783219066274895,0.972377783188594,87.0,0.00914501379010016,0.015241689650166933,0.0,0.4784174117029046,9.078840329674655,0.2788050480095954,1.0,1.0
111.5,0.20013999938964844,0.4625747501850128,1.0,0.190581129611492,0.27783219066274895,0.972377783188594,87.0,0.00914501379010016,0.015241689650166933,0.0,0.4784174117029046,9.078840329674655,0.2788050480095954,1.0,1.0
111.75,0.20471815764904022,0.46727392077445984,1.0,0.190581129611492,0.27783219066274895,0.972377783188594,87.0,0.00914501379010016,0.015241689650166933,0.0,0.4784174117029046,9.078840329674655,0.2788050480095954,1.0,1.0
112.0,0.20026229321956635,0.47185802459716797,1.0,0.190581129611492,0.27783219066274895,0.972377783188594,88.0,0.00914501379010016,0.015241689650166933,0.0,0.4784174117029046,9.078840329674655,0.2788050480095954,1.0,1.0
112.25,0.2075583040714264,0.4740549921989441,1.0,0.190581129611492,0.27783219066274895,0.972377783188594,88.0,0.00914501379010016,0.015241689650166933,0.0,0.4784174117029046,9.078840329674655,0.2788050480095954,1.0,1.0
112.5,0.21351316571235657,0.4818684160709381,1.0,0.190581129611492,0.27783219066274895,0.972377783188594,88.0,0.00914501379010016,0.015241689650166933,0.0,0.4784174117029046,9.078840329674655,0.2788050480095954,1.0,1.0
112.75,0.20773141086101532,0.4724082350730896,1.0,0.190581129611492,0.27783219066274895,0.972377783188594,88.0,0.00914501379010016,0.015241689650166933,0.0,0.4784174117029046,9.078840329674655,0.2788050480095954,1.0,1.0
113.0,0.21075116097927094,0.4784759283065796,1.0,0.190581129611492,0.27783219066274895,0.972377783188594,89.0,0.00914501379010016,0.015241689650166933,0.0,0.4784174117029046,9.078840329674655,0.2788050480095954,1.0,1.0
113.25,0.20135357975959778,0.4754539728164673,1.0,0.190581129611492,0.27783219066274895,0.972377783188594,89.0,0.00914501379010016,0.015241689650166933,0.0,0.4784174117029046,9.078840329674655,0.2788050480095954,1.0,1.0
113.5,0.20894289016723633,0.4811878204345703,1.0,0.190581129611492,0.27783219066274895,0.972377783188594,89.0,0.00914501379010016,0.015241689650166933,0.0,0.4784174117029046,9.078840329674655,0.2788050480095954,1.0,1.0
113.75,0.2139129936695099,0.48063424229621887,1.0,0.190581129611492,0.27783219066274895,0.972377783188594,89.0,0.00914501379010016,0.015241689650166933,0.0,0.4784174117029046,9.078840329674655,0.2788050480095954,1.0,1.0
114.0,0.19322912395000458,0.47943115234375,1.0,0.190581129611492,0.27783219066274895,0.972377783188594,90.0,0.00914501379010016,0.015241689650166933,0.0,0.4784174117029046,9.078840329674655,0.2788050480095954,1.0,1.0
114.25,0.20651954412460327,0.4856741726398468,1.0,0.190581129611492,0.27783219066274895,0.972377783188594,90.0,0.00914501379010016,0.015241689650166933,0.0,0.4784174117029046,9.078840329674655,0.2788050480095954,1.0,1.0
114.5,0.20533455908298492,0.47657668590545654,1.0,0.190581129611492,0.27783219066274895,0.972377783188594,90.0,0.00914501379010016,0.015241689650166933,0.0,0.4784174117029046,9.078840329674655,0.2788050480095954,1.0,1.0
114.75,0.202320858836174,0.4821667969226837,1.0,0.190581129611492,0.27783219066274895,0.972377783188594,90.0,0.00914501379010016,0.015241689650166933,0.0,0.4784174117029046,9.078840329674655,0.2788050480095954,1.0,1.0
115.0,0.1864151954650879,0.46729350090026855,1.0,0.190581129611492,0.27783219066274895,0.972377783188594,91.0,0.00914501379010016,0.015241689650166933,0.0,0.4784174117029046,9.078840329674655,0.2788050480095954,1.0,1.0
115.25,0.19260373711585999,0.46244022250175476,1.0,0.190581129611492,0.27783219066274895,0.972377783188594,91.0,0.00914501379010016,0.015241689650166933,0.0,0.4784174117029046,9.078840329674655,0.2788050480095954,1.0,1.0
115.5,0.20956820249557495,0.4648185670375824,1.0,0.190581129611492,0.27783219066274895,0.972377783188594,91.0,0.00914501379010016,0.015241689650166933,0.0,0.4784174117029046,9.078840329674655,0.2788050480095954,1.0,1.0
