t_s,cmd_angular_z,cmd_linear_x,fault_active,global_costmap_lethal_ratio,global_costmap_occupied_ratio,global_costmap_unknown_ratio,global_plan_update_count,local_costmap_lethal_ratio,local_costmap_occupied_ratio,local_costmap_unknown_ratio,odom_speed,odom_x,odom_y,scan_range_max_ratio,scan_span_ratio
0.0,nan,nan,0.0,nan,nan,nan,nan,nan,nan,nan,nan,nan,nan,nan,nan
0.25,nan,nan,0.0,nan,nan,nan,nan,nan,nan,nan,nan,nan,nan,1.0,1.0
0.5,nan,nan,0.0,nan,nan,nan,nan,nan,nan,nan,nan,nan,nan,1.0,1.0
0.75,nan,nan,0.0,nan,nan,nan,nan,nan,nan,nan,nan,nan,nan,1.0,1.0
1.0,nan,nan,0.0,nan,nan,nan,nan,nan,nan,nan,nan,nan,nan,1.0,1.0
1.25,nan,nan,0.0,nan,nan,nan,nan,nan,nan,nan,nan,nan,nan,1.0,1.0
1.5,nan,nan,0.0,nan,nan,nan,nan,nan,nan,nan,1.9647668571742523e-09,1.9647668571742518e-11,0.0,1.0,1.0
1.75,nan,nan,0.0,nan,nan,nan,nan,nan,nan,nan,2.80475683503347e-06,3.1476125141490135e-05,1.007186825417438e-35,1.0,1.0
2.0,nan,nan,0.0,nan,nan,nan,nan,nan,nan,nan,0.0007792959003369661,2.3792141364521768e-05,8.71157155887823e-36,1.0,1.0
2.25,nan,nan,0.0,nan,nan,nan,nan,nan,nan,nan,0.0015608821946716464,-4.639800918694419e-05,1.696554608941973e-35,1.0,1.0
2.5,nan,nan,0.0,nan,nan,nan,nan,nan,nan,nan,0.0023440197279070147,-0.000132346242431049,9.392923307348327e-36,1.0,1.0
2.75,nan,nan,0.0,nan,nan,nan,nan,nan,nan,nan,0.0031262778055262323,-0.0002496022320651742,3.6965934181253336e-35,1.0,1.0
3.0,nan,nan,0.0,nan,nan,nan,nan,nan,nan,nan,0.003910132874112276,-0.00039818076641031253,-7.957874352270994e-36,1.0,1.0
3.25,nan,nan,0.0,nan,nan,nan,nan,nan,nan,nan,0.004692873969919859,-0.0005780910276299136,2.866118258843905e-35,1.0,1.0
3.5,nan,nan,0.0,nan,nan,nan,nan,nan,nan,nan,0.005475159273271239,-0.000789301735050814,-2.4245094758923274e-35,1.0,1.0
3.75,nan,nan,0.0,nan,nan,nan,nan,nan,nan,nan,0.0070429220634212674,-0.0011648531546615884,-5.349360852909479e-36,1.0,1.0
4.0,nan,nan,0.0,nan,nan,nan,nan,nan,nan,nan,0.0078263587065422,-0.0014543833989877466,9.766346756524733e-35,1.0,1.0
4.25,nan,nan,0.0,nan,nan,nan,nan,nan,nan,nan,0.008609979275108289,-0.0019474713050278245,-2.8228255820622196e-35,1.0,1.0
4.5,nan,nan,0.0,nan,nan,nan,nan,nan,nan,nan,0.009394692811206418,-0.002127518025890579,3.792032433556558e-35,1.0,1.0
4.75,nan,nan,0.0,nan,nan,nan,nan,nan,nan,nan,0.010179791772372396,-0.0027147424133466915,1.3352814361734625e-35,1.0,1.0
5.0,nan,nan,0.0,nan,nan,nan,nan,nan,nan,nan,0.009395068597194864,-0.003098389148327953,2.3193473755844366e-35,1.0,1.0
5.25,nan,nan,0.0,nan,nan,nan,nan,nan,nan,nan,0.009393121426956459,-0.0036306415055026623,8.218459276164078e-35,1.0,1.0
5.5,nan,nan,0.0,nan,nan,nan,nan,nan,nan,nan,0.0005037352438603406,-2.1007876467473283e-05,8.58953309836524e-31,1.0,1.0
5.75,nan,nan,0.0,nan,nan,nan,nan,nan,nan,nan,0.0002012814130602152,-3.145851797551916e-06,-7.141355443255416e-31,1.0,1.0
6.0,nan,nan,0.0,nan,nan,nan,nan,nan,nan,nan,0.00048349618502661743,-3.1652723432161155e-06,-2.693770341864699e-31,0.2,0.07777777777777778
6.25,nan,nan,0.0,nan,nan,nan,nan,nan,nan,nan,0.00025275104246974013,1.1832222035312361e-06,2.495191459200976e-32,0.2,0.07777777777777778
6.5,nan,nan,0.0,nan,nan,nan,nan,nan,nan,nan,1.2740394978497395e-05,1.7349426843919595e-07,1.046861951163105e-33,0.2,0.07777777777777778
6.75,nan,nan,0.0,nan,nan,nan,nan,nan,nan,nan,0.0002611970079994866,1.5247683173971167e-06,-2.707042835576859e-32,0.2,0.07777777777777778
7.0,nan,nan,0.0,nan,nan,nan,nan,nan,nan,nan,0.00027131464771695693,1.8418893146844275e-06,-2.9794211108307345e-32,0.2,0.07777777777777778
7.25,nan,nan,0.0,nan,nan,nan,nan,nan,nan,nan,9.650761978148158e-05,2.0654005536933053e-06,-6.655359671513289e-33,0.2,0.07777777777777778
7.5,nan,nan,0.0,nan,nan,nan,nan,nan,nan,nan,9.655331359704119e-05,2.075728207587291e-06,3.148388135948923e-32,0.2,0.07777777777777778
7.75,nan,nan,0.0,nan,nan,nan,nan,nan,nan,nan,0.0002736320831132859,1.959355185475571e-06,-1.7340740800294108e-31,0.2,0.07777777777777778
8.0,nan,nan,0.0,nan,nan,nan,nan,nan,nan,nan,0.00027334065320537755,1.9565756257330965e-06,-2.552456614643394e-32,0.2,0.07777777777777778
8.25,nan,nan,0.0,nan,nan,nan,nan,nan,nan,nan,0.00027334065320537755,1.9565756257330965e-06,-2.552456614643394e-32,0.2,0.07777777777777778
8.5,nan,nan,0.0,nan,nan,nan,nan,nan,nan,nan,0.000641891732471733,1.4940426645545405e-05,-2.7538116858715087e-32,0.2,0.07777777777777778
8.75,nan,nan,0.0,nan,nan,nan,nan,nan,nan,nan,8.31629746481349e-05,1.7808989000103518e-06,4.6064992284336393e-32,0.2,0.07777777777777778
9.0,nan,nan,0.0,nan,nan,nan,nan,nan,nan,nan,9.02550048342825e-05,1.9098552501635966e-06,2.2464143109467768e-32,0.2,0.07777777777777778
9.25,nan,nan,0.0,nan,nan,nan,nan,nan,nan,nan,9.351224481401546e-05,2.011488871297767e-06,-5.811178865242376e-32,0.2,0.07777777777777778
9.5,nan,nan,0.0,nan,nan,nan,nan,nan,nan,nan,9.420450095776256e-05,2.043676455045287e-06,-6.465012628526391e-31,0.2,0.07777777777777778
9.75,nan,nan,0.0,nan,nan,nan,nan,nan,nan,nan,0.0002716245111426542,1.932908588605234e-06,-1.463300192170153e-32,0.2,0.07777777777777778
10.0,nan,nan,0.0,nan,nan,nan,nan,nan,nan,nan,9.415670362754123e-05,2.0504183095241293e-06,-5.730044671448393e-33,0.2,0.07777777777777778
10.25,nan,nan,0.0,nan,nan,nan,nan,nan,nan,nan,9.415670362754123e-05,2.0504183095241293e-06,-5.730044671448393e-33,0.2,0.07777777777777778
10.5,nan,nan,0.0,nan,nan,nan,nan,nan,nan,nan,9.415670362754123e-05,2.0504183095241293e-06,-5.730044671448393e-33,0.2,0.07777777777777778
10.75,nan,nan,0.0,nan,nan,nan,nan,nan,nan,nan,0.0002714506965360709,1.9348198021699277e-06,-2.334677650535273e-33,0.2,0.07777777777777778
11.0,nan,nan,0.0,nan,nan,nan,nan,0.0,0.0,0.0,0.00027118712782912027,1.932923454054333e-06,1.5492316660132977e-31,0.2,0.07777777777777778
11.25,nan,nan,0.0,nan,nan,nan,nan,0.0,0.0,0.0,9.364760010502087e-05,2.0472704348180843e-06,5.901427330244323e-32,0.2,0.07777777777777778
11.5,nan,nan,0.0,nan,nan,nan,nan,0.0,0.0,0.0,9.336961155283289e-05,2.0443113913363923e-06,-1.0109799762465857e-31,0.2,0.07777777777777778
11.75,nan,nan,0.0,nan,nan,nan,nan,0.0,0.0,0.0,0.00027036848524100926,1.9241546282118975e-06,2.1638049106933412e-32,0.2,0.07777777777777778
12.0,nan,nan,0.0,nan,nan,nan,nan,0.0,0.0,0.0,0.00027011625846951347,1.9213255722771963e-06,5.555092103758778e-32,0.2,0.07777777777777778
12.25,nan,nan,0.0,nan,nan,nan,nan,0.0,0.0,0.0,9.236188115084109e-05,2.033059229411572e-06,-1.5260044853762403e-31,0.2,0.07777777777777778
12.5,nan,nan,0.0,0.15902527075812276,0.20703971119133574,0.9875100325550776,nan,0.0,0.0,0.0,0.0002696528118815142,1.9160904216443588e-06,-8.382899151161558e-32,0.2,0.07777777777777778
12.75,nan,nan,0.0,0.15902527075812276,0.20703971119133574,0.9875100325550776,nan,0.0,0.0,0.0,0.0002694426443993833,1.9137009735702637e-06,-1.9080636833695515e-33,0.2,0.07777777777777778
13.0,nan,nan,0.0,0.15902527075812276,0.20703971119133574,0.9875100325550776,nan,0.0,0.0,0.0,0.0002694426443993833,1.9137009735702637e-06,-1.9080636833695515e-33,0.2,0.07777777777777778
13.25,nan,nan,0.0,0.15902527075812276,0.20703971119133574,0.9875100325550776,nan,0.0,0.0,0.0,0.000269246879730241,1.9114684725533757e-06,-4.2781805714180394e-32,0.2,0.07777777777777778
13.5,nan,nan,0.0,0.15902527075812276,0.20703971119133574,0.9875100325550776,nan,0.0,0.0,0.0,0.0002690654389025722,1.909392379055046e-06,1.258696472115441e-31,0.2,0.07777777777777778
13.75,nan,nan,0.0,0.15902527075812276,0.20703971119133574,0.9875100325550776,nan,0.0,0.0,0.0,9.14125366098835e-05,2.022283243861632e-06,2.5980553529385273e-33,0.2,0.07777777777777778
14.0,nan,nan,0.0,0.15902527075812276,0.20703971119133574,0.9875100325550776,nan,0.0,0.0,0.0,9.126380234750991e-05,2.0205828989686705e-06,-2.098737863371139e-32,0.2,0.07777777777777778
14.25,nan,nan,0.0,0.15902527075812276,0.20703971119133574,0.9875100325550776,nan,0.11191754971694005,0.17549716940049354,0.0,0.0002684733991832632,1.9025739720176058e-06,-1.3715824896138687e-32,0.2,0.07777777777777778
14.5,nan,nan,0.0,0.15902527075812276,0.20703971119133574,0.9875100325550776,nan,0.11191754971694005,0.17549716940049354,0.0,0.00026835581525409927,1.9012123492379334e-06,-2.1562108622304277e-33,0.2,0.07777777777777778
14.75,nan,nan,0.0,0.15902527075812276,0.20703971119133574,0.9875100325550776,nan,0.11191754971694005,0.17549716940049354,0.0,9.07873943764694e-05,2.0151161628693183e-06,-1.8265702111600647e-32,0.2,0.07777777777777778
15.0,nan,nan,0.0,0.15902527075812276,0.20703971119133574,0.9875100325550776,nan,0.11191754971694005,0.17549716940049354,0.0,9.069416234922599e-05,2.014042710651003e-06,-2.8127983253222794e-33,0.2,0.07777777777777778
15.25,nan,nan,0.0,0.15902527075812276,0.20703971119133574,0.9875100325550776,nan,0.11191754971694005,0.17549716940049354,0.0,9.060982672822644e-05,2.013070605000932e-06,-7.517469563729448e-32,0.2,0.07777777777777778
15.5,nan,nan,0.0,0.15902527075812276,0.20703971119133574,0.9875100325550776,nan,0.11191754971694005,0.17549716940049354,0.0,0.0002679124233351711,1.8960591146422537e-06,8.039119839404971e-32,0.2,0.07777777777777778
15.75,nan,nan,0.0,0.15902527075812276,0.20703971119133574,0.9875100325550776,nan,0.11191754971694005,0.17549716940049354,0.0,0.0002678479221826079,1.8953045167715968e-06,-1.0166350260678836e-31,0.2,0.07777777777777778
16.0,nan,nan,0.0,0.15902527075812276,0.20703971119133574,0.9875100325550776,nan,0.11191754971694005,0.17549716940049354,0.0,8.411004186367696e-05,1.965680608080519e-06,-1.5427764490303024e-32,0.2,0.07777777777777778
16.25,nan,nan,0.0,0.15902527075812276,0.20703971119133574,0.9875100325550776,nan,0.11191754971694005,0.17549716940049354,0.0,8.838235448582541e-05,1.9608122467032865e-06,-5.248890427391006e-32,0.2,0.07777777777777778
16.5,nan,nan,0.0,0.15902527075812276,0.20703971119133574,0.9875100325550776,nan,0.11191754971694005,0.17549716940049354,0.0,8.975162370008743e-05,1.9921466773619043e-06,5.469263110775261e-32,0.2,0.07777777777777778
16.75,nan,nan,0.0,0.15902527075812276,0.20703971119133574,0.9875100325550776,nan,0.11191754971694005,0.17549716940049354,0.0,0.0002566374745005254,2.0694275263752883e-06,3.6044118451532173e-32,0.2,0.07777777777777778
17.0,nan,nan,0.0,0.15902527075812276,0.20703971119133574,0.9875100325550776,nan,0.11191754971694005,0.17549716940049354,0.0,0.000263832411439594,1.8210285302925397e-06,3.134095248357342e-33,0.2,0.07777777777777778
17.25,nan,nan,0.0,0.15902527075812276,0.20703971119133574,0.9875100325550776,nan,0.11191754971694005,0.17549716940049354,0.0,0.0002665474518311244,1.8617092544547114e-06,1.2019040542317498e-31,0.2,0.07777777777777778
17.5,nan,nan,0.0,0.15902527075812276,0.20703971119133574,0.9875100325550776,nan,0.11191754971694005,0.17549716940049354,0.0,8.996224183724557e-05,2.002192892489956e-06,-4.117231057184777e-32,0.2,0.07777777777777778
17.75,nan,nan,0.0,0.15902527075812276,0.20703971119133574,0.9875100325550776,nan,0.11191754971694005,0.17549716940049354,0.0,9.003441668538765e-05,2.0054777820464197e-06,-1.345966135097477e-32,0.2,0.07777777777777778
18.0,nan,nan,0.0,0.15902527075812276,0.20703971119133574,0.9875100325550776,nan,0.11191754971694005,0.17549716940049354,0.0,0.0002674513524536469,1.8905323353531298e-06,-2.0070980948501918e-32,0.2,0.07777777777777778
18.25,nan,nan,0.0,0.15902527075812276,0.20703971119133574,0.9875100325550776,nan,0.11191754971694005,0.17549716940049354,0.0,9.002525587261168e-05,2.006241736497388e-06,-7.58104977790302e-32,0.2,0.07777777777777778
18.5,nan,nan,0.0,0.15902527075812276,0.20703971119133574,0.9875100325550776,nan,0.11191754971694005,0.17549716940049354,0.0,9.001025163094789e-05,2.0061151434767615e-06,2.2321758182731443e-32,0.2,0.07777777777777778
18.75,nan,nan,0.0,0.15902527075812276,0.20703971119133574,0.9875100325550776,nan,0.11191754971694005,0.17549716940049354,0.0,0.00026742251961643914,1.8903099525149863e-06,-1.0234931716390817e-32,0.2,0.07777777777777778
19.0,nan,nan,0.0,0.15902527075812276,0.20703971119133574,0.9875100325550776,nan,0.11191754971694005,0.17549716940049354,0.0,8.999593866599467e-05,2.005961133904261e-06,-3.981367556945032e-33,0.2,0.07777777777777778
19.25,nan,nan,0.0,0.15902527075812276,0.20703971119133574,0.9875100325550776,nan,0.11191754971694005,0.17549716940049354,0.0,0.00026739706807859306,1.8900168809066416e-06,-1.4884850976663535e-31,0.2,0.07777777777777778
19.5,nan,nan,0.0,0.15902527075812276,0.20703971119133574,0.9875100325550776,nan,0.11191754971694005,0.17549716940049354,0.0,0.000267386035267449,1.889889126103355e-06,9.648048320631042e-32,0.2,0.07777777777777778
19.75,nan,nan,0.0,0.15902527075812276,0.20703971119133574,0.9875100325550776,nan,0.11191754971694005,0.17549716940049354,0.0,8.996090801272528e-05,2.0055588413559694e-06,-2.6259126628131903e-32,0.2,0.07777777777777778
20.0,nan,nan,0.0,0.15902527075812276,0.20703971119133574,0.9875100325550776,nan,0.11191754971694005,0.17549716940049354,0.0,8.995159614959218e-05,2.005450661709176e-06,-1.3315156945962252e-32,0.2,0.07777777777777778
20.25,-0.017346281558275223,0.22096851468086243,0.0,0.15902527075812276,0.20703971119133574,0.9875100325550776,1.0,0.11191754971694005,0.17549716940049354,0.0,8.994332659172459e-05,2.0053548973785023e-06,8.1483673456937e-32,0.2,0.07777777777777778
20.5,-0.055140428245067596,0.36316531896591187,0.0,0.15902527075812276,0.20703971119133574,0.9875100325550776,1.0,0.11191754971694005,0.17549716940049354,0.0,0.00209175622734259,0.0005059035965468343,-8.595197552155322e-08,0.2,0.07777777777777778
20.75,-0.055571310222148895,0.44578200578689575,0.0,0.15902527075812276,0.20703971119133574,0.9875100325550776,1.0,0.11191754971694005,0.17549716940049354,0.0,0.02198327898908917,0.003745590963574107,-4.023775603724556e-06,0.18888888888888888,0.08333333333333333
21.0,-0.06745962798595428,0.5224465131759644,0.0,0.15902527075812276,0.20703971119133574,0.9875100325550776,1.0,0.11191754971694005,0.17549716940049354,0.0,0.05729663856436483,0.010307136000200261,-2.6690337698217077e-05,0.18888888888888888,0.07777777777777778
21.25,-0.055367134511470795,0.5978413820266724,0.0,0.15902527075812276,0.20703971119133574,0.9875100325550776,2.0,0.11191754971694005,0.17549716940049354,0.0,0.10500874785345986,0.020226316682413915,-8.707506647430881e-05,0.2,0.07777777777777778
21.5,-0.0523492656648159,0.6340267062187195,0.0,0.15902527075812276,0.20703971119133574,0.9875100325550776,2.0,0.11191754971694005,0.17549716940049354,0.0,0.16630855095186492,0.03350932889588947,-0.0002024434234376659,0.20555555555555555,0.07777777777777778
21.75,-0.05398373678326607,0.6650382876396179,0.0,0.15902527075812276,0.20703971119133574,0.9875100325550776,2.0,0.11191754971694005,0.17549716940049354,0.0,0.2024893941259404,0.04141671901540559,-0.00028344494414454086,0.19444444444444445,0.07777777777777778
22.0,-0.028635531663894653,0.6953036189079285,0.0,0.15902527075812276,0.20703971119133574,0.9875100325550776,2.0,0.11191754971694005,0.17549716940049354,0.0,0.27923263148558886,0.059727029963081164,-0.0004979584505445852,0.18333333333333332,0.07222222222222222
22.25,-0.03206302225589752,0.7148821353912354,0.0,0.15902527075812276,0.20703971119133574,0.9875100325550776,3.0,0.11191754971694005,0.17549716940049354,0.0,0.35778509275596593,0.08129314930958187,-0.0007936174435205671,0.19444444444444445,0.07777777777777778
22.5,-0.0014315915759652853,0.728568434715271,0.0,0.15902527075812276,0.20703971119133574,0.9875100325550776,3.0,0.11191754971694005,0.17549716940049354,0.0,0.4366782922413509,0.10607447720620314,-0.001167514180293748,0.18888888888888888,0.07777777777777778
22.75,-0.012852219864726067,0.7348111271858215,0.0,0.15902527075812276,0.20703971119133574,0.9875100325550776,3.0,0.11191754971694005,0.17549716940049354,0.0,0.5155330308428809,0.1340580614730817,-0.001617750790750885,0.19444444444444445,0.07777777777777778
23.0,-0.003288046456873417,0.7381894588470459,0.0,0.15902527075812276,0.20703971119133574,0.9875100325550776,3.0,0.11191754971694005,0.17549716940049354,0.0,0.5865090839697752,0.16384914455625826,-0.0021134214224015594,0.2,0.08333333333333333
23.25,-0.0008374587632715702,0.7537447214126587,0.0,0.15902527075812276,0.20703971119133574,0.9875100325550776,4.0,0.11191754971694005,0.17549716940049354,0.0,0.6405900067715424,0.1939427199542462,-0.0026283539664812795,0.19444444444444445,0.08333333333333333
23.5,0.027676548808813095,0.7353432774543762,0.0,0.15902527075812276,0.20703971119133574,0.9875100325550776,4.0,0.1290463057047467,0.19233560749020176,0.0,0.6843286662959314,0.2243482419928267,-0.003152235599885029,0.19444444444444445,0.08333333333333333
23.75,0.025324756279587746,0.739607036113739,0.0,0.15902527075812276,0.20703971119133574,0.9875100325550776,4.0,0.1290463057047467,0.19233560749020176,0.0,0.712660013548759,0.25436312903797353,-0.0036555329438200898,0.19444444444444445,0.08888888888888889
24.0,0.0238037146627903,0.7347558736801147,0.0,0.15902527075812276,0.20703971119133574,0.9875100325550776,4.0,0.1290463057047467,0.19233560749020176,0.0,0.7267680115360738,0.28422705839324564,-0.004126012002294322,0.19444444444444445,0.08888888888888889
24.25,0.02395205944776535,0.7128605842590332,0.0,0.15902527075812276,0.20703971119133574,0.9875100325550776,5.0,0.1290463057047467,0.19233560749020176,0.0,0.7316910776160777,0.3139079153599814,-0.004564957460975843,0.20555555555555555,0.08888888888888889
24.5,0.031379543244838715,0.7130807638168335,0.0,0.15902527075812276,0.20703971119133574,0.9875100325550776,5.0,0.1290463057047467,0.19233560749020176,0.0,0.7287952996928171,0.3428020569233653,-0.004962901656032484,0.20555555555555555,0.08888888888888889
24.75,0.02900216355919838,0.7151878476142883,0.0,0.15902527075812276,0.20703971119133574,0.9875100325550776,5.0,0.1290463057047467,0.19233560749020176,0.0,0.7222216476318913,0.371228321234968,-0.005326757313740357,0.2111111111111111,0.09444444444444444
25.0,0.049777574837207794,0.7188529968261719,0.0,0.15902527075812276,0.20703971119133574,0.9875100325550776,5.0,0.1290463057047467,0.19233560749020176,0.0,0.7202264403353644,0.3998886552841558,-0.005658215608391657,0.2111111111111111,0.09444444444444444
25.25,0.05475009232759476,0.7253960967063904,0.0,0.15902527075812276,0.20703971119133574,0.9875100325550776,6.0,0.1290463057047467,0.19233560749020176,0.0,0.7176066677689201,0.42857346415002995,-0.005945007175794775,0.21666666666666667,0.09444444444444444
25.5,0.036244239658117294,0.7202379703521729,0.0,0.16609167077378018,0.22408411368490225,0.9862768173578984,6.0,0.1290463057047467,0.19233560749020176,0.0,0.7175291197722885,0.45755449809443466,-0.006180179174103872,0.2,0.09444444444444444
25.75,0.033944252878427505,0.7239474058151245,0.0,0.16609167077378018,0.22408411368490225,0.9862768173578984,6.0,0.1290463057047467,0.19233560749020176,0.0,0.7178468225555212,0.4864513905515007,-0.0063663911876866396,0.2111111111111111,0.09444444444444444
26.0,0.01986338198184967,0.7316775918006897,0.0,0.16609167077378018,0.22408411368490225,0.9862768173578984,6.0,0.1290463057047467,0.19233560749020176,0.0,0.7223090237745599,0.5157348708823123,-0.0065180772888900245,0.2111111111111111,0.1
26.25,0.02884877659380436,0.7390295267105103,0.0,0.16609167077378018,0.22408411368490225,0.9862768173578984,7.0,0.1290463057047467,0.19233560749020176,0.0,0.7246190840292135,0.5304227644590511,-0.006582091440092059,0.20555555555555555,0.1
26.5,-0.2598550021648407,0.730250895023346,0.0,0.16609167077378018,0.22408411368490225,0.9862768173578984,7.0,0.1290463057047467,0.19233560749020176,0.0,0.7288652805410678,0.574640308884663,-0.006742979208695673,0.2,0.1
26.75,-0.249209925532341,0.7116808891296387,0.0,0.16609167077378018,0.22408411368490225,0.9862768173578984,7.0,0.15169110175642328,0.22688343736391348,0.0,0.730077505967347,0.6039562151706785,-0.006938851338759547,0.2111111111111111,0.10555555555555556
27.0,-0.272723913192749,0.7146293520927429,0.0,0.16609167077378018,0.22408411368490225,0.9862768173578984,7.0,0.15169110175642328,0.22688343736391348,0.0,0.7292983667501214,0.63281178506198,-0.007384885798034701,0.2111111111111111,0.10555555555555556
27.25,-0.2567424476146698,0.7111414670944214,0.0,0.16609167077378018,0.22408411368490225,0.9862768173578984,8.0,0.15169110175642328,0.22688343736391348,0.0,0.7311711989746714,0.6621656953115748,-0.008155960502216314,0.2111111111111111,0.10555555555555556
27.5,-0.22138170897960663,0.727458119392395,0.0,0.16609167077378018,0.22408411368490225,0.9862768173578984,8.0,0.15169110175642328,0.22688343736391348,0.0,0.725795251088865,0.6901465317486455,-0.009198138311683918,0.2222222222222222,0.1111111111111111
27.75,-0.1785789132118225,0.7287752628326416,0.0,0.16609167077378018,0.22408411368490225,0.9862768173578984,8.0,0.15169110175642328,0.22688343736391348,0.0,0.7235274349366733,0.7188963360854183,-0.010539953048911832,0.20555555555555555,0.1111111111111111
28.0,-0.16116461157798767,0.7277594208717346,0.0,0.16609167077378018,0.22408411368490225,0.9862768173578984,8.0,0.15169110175642328,0.22688343736391348,0.0,0.7212044769205816,0.7478678770751309,-0.01211705295797801,0.21666666666666667,0.1111111111111111
28.25,-0.09732789546251297,0.7214674949645996,0.0,0.16609167077378018,0.22408411368490225,0.9862768173578984,8.0,0.15169110175642328,0.22688343736391348,0.0,0.7216912658676442,0.7624647225337223,-0.012986963186824085,0.2222222222222222,0.11666666666666667
28.5,-0.10103098303079605,0.7317327260971069,0.0,0.16609167077378018,0.22408411368490225,0.9862768173578984,9.0,0.15169110175642328,0.22688343736391348,0.0,0.7208613301730283,0.7915316512956561,-0.014838633823595406,0.21666666666666667,0.1111111111111111
28.75,-0.15095198154449463,0.7429732084274292,0.0,0.16609167077378018,0.22408411368490225,0.9862768173578984,9.0,0.15169110175642328,0.22688343736391348,0.0,0.7246423679640948,0.8347568089667077,-0.017819199924895827,0.23333333333333334,0.12222222222222222
29.0,-0.11406716704368591,0.7375245094299316,0.0,0.16609167077378018,0.22408411368490225,0.9862768173578984,9.0,0.15169110175642328,0.22688343736391348,0.0,0.7282462828206652,0.8641208011145084,-0.020023020948279742,0.2388888888888889,0.12777777777777777
29.25,-0.12376139312982559,0.7230154275894165,0.0,0.16609167077378018,0.22408411368490225,0.9862768173578984,9.0,0.15169110175642328,0.22688343736391348,0.0,0.7291624091533959,0.8934085767463824,-0.022376228329410906,0.2388888888888889,0.12777777777777777
29.5,-0.08710335195064545,0.717216432094574,0.0,0.16609167077378018,0.22408411368490225,0.9862768173578984,10.0,0.15169110175642328,0.22688343736391348,0.0,0.7274880728537743,0.9224740581366815,-0.024857212763088648,0.25555555555555554,0.13333333333333333
29.75,-0.07183890044689178,0.7295303344726562,0.0,0.16609167077378018,0.22408411368490225,0.9862768173578984,10.0,0.15169110175642328,0.22688343736391348,0.0,0.7292429694577943,0.9512553355901034,-0.027440696772988327,0.2388888888888889,0.13333333333333333
30.0,-0.04301261901855469,0.7341417074203491,0.0,0.16609167077378018,0.22408411368490225,0.9862768173578984,10.0,0.16722310930468864,0.2514152997532298,0.0,0.7301117544655629,0.9803038090276567,-0.030138255139326168,0.24444444444444444,0.12777777777777777
30.25,-0.03431303799152374,0.7414425015449524,0.0,0.16609167077378018,0.22408411368490225,0.9862768173578984,10.0,0.16722310930468864,0.2514152997532298,0.0,0.7310925534665875,1.0097296282972563,-0.032947764950821655,0.2611111111111111,0.1388888888888889
30.5,-0.017504315823316574,0.7405858039855957,0.0,0.16609167077378018,0.22408411368490225,0.9862768173578984,11.0,0.16722310930468864,0.2514152997532298,0.0,0.7319473754253932,1.0392445180550767,-0.035817794918207885,0.25555555555555554,0.1388888888888889
30.75,-0.047506678849458694,0.7470452785491943,0.0,0.16609167077378018,0.22408411368490225,0.9862768173578984,11.0,0.16722310930468864,0.2514152997532298,0.0,0.7340234280597435,1.0686655845625692,-0.03871285687120918,0.25,0.1388888888888889
31.0,-0.03159710019826889,0.7483620047569275,1.0,0.16609167077378018,0.22408411368490225,0.9862768173578984,11.0,0.16722310930468864,0.2514152997532298,0.0,0.7376419470832866,1.0983099738126625,-0.041661900717390406,1.0,1.0
31.25,-0.03894597291946411,0.7475452423095703,1.0,0.16609167077378018,0.22408411368490225,0.9862768173578984,11.0,0.16722310930468864,0.2514152997532298,0.0,0.7413543308699599,1.128186523952701,-0.044683273433512534,1.0,1.0
31.5,-0.02954927645623684,0.7375578880310059,1.0,0.16609167077378018,0.22408411368490225,0.9862768173578984,12.0,0.16722310930468864,0.2514152997532298,0.0,0.7420236577132681,1.1578272206397,-0.04772598837515789,1.0,1.0
31.75,-0.023494161665439606,0.7363358736038208,1.0,0.16609167077378018,0.22408411368490225,0.9862768173578984,12.0,0.16722310930468864,0.2514152997532298,0.0,0.7435493851986477,1.187425320536406,-0.05080190305443149,1.0,1.0
32.0,-0.056991513818502426,0.7133954763412476,1.0,0.16609167077378018,0.22408411368490225,0.9862768173578984,12.0,0.16722310930468864,0.2514152997532298,0.0,0.7422102255429252,1.216620610289356,-0.05387097301074618,1.0,1.0
32.25,-0.03633333742618561,0.7226791977882385,1.0,0.16609167077378018,0.22408411368490225,0.9862768173578984,12.0,0.16722310930468864,0.2514152997532298,0.0,0.7380712372348847,1.2453273688334061,-0.05693314705716909,1.0,1.0
32.5,-0.0517616905272007,0.732654869556427,1.0,0.1824334053275738,0.2498200143988481,0.9843424505586668,13.0,0.16722310930468864,0.2514152997532298,0.0,0.7343750659388957,1.2740472812921086,-0.06006316795533091,1.0,1.0
32.75,-0.07310310006141663,0.7206231951713562,1.0,0.1824334053275738,0.2498200143988481,0.9843424505586668,13.0,0.16722310930468864,0.2514152997532298,0.0,0.7320065688389735,1.3030868776099591,-0.06328669418363651,1.0,1.0
33.0,-0.07211415469646454,0.7465753555297852,1.0,0.1824334053275738,0.2498200143988481,0.9843424505586668,13.0,0.19219044854115255,0.2845115401364494,0.0,0.7288275259495278,1.3320007979633204,-0.06657169702355249,1.0,1.0
33.25,-0.07454141229391098,0.7247393131256104,1.0,0.1824334053275738,0.2498200143988481,0.9843424505586668,13.0,0.19219044854115255,0.2845115401364494,0.0,0.7298726118693799,1.3613209729051017,-0.06998928834830524,1.0,1.0
33.5,-0.11505778133869171,0.72932368516922,1.0,0.1824334053275738,0.2498200143988481,0.9843424505586668,14.0,0.19219044854115255,0.2845115401364494,0.0,0.7316762362360553,1.390553306429057,-0.07348681345029143,1.0,1.0
33.75,-0.15885032713413239,0.7285745739936829,1.0,0.1824334053275738,0.2498200143988481,0.9843424505586668,14.0,0.19219044854115255,0.2845115401364494,0.0,0.7326197508168008,1.4194675428009174,-0.07704779708208714,1.0,1.0
34.0,-0.16830256581306458,0.7177181839942932,1.0,0.1824334053275738,0.2498200143988481,0.9843424505586668,14.0,0.19219044854115255,0.2845115401364494,0.0,0.7321004840032226,1.448451601176727,-0.08077790252502569,1.0,1.0
34.25,-0.17356334626674652,0.7196053266525269,1.0,0.1824334053275738,0.2498200143988481,0.9843424505586668,14.0,0.19219044854115255,0.2845115401364494,0.0,0.7319569168284604,1.462891992067075,-0.08270616445985084,0.2722222222222222,0.15555555555555556
34.5,-0.17162539064884186,0.73914635181427,1.0,0.1824334053275738,0.2498200143988481,0.9843424505586668,15.0,0.19219044854115255,0.2845115401364494,0.0,0.7305422378979723,1.4915533252026327,-0.0866841112338364,0.2722222222222222,0.16111111111111112
34.75,-0.13525718450546265,0.7284724116325378,1.0,0.1824334053275738,0.2498200143988481,0.9843424505586668,15.0,0.19219044854115255,0.2845115401364494,0.0,0.7265884579284531,1.5202127622244799,-0.09086511736078333,0.28888888888888886,0.16111111111111112
35.0,-0.14045579731464386,0.725396990776062,1.0,0.1824334053275738,0.2498200143988481,0.9843424505586668,15.0,0.19219044854115255,0.2845115401364494,0.0,0.7286300547340671,1.5635647182712458,-0.09752057354666191,0.2722222222222222,0.16111111111111112
35.25,-0.11131133139133453,0.7214263677597046,1.0,0.1824334053275738,0.2498200143988481,0.9843424505586668,15.0,0.19219044854115255,0.2845115401364494,0.0,0.7275260746216254,1.5778674646247974,-0.09979981706931541,0.2722222222222222,0.16111111111111112
35.5,-0.07744192332029343,0.7292357087135315,1.0,0.1824334053275738,0.2498200143988481,0.9843424505586668,16.0,0.19219044854115255,0.2845115401364494,0.0,0.7262299960526964,1.6064780804249308,-0.10448257170415326,0.2611111111111111,0.15555555555555556
35.75,0.002920265309512615,0.6925707459449768,1.0,0.1824334053275738,0.2498200143988481,0.9843424505586668,16.0,0.19219044854115255,0.2845115401364494,0.0,0.72616721850713,1.6208095672368437,-0.10688084685380746,0.2722222222222222,0.16111111111111112
36.0,-0.00937636848539114,0.6855877637863159,1.0,0.1824334053275738,0.2498200143988481,0.9843424505586668,16.0,0.19219044854115255,0.2845115401364494,0.0,0.7224601507054378,1.648702634504716,-0.11158824576403713,0.2777777777777778,0.16111111111111112
36.25,0.006605617236346006,0.6793102622032166,1.0,0.1824334053275738,0.2498200143988481,0.9843424505586668,16.0,0.19219044854115255,0.2845115401364494,0.0,0.7164151376038919,1.6762185991652725,-0.11623159087007934,0.2833333333333333,0.16111111111111112
36.5,-0.009320547804236412,0.6752490401268005,1.0,0.1824334053275738,0.2498200143988481,0.9843424505586668,17.0,0.1876905211206271,0.26883437363913487,0.0,0.7088351942196226,1.7032028166205757,-0.1207855093199769,0.2833333333333333,0.16111111111111112
36.75,0.011076927185058594,0.6658523678779602,1.0,0.1824334053275738,0.2498200143988481,0.9843424505586668,17.0,0.1876905211206271,0.26883437363913487,0.0,0.7005318450752319,1.7298350254262742,-0.12528000818737825,0.2833333333333333,0.16111111111111112
37.0,0.006089204456657171,0.6642628908157349,1.0,0.1824334053275738,0.2498200143988481,0.9843424505586668,17.0,0.1876905211206271,0.26883437363913487,0.0,0.6903976549618416,1.75624429471344,-0.12974333622119796,0.2777777777777778,0.15555555555555556
37.25,0.015232017263770103,0.6745606064796448,1.0,0.1824334053275738,0.2498200143988481,0.9843424505586668,17.0,0.1876905211206271,0.26883437363913487,0.0,0.6823035693313929,1.7825218035296295,-0.1341876713883908,0.2833333333333333,0.15555555555555556
37.5,0.04469884932041168,0.6635759472846985,1.0,0.1824334053275738,0.2498200143988481,0.9843424505586668,17.0,0.1876905211206271,0.26883437363913487,0.0,0.675662861265963,1.8221335754775976,-0.14086867256952082,0.2833333333333333,0.15555555555555556
37.75,0.03510027751326561,0.6667356491088867,1.0,0.1824334053275738,0.2498200143988481,0.9843424505586668,18.0,0.1876905211206271,0.26883437363913487,0.0,0.6727498819591287,1.8486297379252656,-0.14528977449286473,0.2833333333333333,0.15555555555555556
38.0,0.06896455585956573,0.6557331085205078,1.0,0.1824334053275738,0.2498200143988481,0.9843424505586668,18.0,0.1876905211206271,0.26883437363913487,0.0,0.6692532984549044,1.8744853188894433,-0.14955548231123195,0.2833333333333333,0.15555555555555556
38.25,0.04464695230126381,0.6402763724327087,1.0,0.1824334053275738,0.2498200143988481,0.9843424505586668,18.0,0.1876905211206271,0.26883437363913487,0.0,0.6663665157482281,1.9003870528694153,-0.153785023933719,0.2833333333333333,0.15555555555555556
38.5,0.03936202824115753,0.6447943449020386,1.0,0.1824334053275738,0.2498200143988481,0.9843424505586668,18.0,0.1876905211206271,0.26883437363913487,0.0,0.6640406093103269,1.9262610192413643,-0.15795158183590244,0.2833333333333333,0.15555555555555556
38.75,0.03292277455329895,0.6595073342323303,1.0,0.1824334053275738,0.2498200143988481,0.9843424505586668,19.0,0.1876905211206271,0.26883437363913487,0.0,0.6567520527649152,1.9512177033988651,-0.1619230351688386,0.2833333333333333,0.15555555555555556
39.0,0.026886483654379845,0.6527202129364014,1.0,0.1824334053275738,0.2498200143988481,0.9843424505586668,19.0,0.1876905211206271,0.26883437363913487,0.0,0.6551971950130119,1.9772441687843811,-0.16602470891172477,0.2833333333333333,0.15555555555555556
39.25,0.06243576109409332,0.653744637966156,1.0,0.1824334053275738,0.2498200143988481,0.9843424505586668,19.0,0.1876905211206271,0.26883437363913487,0.0,0.651034417080024,2.002558193861569,-0.16997523775296314,0.2833333333333333,0.15555555555555556
39.5,0.06816617399454117,0.6528469324111938,1.0,0.18199406681284663,0.25474010060621693,0.9825208090973857,19.0,0.1876905211206271,0.26883437363913487,0.0,0.6492149672491769,2.028236989987094,-0.17394231351738165,0.2833333333333333,0.15555555555555556
39.75,0.04833405092358589,0.6646996736526489,1.0,0.18199406681284663,0.25474010060621693,0.9825208090973857,20.0,0.18115836841341268,0.25881840615473944,0.0,0.6486178916828663,2.0540354779377776,-0.17786511469474872,0.2833333333333333,0.15555555555555556
40.0,0.043426912277936935,0.6635388135910034,1.0,0.18199406681284663,0.25474010060621693,0.9825208090973857,20.0,0.18115836841341268,0.25881840615473944,0.0,0.6519559380437578,2.0800903673782307,-0.18176388161527324,0.2833333333333333,0.15555555555555556
40.25,0.09724049270153046,0.6596823334693909,1.0,0.18199406681284663,0.25474010060621693,0.9825208090973857,20.0,0.18115836841341268,0.25881840615473944,0.0,0.6537324753591967,2.1064009234908316,-0.18565056868732793,0.2833333333333333,0.15555555555555556
40.5,0.0925273597240448,0.6639427542686462,1.0,0.18199406681284663,0.25474010060621693,0.9825208090973857,20.0,0.18115836841341268,0.25881840615473944,0.0,0.6570961545417556,2.132666881422495,-0.18946756468130843,0.3,0.16666666666666666
40.75,0.11208494752645493,0.6616463661193848,1.0,0.18199406681284663,0.25474010060621693,0.9825208090973857,21.0,0.18115836841341268,0.25881840615473944,0.0,0.659474279328023,2.1589531355427702,-0.1931907187546982,0.29444444444444445,0.16666666666666666
41.0,0.1539330631494522,0.6730196475982666,1.0,0.18199406681284663,0.25474010060621693,0.9825208090973857,21.0,0.18115836841341268,0.25881840615473944,0.0,0.6621251378798246,2.18533255775927,-0.19681283253615237,0.29444444444444445,0.16666666666666666
41.25,0.13237467408180237,0.6614083647727966,1.0,0.18199406681284663,0.25474010060621693,0.9825208090973857,21.0,0.18115836841341268,0.25881840615473944,0.0,0.6636501986082896,2.2117597337125456,-0.2002963056048765,0.28888888888888886,0.16111111111111112
41.5,0.10148204118013382,0.6628251671791077,1.0,0.18199406681284663,0.25474010060621693,0.9825208090973857,21.0,0.18115836841341268,0.25881840615473944,0.0,0.6648062371177401,2.2382387054760398,-0.20362790314166623,0.28888888888888886,0.16111111111111112
41.75,0.2110857367515564,0.6648955941200256,1.0,0.18199406681284663,0.25474010060621693,0.9825208090973857,22.0,0.18115836841341268,0.25881840615473944,0.0,0.6639685978846724,2.2645295529916765,-0.20679949982480084,0.28888888888888886,0.16111111111111112
42.0,0.2850413918495178,0.6372610330581665,1.0,0.18199406681284663,0.25474010060621693,0.9825208090973857,22.0,0.18115836841341268,0.25881840615473944,0.0,0.6649027297081217,2.2910235987754546,-0.20986961798774761,0.28888888888888886,0.16111111111111112
42.25,0.2825045585632324,0.6443124413490295,1.0,0.18199406681284663,0.25474010060621693,0.9825208090973857,22.0,0.18115836841341268,0.25881840615473944,0.0,0.6602247655822983,2.316788742268314,-0.21263902486336342,0.3,0.16111111111111112
42.5,0.24767932295799255,0.6316105723381042,1.0,0.18199406681284663,0.25474010060621693,0.9825208090973857,22.0,0.18115836841341268,0.25881840615473944,0.0,0.6542544573722394,2.3421467202472623,-0.21505753970617053,0.28888888888888886,0.16666666666666666
42.75,0.2549886405467987,0.6376000642776489,1.0,0.18199406681284663,0.25474010060621693,0.9825208090973857,23.0,0.18115836841341268,0.25881840615473944,0.0,0.6510667331625709,2.367536614087762,-0.21718314219581733,0.3,0.16666666666666666
43.0,0.24333679676055908,0.6339845061302185,1.0,0.18199406681284663,0.25474010060621693,0.9825208090973857,23.0,0.20859340978371316,0.30018870663376396,0.0,0.6468506777587416,2.392941256833299,-0.21904451980242998,0.3,0.16666666666666666
43.25,0.1973980963230133,0.6447603106498718,1.0,0.18199406681284663,0.25474010060621693,0.9825208090973857,23.0,0.20859340978371316,0.30018870663376396,0.0,0.6408741162370202,2.418258421416915,-0.22064163964540354,0.2833333333333333,0.16111111111111112
43.5,0.21076908707618713,0.6453792452812195,1.0,0.18199406681284663,0.25474010060621693,0.9825208090973857,23.0,0.20859340978371316,0.30018870663376396,0.0,0.6379938688178783,2.4437054521756263,-0.22201516395929916,0.29444444444444445,0.16666666666666666
43.75,0.2547924816608429,0.6538127064704895,1.0,0.18199406681284663,0.25474010060621693,0.9825208090973857,24.0,0.20859340978371316,0.30018870663376396,0.0,0.6389759062629413,2.4694600562302496,-0.2232047104552245,0.29444444444444445,0.16666666666666666
44.0,0.22674591839313507,0.6488192081451416,1.0,0.18199406681284663,0.25474010060621693,0.9825208090973857,24.0,0.20859340978371316,0.30018870663376396,0.0,0.6407889658542386,2.4954023585621337,-0.2241825147538606,0.29444444444444445,0.16666666666666666
44.25,0.21982985734939575,0.6483604907989502,1.0,0.18199406681284663,0.25474010060621693,0.9825208090973857,24.0,0.20859340978371316,0.30018870663376396,0.0,0.6446825542493133,2.53452230861969,-0.2251702192826237,0.29444444444444445,0.16666666666666666
44.5,0.2502910792827606,0.6436294913291931,1.0,0.18199406681284663,0.25474010060621693,0.9825208090973857,24.0,0.20859340978371316,0.30018870663376396,0.0,0.6479345563912985,2.5605586755469187,-0.22552534797945384,0.29444444444444445,0.16666666666666666
44.75,0.23708008229732513,0.6535457968711853,1.0,0.18199406681284663,0.25474010060621693,0.9825208090973857,25.0,0.20859340978371316,0.30018870663376396,0.0,0.6483472598418911,2.5863927147427503,-0.2256410169352065,0.29444444444444445,0.16666666666666666
45.0,0.20832830667495728,0.6367234587669373,1.0,0.18199406681284663,0.25474010060621693,0.9825208090973857,25.0,0.20859340978371316,0.30018870663376396,0.0,0.6512000312884914,2.6125387611435067,-0.22550456626304932,0.29444444444444445,0.16666666666666666
45.25,0.24357853829860687,0.6557760238647461,1.0,0.18199406681284663,0.25474010060621693,0.9825208090973857,25.0,0.20859340978371316,0.30018870663376396,0.0,0.6499370051120372,2.6384482014952915,-0.22512972308308105,0.29444444444444445,0.16666666666666666
45.5,0.2538909316062927,0.6425274014472961,1.0,0.18199406681284663,0.25474010060621693,0.9825208090973857,25.0,0.20859340978371316,0.30018870663376396,0.0,0.6476792980319298,2.6640792053937266,-0.22453183319894174,0.29444444444444445,0.16666666666666666
45.75,0.26160240173339844,0.6301299929618835,1.0,0.18199406681284663,0.25474010060621693,0.9825208090973857,26.0,0.20859340978371316,0.30018870663376396,0.0,0.648563961328942,2.69005089653977,-0.22367853432690898,0.29444444444444445,0.16666666666666666
46.0,0.27109163999557495,0.6409674882888794,1.0,0.18199406681284663,0.25474010060621693,0.9825208090973857,26.0,0.20670634344607344,0.3017854550733053,0.0,0.6460438496896643,2.715546198230121,-0.22258379009065446,0.29444444444444445,0.16666666666666666
46.25,0.26614847779273987,0.6458361148834229,1.0,0.18199406681284663,0.25474010060621693,0.9825208090973857,26.0,0.20670634344607344,0.3017854550733053,0.0,0.6434039756046842,2.7409681158319237,-0.22121768658875857,0.29444444444444445,0.16666666666666666
46.5,0.2372799515724182,0.6550883054733276,1.0,0.20486935866983372,0.288479809976247,0.9810170530891251,26.0,0.20670634344607344,0.3017854550733053,0.0,0.6438537252595515,2.76670452360737,-0.2195491404763463,0.29444444444444445,0.16666666666666666
46.75,0.25550422072410583,0.6516126990318298,1.0,0.20486935866983372,0.288479809976247,0.9810170530891251,26.0,0.20670634344607344,0.3017854550733053,0.0,0.6436324271120951,2.7924980602217833,-0.21761007184092337,0.3,0.17222222222222222
47.0,0.2875872552394867,0.6176979541778564,1.0,0.20486935866983372,0.288479809976247,0.9810170530891251,27.0,0.20670634344607344,0.3017854550733053,0.0,0.6438167791713448,2.8055097772275372,-0.2165375324319818,0.3,0.17222222222222222
47.25,0.2603870630264282,0.6207587718963623,1.0,0.20486935866983372,0.288479809976247,0.9810170530891251,27.0,0.20670634344607344,0.3017854550733053,0.0,0.6415758012346461,2.830982935735402,-0.21424121105676308,0.3055555555555556,0.17777777777777778
47.5,0.2400859296321869,0.6427412033081055,1.0,0.20486935866983372,0.288479809976247,0.9810170530891251,27.0,0.20670634344607344,0.3017854550733053,0.0,0.6370076318032303,2.8556831013934474,-0.21173950800586852,0.3055555555555556,0.17222222222222222
47.75,0.25094059109687805,0.6247949600219727,1.0,0.20486935866983372,0.288479809976247,0.9810170530891251,27.0,0.20670634344607344,0.3017854550733053,0.0,0.637814498303623,2.8934128291806696,-0.20741780493870884,0.29444444444444445,0.17222222222222222
48.0,0.5895563960075378,0.5680893659591675,1.0,0.20486935866983372,0.288479809976247,0.9810170530891251,28.0,0.20670634344607344,0.3017854550733053,0.0,0.6361272043202489,2.9058883961128985,-0.20586471431410017,0.3,0.17777777777777778
48.25,0.6365273594856262,0.610673725605011,1.0,0.20486935866983372,0.288479809976247,0.9810170530891251,28.0,0.20670634344607344,0.3017854550733053,0.0,0.626600576102198,2.9297726077217523,-0.20270153719967315,0.3111111111111111,0.17222222222222222
48.5,0.6425515413284302,0.6115137934684753,1.0,0.20486935866983372,0.288479809976247,0.9810170530891251,28.0,0.20670634344607344,0.3017854550733053,0.0,0.6156559569001048,2.9652164658300757,-0.19729923502123464,0.3055555555555556,0.17222222222222222
48.75,0.6426153182983398,0.6285436749458313,1.0,0.20486935866983372,0.288479809976247,0.9810170530891251,28.0,0.20670634344607344,0.3017854550733053,0.0,0.6141732415679192,2.989350380003898,-0.19291616728516917,0.3,0.17777777777777778
49.0,0.5865103006362915,0.6297963261604309,1.0,0.20486935866983372,0.288479809976247,0.9810170530891251,29.0,0.20670634344607344,0.3017854550733053,0.0,0.6141864238308241,3.0015936083578603,-0.1904425777705605,0.3055555555555556,0.17777777777777778
49.25,0.5756547451019287,0.6201866865158081,1.0,0.20486935866983372,0.288479809976247,0.9810170530891251,29.0,0.2289156626506024,0.3341559007112789,0.0,0.6148526516124377,3.0261975523432207,-0.18497728954207013,0.3055555555555556,0.17777777777777778
49.5,0.5421134233474731,0.6181851625442505,1.0,0.20486935866983372,0.288479809976247,0.9810170530891251,29.0,0.2289156626506024,0.3341559007112789,0.0,0.6190461169614484,3.0624712117903337,-0.17578382415639887,0.3055555555555556,0.17777777777777778
49.75,0.5467667579650879,0.6190779805183411,1.0,0.20486935866983372,0.288479809976247,0.9810170530891251,29.0,0.2289156626506024,0.3341559007112789,0.0,0.6208004481156976,3.086201291580371,-0.16904951904045634,0.3111111111111111,0.17777777777777778
50.0,0.543768048286438,0.6196427345275879,1.0,0.20486935866983372,0.288479809976247,0.9810170530891251,30.0,0.2289156626506024,0.3341559007112789,0.0,0.6220101261015367,3.10987559542461,-0.16177089383750018,0.3111111111111111,0.17777777777777778
50.25,0.5392025113105774,0.6566236019134521,1.0,0.20486935866983372,0.288479809976247,0.9810170530891251,30.0,0.2289156626506024,0.3341559007112789,0.0,0.6208132603020564,3.133460437123215,-0.15395709101379054,0.3111111111111111,0.17777777777777778
50.5,0.5834633708000183,0.6715518236160278,1.0,0.20486935866983372,0.288479809976247,0.9810170530891251,30.0,0.2289156626506024,0.3341559007112789,0.0,0.6270816320687158,3.157907839036594,-0.14527109600916852,0.3111111111111111,0.17777777777777778
50.75,0.577070415019989,0.6736806035041809,1.0,0.20486935866983372,0.288479809976247,0.9810170530891251,30.0,0.2289156626506024,0.3341559007112789,0.0,0.6370902965777387,3.183024995158068,-0.1357258453882043,0.3111111111111111,0.17777777777777778
51.0,0.5413001179695129,0.6818331480026245,1.0,0.20486935866983372,0.288479809976247,0.9810170530891251,31.0,0.2289156626506024,0.3341559007112789,0.0,0.6482226757160358,3.208564659295933,-0.12534155362144658,0.3111111111111111,0.17777777777777778
51.25,0.5298502445220947,0.6769242286682129,1.0,0.20486935866983372,0.288479809976247,0.9810170530891251,31.0,0.2289156626506024,0.3341559007112789,0.0,0.6573534171185399,3.2332484728166855,-0.11464661499742858,0.3111111111111111,0.17777777777777778
51.5,0.4879012107849121,0.6787859797477722,1.0,0.20486935866983372,0.288479809976247,0.9810170530891251,31.0,0.2289156626506024,0.3341559007112789,0.0,0.6686583911930154,3.258071288071457,-0.10325416966706868,0.3111111111111111,0.17777777777777778
51.75,0.4713454842567444,0.6967486143112183,1.0,0.20486935866983372,0.288479809976247,0.9810170530891251,31.0,0.2289156626506024,0.3341559007112789,0.0,0.6755179829443727,3.282707957245905,-0.09131967649006882,0.3111111111111111,0.17777777777777778
52.0,0.4675154387950897,0.6860921382904053,1.0,0.20486935866983372,0.288479809976247,0.9810170530891251,32.0,0.2289156626506024,0.3341559007112789,0.0,0.6801665704598308,3.307372017839786,-0.07876528580503107,0.3111111111111111,0.17777777777777778
52.25,0.4791753590106964,0.7070169448852539,1.0,0.20486935866983372,0.288479809976247,0.9810170530891251,32.0,0.2289156626506024,0.3341559007112789,0.0,0.6800714454652891,3.3316918739669856,-0.06580393029756333,0.3111111111111111,0.17777777777777778
52.5,0.4477817416191101,0.7331810593605042,1.0,0.20486935866983372,0.288479809976247,0.9810170530891251,32.0,0.23907678908404703,0.3498330672085934,0.0,0.6856034174754089,3.356099710609766,-0.05219945009536645,0.3111111111111111,0.17777777777777778
52.75,0.41848835349082947,0.6970065236091614,1.0,0.20486935866983372,0.288479809976247,0.9810170530891251,32.0,0.23907678908404703,0.3498330672085934,0.0,0.6964786280647102,3.381206784373309,-0.037596975013432836,0.36666666666666664,0.20555555555555555
53.0,0.3937106728553772,0.7051093578338623,1.0,0.20486935866983372,0.288479809976247,0.9810170530891251,33.0,0.23907678908404703,0.3498330672085934,0.0,0.7005423570524834,3.4056233866095034,-0.022819140618039583,0.37222222222222223,0.20555555555555555
53.25,0.4090414047241211,0.7038227319717407,1.0,0.20486935866983372,0.288479809976247,0.9810170530891251,33.0,0.23907678908404703,0.3498330672085934,0.0,0.7009039174836309,3.429382760832487,-0.007893495055159782,0.37222222222222223,0.21666666666666667
53.5,0.3961847424507141,0.7104556560516357,1.0,0.2279074841806677,0.31551385555313116,0.9793351910469028,33.0,0.23907678908404703,0.3498330672085934,0.0,0.7047577416372748,3.4529005476028085,0.007405371442888724,0.34444444444444444,0.2111111111111111
53.75,0.37501680850982666,0.7180926203727722,1.0,0.2279074841806677,0.31551385555313116,0.9793351910469028,33.0,0.23907678908404703,0.3498330672085934,0.0,0.7079454097665884,3.4764061713536156,0.023237412798967492,0.3388888888888889,0.21666666666666667
54.0,0.366064190864563,0.7362997531890869,1.0,0.2279074841806677,0.31551385555313116,0.9793351910469028,34.0,0.23907678908404703,0.3498330672085934,0.0,0.707636940800379,3.499811632284563,0.0395279670302684,0.32222222222222224,0.21666666666666667
54.25,0.4263703227043152,0.718827486038208,1.0,0.2279074841806677,0.31551385555313116,0.9793351910469028,34.0,0.23907678908404703,0.3498330672085934,0.0,0.7115669086079617,3.523587626056743,0.05662089367029628,0.3111111111111111,0.21666666666666667
54.5,0.4095964729785919,0.7382853627204895,1.0,0.2279074841806677,0.31551385555313116,0.9793351910469028,34.0,0.23907678908404703,0.3498330672085934,0.0,0.7158384757203059,3.5470468223306346,0.07405688655562938,0.3,0.22777777777777777
54.75,0.36786001920700073,0.7438409924507141,1.0,0.2279074841806677,0.31551385555313116,0.9793351910469028,34.0,0.23907678908404703,0.3498330672085934,0.0,0.7205885255276994,3.5702263701581236,0.09190259936358543,0.2777777777777778,0.22777777777777777
55.0,0.3215394616127014,0.72987961769104,1.0,0.2279074841806677,0.31551385555313116,0.9793351910469028,35.0,0.23907678908404703,0.3498330672085934,0.0,0.7266624805345611,3.593351067876169,0.11030348806690937,0.2777777777777778,0.2388888888888889
55.25,0.30247822403907776,0.7398701906204224,1.0,0.2279074841806677,0.31551385555313116,0.9793351910469028,35.0,0.23907678908404703,0.3498330672085934,0.0,0.7309069337981304,3.6160443209238746,0.12887630293638308,0.25,0.23333333333333334
55.5,0.278796523809433,0.7230802178382874,1.0,0.2279074841806677,0.31551385555313116,0.9793351910469028,35.0,0.23907678908404703,0.3498330672085934,0.0,0.7314870994951668,3.6385505021416087,0.14775983908227058,0.25,0.24444444444444444
55.75,0.2772303819656372,0.7319642901420593,1.0,0.2279074841806677,0.31551385555313116,0.9793351910469028,35.0,0.24473798809696617,0.3515749745971839,0.0,0.7323900154247851,3.660730551952556,0.16680335736937246,0.25,0.25
56.0,0.2213847041130066,0.7416040301322937,1.0,0.2279074841806677,0.31551385555313116,0.9793351910469028,36.0,0.24473798809696617,0.3515749745971839,0.0,0.7327981599295272,3.6827296460036205,0.18612304104667055,0.25555555555555554,0.25555555555555554
56.25,0.21858181059360504,0.726182758808136,1.0,0.2279074841806677,0.31551385555313116,0.9793351910469028,36.0,0.24473798809696617,0.3515749745971839,0.0,0.7331352338160229,3.693786474329094,0.19598689987613985,0.25555555555555554,0.25555555555555554
56.5,0.18636274337768555,0.737814724445343,1.0,0.2279074841806677,0.31551385555313116,0.9793351910469028,36.0,0.24473798809696617,0.3515749745971839,0.0,0.73252897382767,3.715554625810607,0.21566833684902198,0.25555555555555554,0.25555555555555554
56.75,0.14155781269073486,0.724335789680481,1.0,0.2279074841806677,0.31551385555313116,0.9793351910469028,36.0,0.24473798809696617,0.3515749745971839,0.0,0.7321001178726605,3.7477725978537793,0.24539560054588996,0.25555555555555554,0.25555555555555554
57.0,0.11578956991434097,0.7165512442588806,1.0,0.2279074841806677,0.31551385555313116,0.9793351910469028,37.0,0.24473798809696617,0.3515749745971839,0.0,0.7321726997630515,3.7584349565355235,0.25537831399490324,0.25555555555555554,0.25555555555555554
57.25,0.11517754197120667,0.7233001589775085,1.0,0.2279074841806677,0.31551385555313116,0.9793351910469028,37.0,0.24473798809696617,0.3515749745971839,0.0,0.7306565403047697,3.7794809417693913,0.27525391799135934,0.25555555555555554,0.25555555555555554
57.5,0.09374678134918213,0.7228827476501465,1.0,0.2279074841806677,0.31551385555313116,0.9793351910469028,37.0,0.24473798809696617,0.3515749745971839,0.0,0.7275798917655504,3.800273701955286,0.2950777787742024,0.25555555555555554,0.25555555555555554
57.75,0.06187591329216957,0.7102925777435303,1.0,0.2279074841806677,0.31551385555313116,0.9793351910469028,37.0,0.24473798809696617,0.3515749745971839,0.0,0.7253013399300984,3.821002182480862,0.3150187249260603,0.25555555555555554,0.25555555555555554
58.0,0.06301908940076828,0.7146812081336975,1.0,0.2279074841806677,0.31551385555313116,0.9793351910469028,37.0,0.24473798809696617,0.3515749745971839,0.0,0.7229289602973513,3.8415630372441623,0.3349434406333519,0.25555555555555554,0.25555555555555554
58.25,0.04030774533748627,0.6910173296928406,1.0,0.2279074841806677,0.31551385555313116,0.9793351910469028,38.0,0.24473798809696617,0.3515749745971839,0.0,0.7201237797869101,3.8620916369318783,0.3549363427226659,0.25555555555555554,0.25555555555555554
58.5,-0.020300230011343956,0.7080015540122986,1.0,0.2279074841806677,0.31551385555313116,0.9793351910469028,38.0,0.24473798809696617,0.3515749745971839,0.0,0.7154600069114434,3.882155772951848,0.374550803509479,0.25555555555555554,0.25555555555555554
58.75,-0.030027057975530624,0.6869183778762817,1.0,0.2279074841806677,0.31551385555313116,0.9793351910469028,38.0,0.24473798809696617,0.3515749745971839,0.0,0.712778484390128,3.90225248405472,0.3942300764324354,0.25555555555555554,0.25555555555555554
59.0,-0.0272165946662426,0.6985787153244019,1.0,0.2279074841806677,0.31551385555313116,0.9793351910469028,38.0,0.19581942226738278,0.2952533023660909,0.0,0.7094903888232651,3.922289016957705,0.41382037772080366,0.25555555555555554,0.25555555555555554
59.25,-0.06023259088397026,0.700950562953949,1.0,0.2279074841806677,0.31551385555313116,0.9793351910469028,39.0,0.19581942226738278,0.2952533023660909,0.0,0.703101351469552,3.9420680659034772,0.43310506872769916,0.3388888888888889,0.3388888888888889
59.5,-0.05533201992511749,0.7191887497901917,1.0,0.2279074841806677,0.31551385555313116,0.9793351910469028,39.0,0.19581942226738278,0.2952533023660909,0.0,0.7021403013361515,3.9622103710060688,0.4526781178122756,0.34444444444444444,0.34444444444444444
59.75,-0.07185081392526627,0.7108449339866638,1.0,0.2279074841806677,0.31551385555313116,0.9793351910469028,39.0,0.19581942226738278,0.2952533023660909,0.0,0.7046362758470113,3.9827925452073734,0.4725878882998623,0.35555555555555557,0.35555555555555557
60.0,-0.09248797595500946,0.7114198207855225,1.0,0.2279074841806677,0.31551385555313116,0.9793351910469028,39.0,0.19581942226738278,0.2952533023660909,0.0,0.7049306860430946,4.003315609330226,0.4923483348376684,0.3611111111111111,0.3611111111111111
60.25,-0.0824979767203331,0.7279365062713623,1.0,0.2279074841806677,0.31551385555313116,0.9793351910469028,40.0,0.19581942226738278,0.2952533023660909,0.0,0.7067646289251784,4.023904891249474,0.5120491904955705,0.3611111111111111,0.3611111111111111
60.5,-0.07843820750713348,0.6999372839927673,1.0,0.23207725411986985,0.3248661698331059,0.9785213141068997,40.0,0.19581942226738278,0.2952533023660909,0.0,0.7118725967633536,4.044792773346436,0.531890843535391,0.3611111111111111,0.3611111111111111
60.75,-0.07296130806207657,0.7173320651054382,1.0,0.23207725411986985,0.3248661698331059,0.9785213141068997,40.0,0.19581942226738278,0.2952533023660909,0.0,0.7142511126357679,4.065583398890585,0.5515063397940685,0.3611111111111111,0.3611111111111111
61.0,-0.08982781320810318,0.7127489447593689,1.0,0.23207725411986985,0.3248661698331059,0.9785213141068997,40.0,0.19581942226738278,0.2952533023660909,0.0,0.7131594217925883,4.0863406717654405,0.5709657089345198,0.3611111111111111,0.3611111111111111
61.25,-0.1468610316514969,0.6961365938186646,1.0,0.23207725411986985,0.3248661698331059,0.9785213141068997,41.0,0.19581942226738278,0.2952533023660909,0.0,0.7145190812101496,4.107296486459244,0.5904868927804466,0.3611111111111111,0.3611111111111111
61.5,-0.14895272254943848,0.6974751949310303,1.0,0.23207725411986985,0.3248661698331059,0.9785213141068997,41.0,0.19581942226738278,0.2952533023660909,0.0,0.7135395203531008,4.128115300848614,0.6097212723333852,0.3611111111111111,0.3611111111111111
61.75,-0.1554853618144989,0.6855168342590332,1.0,0.23207725411986985,0.3248661698331059,0.9785213141068997,41.0,0.19581942226738278,0.2952533023660909,0.0,0.7087769628390452,4.148723518298534,0.6285446291590562,0.3611111111111111,0.3611111111111111
62.0,-0.170891672372818,0.6952521800994873,1.0,0.23207725411986985,0.3248661698331059,0.9785213141068997,41.0,0.18028741471911744,0.27638263898969373,0.0,0.7059839573372765,4.16932181842984,0.647120653391972,0.36666666666666664,0.36666666666666664
62.25,-0.13871732354164124,0.7033541202545166,1.0,0.23207725411986985,0.3248661698331059,0.9785213141068997,42.0,0.18028741471911744,0.27638263898969373,0.0,0.7006832798680342,4.189813246342225,0.6653573142996806,0.36666666666666664,0.36666666666666664
62.5,-0.18765446543693542,0.6923852562904358,1.0,0.23207725411986985,0.3248661698331059,0.9785213141068997,42.0,0.18028741471911744,0.27638263898969373,0.0,0.6993775175587936,4.210798519770612,0.6837872413259551,0.36666666666666664,0.36666666666666664
62.75,-0.20600473880767822,0.6869191527366638,1.0,0.23207725411986985,0.3248661698331059,0.9785213141068997,42.0,0.18028741471911744,0.27638263898969373,0.0,0.6960721717084156,4.231771240050889,0.7019791195979731,0.36666666666666664,0.36666666666666664
63.0,-0.2078721523284912,0.6848674416542053,1.0,0.23207725411986985,0.3248661698331059,0.9785213141068997,42.0,0.18028741471911744,0.27638263898969373,0.0,0.6927566935041066,4.2526695116519,0.7198304563179874,0.36666666666666664,0.36666666666666664
63.25,-0.20930063724517822,0.6782901883125305,1.0,0.23207725411986985,0.3248661698331059,0.9785213141068997,43.0,0.18028741471911744,0.27638263898969373,0.0,0.6924042714928267,4.27378219430776,0.7375581747249713,0.36666666666666664,0.36666666666666664
63.5,-0.23098798096179962,0.6840360164642334,1.0,0.23207725411986985,0.3248661698331059,0.9785213141068997,43.0,0.18028741471911744,0.27638263898969373,0.0,0.6905850568250576,4.29475241576998,0.7548717763408226,0.36666666666666664,0.36666666666666664
63.75,-0.20378687977790833,0.6593905091285706,1.0,0.23207725411986985,0.3248661698331059,0.9785213141068997,43.0,0.18028741471911744,0.27638263898969373,0.0,0.6873906827760514,4.315861608373752,0.7719944131202203,0.36666666666666664,0.36666666666666664
64.0,-0.2547127306461334,0.6704235672950745,1.0,0.23207725411986985,0.3248661698331059,0.9785213141068997,43.0,0.18028741471911744,0.27638263898969373,0.0,0.6832243592470791,4.33684598728757,0.7887033949122647,0.36666666666666664,0.36666666666666664
64.25,-0.2536434233188629,0.6855549812316895,1.0,0.23207725411986985,0.3248661698331059,0.9785213141068997,44.0,0.18028741471911744,0.27638263898969373,0.0,0.6788888110986168,4.357880897343431,0.8051435242630974,0.36666666666666664,0.36666666666666664
64.5,-0.27806034684181213,0.671133279800415,1.0,0.23207725411986985,0.3248661698331059,0.9785213141068997,44.0,0.18028741471911744,0.27638263898969373,0.0,0.6769476284201059,4.379378891680625,0.8216053584120802,0.36666666666666664,0.36666666666666664
64.75,-0.27266666293144226,0.6622719168663025,1.0,0.23207725411986985,0.3248661698331059,0.9785213141068997,44.0,0.18028741471911744,0.27638263898969373,0.0,0.675127168938847,4.400964742784562,0.8377717468227118,0.36666666666666664,0.36666666666666664
65.0,-0.28837475180625916,0.6498715877532959,1.0,0.23207725411986985,0.3248661698331059,0.9785213141068997,44.0,0.18028741471911744,0.27638263898969373,0.0,0.6728813899554493,4.422493727863427,0.8535236084814154,0.36666666666666664,0.36666666666666664
65.25,-0.2766038775444031,0.6531140208244324,1.0,0.23207725411986985,0.3248661698331059,0.9785213141068997,45.0,0.1682392219480331,0.25852808825664103,0.0,0.6685330940476532,4.443703533859564,0.868676800482397,0.36666666666666664,0.36666666666666664
65.5,-0.2617274522781372,0.6685936450958252,1.0,0.23207725411986985,0.3248661698331059,0.9785213141068997,45.0,0.1682392219480331,0.25852808825664103,0.0,0.666082217402041,4.465129270352584,0.8836178335381648,0.43333333333333335,0.43333333333333335
65.75,-0.2645880877971649,0.6484532356262207,1.0,0.23207725411986985,0.3248661698331059,0.9785213141068997,45.0,0.1682392219480331,0.25852808825664103,0.0,0.6632677451949132,4.486993257599193,0.8985131105166757,0.43333333333333335,0.43333333333333335
66.0,-0.257207989692688,0.6554782390594482,1.0,0.23207725411986985,0.3248661698331059,0.9785213141068997,45.0,0.1682392219480331,0.25852808825664103,0.0,0.6594641046775563,4.508825440799307,0.9130569134967973,0.4388888888888889,0.4388888888888889
66.25,-0.2437819540500641,0.6549637317657471,1.0,0.23207725411986985,0.3248661698331059,0.9785213141068997,46.0,0.1682392219480331,0.25852808825664103,0.0,0.6546102543530701,4.530535612122284,0.9271868122065624,0.45,0.45
66.5,-0.27031004428863525,0.6546071171760559,1.0,0.23207725411986985,0.3248661698331059,0.9785213141068997,46.0,0.1682392219480331,0.25852808825664103,0.0,0.6563405552344689,4.55267598407444,0.9412689951120171,0.45555555555555555,0.45555555555555555
66.75,-0.2798612713813782,0.6393416523933411,1.0,0.23207725411986985,0.3248661698331059,0.9785213141068997,46.0,0.1682392219480331,0.25852808825664103,0.0,0.6561450912993078,4.574948425506612,0.9551240001152699,0.46111111111111114,0.46111111111111114
67.0,-0.24094554781913757,0.6240562796592712,1.0,0.23207725411986985,0.3248661698331059,0.9785213141068997,46.0,0.1682392219480331,0.25852808825664103,0.0,0.6527404715313785,4.596990505645079,0.9685087873723331,0.4722222222222222,0.4722222222222222
67.25,-0.2876286208629608,0.6125431656837463,1.0,0.23207725411986985,0.3248661698331059,0.9785213141068997,47.0,0.1682392219480331,0.25852808825664103,0.0,0.649562551688568,4.618962654923161,0.981520462825734,0.4777777777777778,0.4777777777777778
67.5,-0.32556813955307007,0.6294494867324829,1.0,0.2370166309560249,0.3331292725232119,0.9779035792549307,47.0,0.1682392219480331,0.25852808825664103,0.0,0.6423533603482895,4.640346082783017,0.9938809718813455,0.48333333333333334,0.48333333333333334
67.75,-0.3331753611564636,0.6201287508010864,1.0,0.2370166309560249,0.3331292725232119,0.9779035792549307,47.0,0.1682392219480331,0.25852808825664103,0.0,0.6392697483511534,4.662442809064511,1.006305516825274,0.48333333333333334,0.48333333333333334
68.0,-0.2891775667667389,0.6202278733253479,1.0,0.2370166309560249,0.3331292725232119,0.9779035792549307,47.0,0.1682392219480331,0.25852808825664103,0.0,0.6314719087030743,4.683731084230709,1.017918698683117,0.49444444444444446,0.49444444444444446
68.25,-0.2918194830417633,0.6389166712760925,1.0,0.2370166309560249,0.3331292725232119,0.9779035792549307,47.0,0.1682392219480331,0.25852808825664103,0.0,0.6270454520915685,4.705614963786616,1.0294969083674494,0.5055555555555555,0.5055555555555555
68.5,-0.28205108642578125,0.6294515132904053,1.0,0.2370166309560249,0.3331292725232119,0.9779035792549307,48.0,0.17535201045144433,0.2662215125562491,0.0,0.6247436951590135,4.728030181374801,1.0410175999663545,0.5166666666666667,0.5166666666666667
68.75,-0.26928943395614624,0.6157752275466919,1.0,0.2370166309560249,0.3331292725232119,0.9779035792549307,48.0,0.17535201045144433,0.2662215125562491,0.0,0.6273066243680625,4.750785616059478,1.0523859083099525,0.5166666666666667,0.5166666666666667
69.0,-0.2870367467403412,0.601162314414978,1.0,0.2370166309560249,0.3331292725232119,0.9779035792549307,48.0,0.17535201045144433,0.2662215125562491,0.0,0.6230544021499671,4.7731562365824685,1.063246554519104,0.5166666666666667,0.5166666666666667
69.25,-0.2998965382575989,0.6201326847076416,1.0,0.2370166309560249,0.3331292725232119,0.9779035792549307,48.0,0.17535201045144433,0.2662215125562491,0.0,0.6219029786183567,4.795136920982047,1.0736076506852932,0.5166666666666667,0.5166666666666667
69.5,-0.3344572186470032,0.6083284616470337,1.0,0.2370166309560249,0.3331292725232119,0.9779035792549307,49.0,0.17535201045144433,0.2662215125562491,0.0,0.6209888305266585,4.81729503989756,1.0837287500441322,0.5166666666666667,0.5166666666666667
69.75,-0.3144989609718323,0.6042097210884094,1.0,0.2370166309560249,0.3331292725232119,0.9779035792549307,49.0,0.17535201045144433,0.2662215125562491,0.0,0.6189707149859726,4.839555402125512,1.0935650899953906,0.5166666666666667,0.5166666666666667
70.0,-0.30378785729408264,0.6337112784385681,1.0,0.2370166309560249,0.3331292725232119,0.9779035792549307,49.0,0.17535201045144433,0.2662215125562491,0.0,0.6106742384527695,4.861624008153344,1.1029802537792461,0.5166666666666667,0.5166666666666667
70.25,-0.28571829199790955,0.6353991031646729,1.0,0.2370166309560249,0.3331292725232119,0.9779035792549307,49.0,0.17535201045144433,0.2662215125562491,0.0,0.612132780415768,4.873155119771358,1.107774507985635,0.5166666666666667,0.5166666666666667
70.5,-0.2822362780570984,0.6441073417663574,1.0,0.2370166309560249,0.3331292725232119,0.9779035792549307,50.0,0.17535201045144433,0.2662215125562491,0.0,0.617452430741034,4.896639884461623,1.117293296274493,0.5166666666666667,0.5166666666666667
70.75,-0.2863136827945709,0.6548796892166138,1.0,0.2370166309560249,0.3331292725232119,0.9779035792549307,50.0,0.17535201045144433,0.2662215125562491,0.0,0.6205659731939209,4.9203348407223295,1.1265788938146932,0.5166666666666667,0.5166666666666667
71.0,-0.28499358892440796,0.6477556824684143,1.0,0.2370166309560249,0.3331292725232119,0.9779035792549307,50.0,0.17535201045144433,0.2662215125562491,0.0,0.6270253194352429,4.944675755780033,1.1357989996316218,0.5166666666666667,0.5166666666666667
71.25,-0.2871912717819214,0.652070164680481,1.0,0.2370166309560249,0.3331292725232119,0.9779035792549307,50.0,0.17535201045144433,0.2662215125562491,0.0,0.6341704061401963,4.969061232281349,1.144723522715874,0.5166666666666667,0.5166666666666667
71.5,-0.27278509736061096,0.6800686120986938,1.0,0.2370166309560249,0.3331292725232119,0.9779035792549307,51.0,0.17535201045144433,0.2662215125562491,0.0,0.6411416885131741,4.993617788286393,1.1533917634762951,0.5166666666666667,0.5166666666666667
71.75,-0.27765610814094543,0.6589618921279907,1.0,0.2370166309560249,0.3331292725232119,0.9779035792549307,51.0,0.17535201045144433,0.2662215125562491,0.0,0.6491346000879761,5.0190096306727465,1.162028538006555,0.5166666666666667,0.5166666666666667
72.0,-0.2779724895954132,0.6701249480247498,1.0,0.2370166309560249,0.3331292725232119,0.9779035792549307,51.0,0.1733197851647554,0.2595442008999855,0.0,0.6540428366878739,5.044314856972419,1.1703242621241103,0.5166666666666667,0.5166666666666667
72.25,-0.2709316611289978,0.6759142279624939,1.0,0.2370166309560249,0.3331292725232119,0.9779035792549307,51.0,0.1733197851647554,0.2595442008999855,0.0,0.6571087924781395,5.069712296311519,1.1783311668842735,0.5166666666666667,0.5166666666666667
72.5,-0.6375985145568848,0.6384369730949402,1.0,0.2370166309560249,0.3331292725232119,0.9779035792549307,52.0,0.1733197851647554,0.2595442008999855,0.0,0.6633730284035934,5.0956336789721455,1.1861825991559627,0.5166666666666667,0.5166666666666667
72.75,-0.8933553695678711,0.6098262071609497,1.0,0.2370166309560249,0.3331292725232119,0.9779035792549307,52.0,0.1733197851647554,0.2595442008999855,0.0,0.665770049222985,5.121100649235242,1.193575853482098,0.5166666666666667,0.5166666666666667
73.0,-0.956146240234375,0.6491520404815674,1.0,0.2370166309560249,0.3331292725232119,0.9779035792549307,52.0,0.1733197851647554,0.2595442008999855,0.0,0.6511586258894181,5.1450019304872585,1.2001005111863374,0.5166666666666667,0.5166666666666667
73.25,-0.9799511432647705,0.6611511707305908,1.0,0.2370166309560249,0.3331292725232119,0.9779035792549307,52.0,0.1733197851647554,0.2595442008999855,0.0,0.6479544170420205,5.1695683814577,1.2061998141575905,0.5166666666666667,0.5166666666666667
73.5,-0.9234684109687805,0.6761130094528198,1.0,0.2370166309560249,0.3331292725232119,0.9779035792549307,53.0,0.1733197851647554,0.2595442008999855,0.0,0.6492848717761528,5.1823280644365886,1.209084440128686,0.5166666666666667,0.5166666666666667
73.75,-0.8579060435295105,0.7226913571357727,1.0,0.2370166309560249,0.3331292725232119,0.9779035792549307,53.0,0.1733197851647554,0.2595442008999855,0.0,0.6499574447714926,5.221742614038642,1.2165836429156465,0.5166666666666667,0.5166666666666667
74.0,-0.7813583612442017,0.7244146466255188,1.0,0.2370166309560249,0.3331292725232119,0.9779035792549307,53.0,0.1733197851647554,0.2595442008999855,0.0,0.653100337681342,5.235623158624464,1.218701298338296,0.5166666666666667,0.5166666666666667
74.25,-0.7632800936698914,0.7216137051582336,1.0,0.2370166309560249,0.3331292725232119,0.9779035792549307,53.0,0.1733197851647554,0.2595442008999855,0.0,0.6729035980996688,5.264348192559284,1.2223416358433312,0.5166666666666667,0.5166666666666667
74.5,-0.6678282022476196,0.7414849400520325,1.0,0.23040924026685253,0.32968236582694416,0.9773579886192498,54.0,0.1733197851647554,0.2595442008999855,0.0,0.6882672844656478,5.293194842596035,1.2250825706818298,0.5166666666666667,0.5166666666666667
74.75,-0.6260830760002136,0.7342816591262817,1.0,0.23040924026685253,0.32968236582694416,0.9773579886192498,54.0,0.1733197851647554,0.2595442008999855,0.0,0.7022652755806206,5.3224564150045826,1.2269889545516712,0.5166666666666667,0.5166666666666667
75.0,-0.6161407828330994,0.7396880984306335,1.0,0.23040924026685253,0.32968236582694416,0.9773579886192498,54.0,0.1733197851647554,0.2595442008999855,0.0,0.715424491225832,5.351868981991269,1.2281208962687038,0.5166666666666667,0.5166666666666667
75.25,-0.5405032634735107,0.7245843410491943,1.0,0.23040924026685253,0.32968236582694416,0.9773579886192498,54.0,0.16214254608796633,0.24154449121788357,0.0,0.724956689959065,5.381452722230712,1.228519734564871,0.5166666666666667,0.5166666666666667
75.5,-0.5414356589317322,0.7258468270301819,1.0,0.23040924026685253,0.32968236582694416,0.9773579886192498,55.0,0.16214254608796633,0.24154449121788357,0.0,0.7275010765625473,5.396179098551312,1.2284593804437842,0.5166666666666667,0.5166666666666667
75.75,-0.45374155044555664,0.7307150959968567,1.0,0.23040924026685253,0.32968236582694416,0.9773579886192498,55.0,0.16214254608796633,0.24154449121788357,0.0,0.7293261429824875,5.425395891895715,1.2278543609879078,0.5166666666666667,0.5166666666666667
76.0,-0.46929654479026794,0.715742826461792,1.0,0.23040924026685253,0.32968236582694416,0.9773579886192498,55.0,0.16214254608796633,0.24154449121788357,0.0,0.7312707427524662,5.454565914007667,1.2266534951148247,0.5166666666666667,0.5166666666666667
76.25,-0.44344818592071533,0.732302725315094,1.0,0.23040924026685253,0.32968236582694416,0.9773579886192498,55.0,0.16214254608796633,0.24154449121788357,0.0,0.7300906336975601,5.4689714105962794,1.2258578245105252,0.5166666666666667,0.5166666666666667
76.5,-0.41658586263656616,0.7358332276344299,1.0,0.23040924026685253,0.32968236582694416,0.9773579886192498,56.0,0.16214254608796633,0.24154449121788357,0.0,0.7283437610090608,5.497841599187924,1.2238692823842057,0.5166666666666667,0.5166666666666667
76.75,-0.16806240379810333,0.7262791395187378,1.0,0.23040924026685253,0.32968236582694416,0.9773579886192498,56.0,0.16214254608796633,0.24154449121788357,0.0,0.7290016170085587,5.527055812011954,1.2213652097208474,0.5166666666666667,0.5166666666666667
77.0,-0.12226661294698715,0.7158756256103516,1.0,0.23040924026685253,0.32968236582694416,0.9773579886192498,56.0,0.16214254608796633,0.24154449121788357,0.0,0.728278525811045,5.5415346617174475,1.219978842427498,0.5166666666666667,0.5166666666666667
77.25,-0.0694378912448883,0.7472810745239258,1.0,0.23040924026685253,0.32968236582694416,0.9773579886192498,56.0,0.16214254608796633,0.24154449121788357,0.0,0.7267703022571543,5.5702439257607335,1.2170552712465892,0.5166666666666667,0.5166666666666667
77.5,-0.106143519282341,0.7441312670707703,1.0,0.23040924026685253,0.32968236582694416,0.9773579886192498,57.0,0.16214254608796633,0.24154449121788357,0.0,0.7261722705149982,5.599205637211777,1.2139801212519268,0.5166666666666667,0.5166666666666667
77.75,-0.2518880367279053,0.7326933145523071,1.0,0.23040924026685253,0.32968236582694416,0.9773579886192498,57.0,0.16214254608796633,0.24154449121788357,0.0,0.7319881557136405,5.628733751864034,1.210765822544869,0.5166666666666667,0.5166666666666667
78.0,-0.31584253907203674,0.7332724928855896,1.0,0.23040924026685253,0.32968236582694416,0.9773579886192498,57.0,0.16214254608796633,0.24154449121788357,0.0,0.7303256436738165,5.657849356873536,1.2074433898469075,0.5166666666666667,0.5166666666666667
78.25,-0.32502084970474243,0.7240894436836243,1.0,0.23040924026685253,0.32968236582694416,0.9773579886192498,57.0,0.16214254608796633,0.24154449121788357,0.0,0.7304523948845344,5.672397794272105,1.2056734332863326,0.5166666666666667,0.5166666666666667
78.5,-0.3127523362636566,0.7493932247161865,1.0,0.23040924026685253,0.32968236582694416,0.9773579886192498,57.0,0.16214254608796633,0.24154449121788357,0.0,0.7329620261171015,5.701607720473105,1.2018339858326421,0.5166666666666667,0.5166666666666667
78.75,-0.1006641760468483,0.7525060772895813,1.0,0.23040924026685253,0.32968236582694416,0.9773579886192498,58.0,0.16214254608796633,0.24154449121788357,0.0,0.7354982735863402,5.730773089820337,1.1976028402884114,0.5166666666666667,0.5166666666666667
79.0,-0.058236729353666306,0.7411146759986877,1.0,0.23040924026685253,0.32968236582694416,0.9773579886192498,58.0,0.14327188271156918,0.21309333720423865,0.0,0.7387914290721225,5.760455571368326,1.1929465877420928,0.5166666666666667,0.5166666666666667
79.25,-0.04527337849140167,0.7332748174667358,1.0,0.23040924026685253,0.32968236582694416,0.9773579886192498,58.0,0.14327188271156918,0.21309333720423865,0.0,0.7399172782975132,5.789925531848055,1.1881458997754355,0.5166666666666667,0.5166666666666667
79.5,-0.030549298971891403,0.7328373193740845,1.0,0.23040924026685253,0.32968236582694416,0.9773579886192498,58.0,0.14327188271156918,0.21309333720423865,0.0,0.7404734773425226,5.804545058035267,1.185739836651633,0.5166666666666667,0.5166666666666667
79.75,-0.01195220835506916,0.7460134625434875,1.0,0.23040924026685253,0.32968236582694416,0.9773579886192498,59.0,0.14327188271156918,0.21309333720423865,0.0,0.7413162973579255,5.833725173944935,1.180911631590596,0.5166666666666667,0.5166666666666667
80.0,-0.002373970113694668,0.7460128664970398,1.0,0.23040924026685253,0.32968236582694416,0.9773579886192498,59.0,0.14327188271156918,0.21309333720423865,0.0,0.7413239848209875,5.848296411965321,1.1784893221338455,0.5166666666666667,0.5166666666666667
80.25,-0.0007870388217270374,0.7378330230712891,1.0,0.23040924026685253,0.32968236582694416,0.9773579886192498,59.0,0.14327188271156918,0.21309333720423865,0.0,0.7441356311799567,5.877784604602396,1.1735749627832848,0.5166666666666667,0.5166666666666667
80.5,-0.026308057829737663,0.7309909462928772,1.0,0.23040924026685253,0.32968236582694416,0.9773579886192498,59.0,0.14327188271156918,0.21309333720423865,0.0,0.7417780348748408,5.90700849747418,1.1687009408433413,0.5166666666666667,0.5166666666666667
80.75,-0.01337209902703762,0.7336909770965576,1.0,0.23040924026685253,0.32968236582694416,0.9773579886192498,60.0,0.14327188271156918,0.21309333720423865,0.0,0.739630553916785,5.935943500459944,1.1638637757701724,0.5166666666666667,0.5166666666666667
81.0,-0.019834134727716446,0.7361306548118591,1.0,0.23040924026685253,0.32968236582694416,0.9773579886192498,60.0,0.14327188271156918,0.21309333720423865,0.0,0.7394186933263504,5.950414933514492,1.1614366486308059,0.5166666666666667,0.5166666666666667
81.25,-0.012638717889785767,0.7166220545768738,1.0,0.23040924026685253,0.32968236582694416,0.9773579886192498,60.0,0.14327188271156918,0.21309333720423865,0.0,0.739618416242675,5.979534735941047,1.1565452743015179,0.5166666666666667,0.5166666666666667
81.5,-0.05821258947253227,0.7328042387962341,1.0,0.23040924026685253,0.32968236582694416,0.9773579886192498,60.0,0.14327188271156918,0.21309333720423865,0.0,0.7365455664424769,6.008200364178712,1.1517119399104792,0.5166666666666667,0.5166666666666667
81.75,-0.03957034647464752,0.7230014801025391,1.0,0.23040924026685253,0.32968236582694416,0.9773579886192498,61.0,0.14327188271156918,0.21309333720423865,0.0,0.7344476591811891,6.022502548775356,1.1492877076560326,0.5166666666666667,0.5166666666666667
82.0,-0.029404204338788986,0.7367163300514221,1.0,0.23040924026685253,0.32968236582694416,0.9773579886192498,61.0,0.14327188271156918,0.21309333720423865,0.0,0.7312630541390343,6.051033831725613,1.1444030960839848,0.5166666666666667,0.5166666666666667
82.25,-0.04896208643913269,0.7471088171005249,1.0,0.23040924026685253,0.32968236582694416,0.9773579886192498,61.0,0.14327188271156918,0.21309333720423865,0.0,0.7315809608054479,6.0801401539635185,1.1393671005890182,0.5166666666666667,0.5166666666666667
82.5,-0.03981578350067139,0.7509434819221497,1.0,0.22433099259821598,0.32482444486619855,0.9762420077735393,61.0,0.14327188271156918,0.21309333720423865,0.0,0.7325319832599523,6.094571439516983,1.1368545706831126,0.5166666666666667,0.5166666666666667
82.75,-0.03573167324066162,0.7552592158317566,1.0,0.22433099259821598,0.32482444486619855,0.9762420077735393,62.0,0.1339817099724198,0.1995935549426622,0.0,0.7337811106495602,6.123895790340899,1.1317109636373768,0.5166666666666667,0.5166666666666667
83.0,-0.06112920120358467,0.7464272379875183,1.0,0.22433099259821598,0.32482444486619855,0.9762420077735393,62.0,0.1339817099724198,0.1995935549426622,0.0,0.7383536333854718,6.153712605373675,1.126437379322402,0.5166666666666667,0.5166666666666667
83.25,-0.06112789735198021,0.7572953701019287,1.0,0.22433099259821598,0.32482444486619855,0.9762420077735393,62.0,0.1339817099724198,0.1995935549426622,0.0,0.7406827340549402,6.16862302421154,1.1237840341887915,0.5166666666666667,0.5166666666666667
83.5,-0.09958867728710175,0.7319141626358032,1.0,0.22433099259821598,0.32482444486619855,0.9762420077735393,62.0,0.1339817099724198,0.1995935549426622,0.0,0.7451578686893554,6.198235070374424,1.118467233001516,0.5166666666666667,0.5166666666666667
83.75,-0.11377345025539398,0.7383480072021484,1.0,0.22433099259821598,0.32482444486619855,0.9762420077735393,63.0,0.1339817099724198,0.1995935549426622,0.0,0.7453010072352358,6.227392004686041,1.1131464869642134,0.5166666666666667,0.5166666666666667
84.0,-0.19189926981925964,0.7372046709060669,1.0,0.22433099259821598,0.32482444486619855,0.9762420077735393,63.0,0.1339817099724198,0.1995935549426622,0.0,0.7451767521015615,6.241887494472822,1.1104610869469083,0.5166666666666667,0.5166666666666667
84.25,-0.21359796822071075,0.7453329563140869,1.0,0.22433099259821598,0.32482444486619855,0.9762420077735393,63.0,0.1339817099724198,0.1995935549426622,0.0,0.7459039094687769,6.270887232421128,1.1049789340393263,0.5166666666666667,0.5166666666666667
84.5,-0.1815989911556244,0.7481875419616699,1.0,0.22433099259821598,0.32482444486619855,0.9762420077735393,63.0,0.1339817099724198,0.1995935549426622,0.0,0.7434257428390838,6.299907838743739,1.0992710669110195,0.5166666666666667,0.5166666666666667
84.75,-0.1368323117494583,0.7524621486663818,1.0,0.22433099259821598,0.32482444486619855,0.9762420077735393,64.0,0.1339817099724198,0.1995935549426622,0.0,0.742170794230797,6.329106961733371,1.0932753550642365,0.5166666666666667,0.5166666666666667
85.0,-0.03150150552392006,0.749630868434906,1.0,0.22433099259821598,0.32482444486619855,0.9762420077735393,64.0,0.1339817099724198,0.1995935549426622,0.0,0.7423855330612982,6.358442398379291,1.0870313325206096,0.5166666666666667,0.5166666666666667
85.25,0.0065125757828354836,0.747717022895813,1.0,0.22433099259821598,0.32482444486619855,0.9762420077735393,64.0,0.1339817099724198,0.1995935549426622,0.0,0.7439739015614003,6.373204634796998,1.0838386843985544,0.5166666666666667,0.5166666666666667
85.5,-0.009774157777428627,0.7376695871353149,1.0,0.22433099259821598,0.32482444486619855,0.9762420077735393,64.0,0.1339817099724198,0.1995935549426622,0.0,0.7457732044362582,6.402569380766114,1.0774781554074973,0.5166666666666667,0.5166666666666667
85.75,-0.04192769527435303,0.7440912127494812,1.0,0.22433099259821598,0.32482444486619855,0.9762420077735393,65.0,0.1339817099724198,0.1995935549426622,0.0,0.7450143512507209,6.4314322683050005,1.0712426247930589,0.5166666666666667,0.5166666666666667
86.0,-0.09225936979055405,0.7436485290527344,1.0,0.22433099259821598,0.32482444486619855,0.9762420077735393,65.0,0.1339817099724198,0.1995935549426622,0.0,0.7466402992473269,6.460527504861287,1.0649380584802817,0.5166666666666667,0.5166666666666667
86.25,-0.09214132279157639,0.7337342500686646,1.0,0.22433099259821598,0.32482444486619855,0.9762420077735393,65.0,0.12672376251995934,0.18914211061111919,0.0,0.7462924455343719,6.475048541762068,1.0617603349498763,0.5166666666666667,0.5166666666666667
86.5,-0.1306230127811432,0.740690290927887,1.0,0.22433099259821598,0.32482444486619855,0.9762420077735393,65.0,0.12672376251995934,0.18914211061111919,0.0,0.7443695916831404,6.503942026183803,1.0553497726633956,0.5166666666666667,0.5166666666666667
86.75,-0.11945070326328278,0.7389287352561951,1.0,0.22433099259821598,0.32482444486619855,0.9762420077735393,66.0,0.12672376251995934,0.18914211061111919,0.0,0.7400105757643688,6.532528980985869,1.0488789824230778,0.5166666666666667,0.5166666666666667
87.0,-0.15539215505123138,0.7288212776184082,1.0,0.22433099259821598,0.32482444486619855,0.9762420077735393,66.0,0.12672376251995934,0.18914211061111919,0.0,0.7400052882667256,6.546980682566285,1.045550543174928,0.5166666666666667,0.5166666666666667
87.25,-0.1884685903787613,0.7407422661781311,1.0,0.22433099259821598,0.32482444486619855,0.9762420077735393,66.0,0.12672376251995934,0.18914211061111919,0.0,0.7388487845919538,6.575547855375454,1.0388463753476203,0.5166666666666667,0.5166666666666667
87.5,-0.19645756483078003,0.7426599264144897,1.0,0.22433099259821598,0.32482444486619855,0.9762420077735393,66.0,0.12672376251995934,0.18914211061111919,0.0,0.7375126160174977,6.604159651278303,1.0319269998781508,0.5166666666666667,0.5166666666666667
87.75,-0.16341440379619598,0.7295883893966675,1.0,0.22433099259821598,0.32482444486619855,0.9762420077735393,67.0,0.12672376251995934,0.18914211061111919,0.0,0.7371152227184775,6.632943972033094,1.0247332914052691,0.5166666666666667,0.5166666666666667
88.0,-0.15418501198291779,0.7220907807350159,1.0,0.22433099259821598,0.32482444486619855,0.9762420077735393,67.0,0.12672376251995934,0.18914211061111919,0.0,0.7369856040215468,6.647253103583289,1.0210749400616046,0.5166666666666667,0.5166666666666667
88.25,-0.12113873660564423,0.7333883047103882,1.0,0.22433099259821598,0.32482444486619855,0.9762420077735393,67.0,0.12672376251995934,0.18914211061111919,0.0,0.7358775043138764,6.67559766666995,1.0136761629742501,0.5166666666666667,0.5166666666666667
88.5,-0.13823777437210083,0.7505727410316467,1.0,0.22433099259821598,0.32482444486619855,0.9762420077735393,67.0,0.12672376251995934,0.18914211061111919,0.0,0.734867912556014,6.70374137430001,1.0061551664348047,0.5166666666666667,0.5166666666666667
88.75,-0.07528046518564224,0.7499733567237854,1.0,0.22433099259821598,0.32482444486619855,0.9762420077735393,67.0,0.12672376251995934,0.18914211061111919,0.0,0.7374706063144447,6.732476291299969,0.9983212107436857,0.5166666666666667,0.5166666666666667
89.0,-0.12980788946151733,0.7360585927963257,1.0,0.22433099259821598,0.32482444486619855,0.9762420077735393,68.0,0.12672376251995934,0.18914211061111919,0.0,0.7384303365413932,6.746873127773571,0.9943448642759701,0.5166666666666667,0.5166666666666667
89.25,-0.0918838307261467,0.7262968420982361,1.0,0.22433099259821598,0.32482444486619855,0.9762420077735393,68.0,0.12672376251995934,0.18914211061111919,0.0,0.7392593899906564,6.775703338089092,0.9862996498983935,0.5166666666666667,0.5166666666666667
89.5,-0.0679062232375145,0.7203758358955383,1.0,0.22433099259821598,0.32482444486619855,0.9762420077735393,68.0,0.12672376251995934,0.18914211061111919,0.0,0.7349295489392458,6.803810362642829,0.9783357275765779,0.5166666666666667,0.5166666666666667
89.75,-0.09471334517002106,0.7468327879905701,1.0,0.22433099259821598,0.32482444486619855,0.9762420077735393,68.0,0.12672376251995934,0.18914211061111919,0.0,0.7354575735059788,6.8315968072218025,0.9703515021485767,0.5166666666666667,0.5166666666666667
90.0,-0.08524168282747269,0.7339078783988953,1.0,0.22433099259821598,0.32482444486619855,0.9762420077735393,69.0,0.11540136449412106,0.1728843083176078,0.0,0.7367852647110514,6.845786213492476,0.9662331805309826,0.5166666666666667,0.5166666666666667
90.25,-0.025562675669789314,0.7340387105941772,1.0,0.22433099259821598,0.32482444486619855,0.9762420077735393,69.0,0.11540136449412106,0.1728843083176078,0.0,0.7382908841549848,6.874158135974984,0.9579112156141276,0.5166666666666667,0.5166666666666667
90.5,-0.03758230060338974,0.7533578872680664,1.0,0.21128418764716536,0.31026987864517297,0.9751057363669976,69.0,0.11540136449412106,0.1728843083176078,0.0,0.7348977045325613,6.9023489527821535,0.9495596701459201,0.5166666666666667,0.5166666666666667
90.75,-0.030667081475257874,0.7442311644554138,1.0,0.21128418764716536,0.31026987864517297,0.9751057363669976,69.0,0.11540136449412106,0.1728843083176078,0.0,0.7341601043789556,6.9166047101803585,0.9453242173712832,0.5166666666666667,0.5166666666666667
91.0,-0.07581059634685516,0.7325471043586731,1.0,0.21128418764716536,0.31026987864517297,0.9751057363669976,70.0,0.11540136449412106,0.1728843083176078,0.0,0.7379396442688655,6.945352509997262,0.9367595418368194,0.5166666666666667,0.5166666666666667
91.25,-0.06998459994792938,0.744474470615387,1.0,0.21128418764716536,0.31026987864517297,0.9751057363669976,70.0,0.11540136449412106,0.1728843083176078,0.0,0.7385303442772219,6.973566989341593,0.928299734652445,0.5166666666666667,0.5166666666666667
91.5,-0.07412431389093399,0.7338083982467651,1.0,0.21128418764716536,0.31026987864517297,0.9751057363669976,70.0,0.11540136449412106,0.1728843083176078,0.0,0.7389859016383398,6.9877426409429715,0.9240192221026818,0.5166666666666667,0.5166666666666667
91.75,-0.04354545846581459,0.7402099370956421,1.0,0.21128418764716536,0.31026987864517297,0.9751057363669976,70.0,0.11540136449412106,0.1728843083176078,0.0,0.7399891192012129,7.0159851114751195,0.9154234860381784,0.5166666666666667,0.5166666666666667
92.0,-0.03161034733057022,0.7238149642944336,1.0,0.21128418764716536,0.31026987864517297,0.9751057363669976,71.0,0.11540136449412106,0.1728843083176078,0.0,0.740918351138157,7.04423940386059,0.9067328312900238,0.5166666666666667,0.5166666666666667
92.25,-0.04150691628456116,0.73154217004776,1.0,0.21128418764716536,0.31026987864517297,0.9751057363669976,71.0,0.11540136449412106,0.1728843083176078,0.0,0.7396125798000946,7.058188102759795,0.9024182967158112,0.5166666666666667,0.5166666666666667
92.5,-0.03613923117518425,0.7336562871932983,1.0,0.21128418764716536,0.31026987864517297,0.9751057363669976,71.0,0.11540136449412106,0.1728843083176078,0.0,0.7347371130778115,7.085969679684655,0.8937924363476576,0.5166666666666667,0.5166666666666667
92.75,-0.013003886677324772,0.7311647534370422,1.0,0.21128418764716536,0.31026987864517297,0.9751057363669976,71.0,0.11540136449412106,0.1728843083176078,0.0,0.7346963946898509,7.114009649649912,0.8850420603668966,0.5166666666666667,0.5166666666666667
93.0,-0.026950711384415627,0.7307575941085815,1.0,0.21128418764716536,0.31026987864517297,0.9751057363669976,72.0,0.11540136449412106,0.1728843083176078,0.0,0.7324047559651847,7.1418843481872845,0.8763056253338242,0.5166666666666667,0.5166666666666667
93.25,-0.05618284270167351,0.7250468134880066,1.0,0.21128418764716536,0.31026987864517297,0.9751057363669976,72.0,0.11540136449412106,0.1728843083176078,0.0,0.732201254115019,7.155827403857159,0.8719286087472206,0.5166666666666667,0.5166666666666667
93.5,-0.05514928698539734,0.7599434852600098,1.0,0.21128418764716536,0.31026987864517297,0.9751057363669976,72.0,0.11540136449412106,0.1728843083176078,0.0,0.7296544592563217,7.183499835599445,0.8632162219653942,0.5166666666666667,0.5166666666666667
93.75,-0.009719951078295708,0.7346042990684509,1.0,0.21128418764716536,0.31026987864517297,0.9751057363669976,72.0,0.11540136449412106,0.1728843083176078,0.0,0.7342605456718232,7.211885019699734,0.8542188879035421,0.5166666666666667,0.5166666666666667
94.0,-0.02055661380290985,0.7436708211898804,1.0,0.21128418764716536,0.31026987864517297,0.9751057363669976,73.0,0.09551458847437945,0.1435622006096676,0.0,0.7364512082265099,7.226033811569825,0.8497127631773352,0.5166666666666667,0.5166666666666667
94.25,-0.012625022791326046,0.7319479584693909,1.0,0.21128418764716536,0.31026987864517297,0.9751057363669976,73.0,0.09551458847437945,0.1435622006096676,0.0,0.735998269482878,7.240131346597764,0.8452137359644201,0.5166666666666667,0.5166666666666667
94.5,-0.017223535105586052,0.7307239174842834,1.0,0.21128418764716536,0.31026987864517297,0.9751057363669976,73.0,0.09551458847437945,0.1435622006096676,0.0,0.7343488104393926,7.268028570724817,0.8363005076663985,0.5166666666666667,0.5166666666666667
94.75,0.001140480861067772,0.7250828742980957,1.0,0.21128418764716536,0.31026987864517297,0.9751057363669976,73.0,0.09551458847437945,0.1435622006096676,0.0,0.7355484974705144,7.295954707817451,0.8273645058031157,0.5166666666666667,0.5166666666666667
95.0,-0.0020134036894887686,0.7177556753158569,1.0,0.21128418764716536,0.31026987864517297,0.9751057363669976,74.0,0.09551458847437945,0.1435622006096676,0.0,0.7351623649089084,7.309812856667543,0.8229239101253494,0.5166666666666667,0.5166666666666667
95.25,-0.0193936824798584,0.7470604777336121,1.0,0.21128418764716536,0.31026987864517297,0.9751057363669976,74.0,0.09551458847437945,0.1435622006096676,0.0,0.7328999671715036,7.337177353130679,0.8141538788708077,0.5166666666666667,0.5166666666666667
95.5,-0.047540854662656784,0.7362939119338989,1.0,0.21128418764716536,0.31026987864517297,0.9751057363669976,74.0,0.09551458847437945,0.1435622006096676,0.0,0.730298142546584,7.364961532280971,0.8052500930276315,0.5166666666666667,0.5166666666666667
95.75,-0.042184438556432724,0.7261925935745239,1.0,0.21128418764716536,0.31026987864517297,0.9751057363669976,74.0,0.09551458847437945,0.1435622006096676,0.0,0.7318444015353379,7.379039920735335,0.8007307699576703,0.5166666666666667,0.5166666666666667
96.0,-0.0071616219356656075,0.7336046695709229,1.0,0.21128418764716536,0.31026987864517297,0.9751057363669976,75.0,0.09551458847437945,0.1435622006096676,0.0,0.7306825103890012,7.40701436393798,0.7917111377217458,0.5166666666666667,0.5166666666666667
96.25,-0.026484748348593712,0.7313365340232849,1.0,0.21128418764716536,0.31026987864517297,0.9751057363669976,75.0,0.09551458847437945,0.1435622006096676,0.0,0.728880386956245,7.434765017814148,0.782723587453771,0.5166666666666667,0.5166666666666667
96.5,0.002205844037234783,0.7213067412376404,1.0,0.21128418764716536,0.31026987864517297,0.9751057363669976,75.0,0.09551458847437945,0.1435622006096676,0.0,0.7307996373343152,7.462671771082417,0.7736698377919013,0.5166666666666667,0.5166666666666667
96.75,0.003568737767636776,0.6981574296951294,1.0,0.21128418764716536,0.31026987864517297,0.9751057363669976,75.0,0.09551458847437945,0.1435622006096676,0.0,0.7307746006574551,7.4902028513324,0.7647257152672587,0.5166666666666667,0.5166666666666667
97.0,0.014599273912608624,0.7202781438827515,1.0,0.21128418764716536,0.31026987864517297,0.9751057363669976,76.0,0.09551458847437945,0.1435622006096676,0.0,0.7291856287969595,7.503787658718807,0.7603148597251055,0.5166666666666667,0.5166666666666667
97.25,-0.03722104802727699,0.7324089407920837,1.0,0.21128418764716536,0.31026987864517297,0.9751057363669976,76.0,0.09551458847437945,0.1435622006096676,0.0,0.7245665476214804,7.5308772220314015,0.7515309002081294,0.5166666666666667,0.5166666666666667
97.5,-0.051164500415325165,0.7273648977279663,1.0,0.21128418764716536,0.31026987864517297,0.9751057363669976,76.0,0.09551458847437945,0.1435622006096676,0.0,0.7247186104653192,7.544617864050875,0.7470779275413721,0.5166666666666667,0.5166666666666667
97.75,-0.0102328946813941,0.7277337312698364,1.0,0.21128418764716536,0.31026987864517297,0.9751057363669976,76.0,0.09551458847437945,0.1435622006096676,0.0,0.725232559977836,7.558465093755158,0.7425831276085839,0.5166666666666667,0.5166666666666667
98.0,-0.001588741084560752,0.7382493019104004,1.0,0.21128418764716536,0.31026987864517297,0.9751057363669976,77.0,0.07940194512991726,0.11815938452605604,0.0,0.7237504531057124,7.586172232741945,0.7335533912211135,0.5166666666666667,0.5166666666666667
98.25,0.1301318109035492,0.7191265225410461,1.0,0.21128418764716536,0.31026987864517297,0.9751057363669976,77.0,0.07940194512991726,0.11815938452605604,0.0,0.7240615779099802,7.6140444781069645,0.7244477963203007,0.5166666666666667,0.5166666666666667
98.5,0.1426117867231369,0.697645902633667,1.0,0.19522398466097263,0.2855150775666725,0.9741317894471048,77.0,0.07940194512991726,0.11815938452605604,0.0,0.7251632320283034,7.641710592643714,0.715457613548411,0.5166666666666667,0.5166666666666667
98.75,0.1409500390291214,0.7171953916549683,1.0,0.19522398466097263,0.2855150775666725,0.9741317894471048,77.0,0.07940194512991726,0.11815938452605604,0.0,0.7243138410476128,7.655203331795595,0.7111296191805222,0.5166666666666667,0.5166666666666667
99.0,0.14666426181793213,0.7147566080093384,1.0,0.19522398466097263,0.2855150775666725,0.9741317894471048,77.0,0.07940194512991726,0.11815938452605604,0.0,0.7224017896298943,7.682310594463255,0.7025844114247874,0.5166666666666667,0.5166666666666667
99.25,0.031091757118701935,0.7196805477142334,1.0,0.19522398466097263,0.2855150775666725,0.9741317894471048,78.0,0.07940194512991726,0.11815938452605604,0.0,0.7223559557158377,7.695968546288641,0.6983506869870607,0.5166666666666667,0.5166666666666667
99.5,-0.047405678778886795,0.7157500982284546,1.0,0.19522398466097263,0.2855150775666725,0.9741317894471048,78.0,0.07940194512991726,0.11815938452605604,0.0,0.72003518181921,7.7233217900057145,0.6899882025222005,0.5166666666666667,0.5166666666666667
99.75,-0.08996781706809998,0.7399866580963135,1.0,0.19522398466097263,0.2855150775666725,0.9741317894471048,78.0,0.07940194512991726,0.11815938452605604,0.0,0.7167325055822941,7.750647273338028,0.6816767961130534,0.5166666666666667,0.5166666666666667
100.0,-0.04550544545054436,0.7280330657958984,1.0,0.19522398466097263,0.2855150775666725,0.9741317894471048,78.0,0.07940194512991726,0.11815938452605604,0.0,0.7192376898117535,7.778729962193971,0.6730622624563829,0.5166666666666667,0.5166666666666667
100.25,-0.017348328605294228,0.720903754234314,1.0,0.19522398466097263,0.2855150775666725,0.9741317894471048,79.0,0.07940194512991726,0.11815938452605604,0.0,0.7209111624709327,7.792699484047432,0.668737189407956,0.5166666666666667,0.5166666666666667
100.5,-0.016197921708226204,0.7271065711975098,1.0,0.19522398466097263,0.2855150775666725,0.9741317894471048,79.0,0.07940194512991726,0.11815938452605604,0.0,0.7217200376461625,7.806634492231741,0.6644029879783638,0.5166666666666667,0.5166666666666667
100.75,-0.01273634284734726,0.7390536069869995,1.0,0.19522398466097263,0.2855150775666725,0.9741317894471048,79.0,0.07940194512991726,0.11815938452605604,0.0,0.7231654178653241,7.834290553154657,0.6557735618156952,0.5166666666666667,0.5166666666666667
101.0,0.005141040310263634,0.7228736877441406,1.0,0.19522398466097263,0.2855150775666725,0.9741317894471048,79.0,0.07940194512991726,0.11815938452605604,0.0,0.7243067115155435,7.848243904281384,0.6514133011328599,0.5166666666666667,0.5166666666666667
101.25,-0.03301434591412544,0.7355199456214905,1.0,0.19522398466097263,0.2855150775666725,0.9741317894471048,80.0,0.07940194512991726,0.11815938452605604,0.0,0.7275535064091377,7.876067279671277,0.6427163404634296,0.5166666666666667,0.5166666666666667
101.5,-0.014561180025339127,0.7412307858467102,1.0,0.19522398466097263,0.2855150775666725,0.9741317894471048,80.0,0.07940194512991726,0.11815938452605604,0.0,0.7281747113923053,7.903827093979448,0.6340453472514928,0.5166666666666667,0.5166666666666667
101.75,-0.02177530899643898,0.747929573059082,1.0,0.19522398466097263,0.2855150775666725,0.9741317894471048,80.0,0.07940194512991726,0.11815938452605604,0.0,0.7306911215522952,7.932092654119114,0.6251913001744108,0.5166666666666667,0.5166666666666667
102.0,-0.04909609258174896,0.7363770008087158,1.0,0.19522398466097263,0.2855150775666725,0.9741317894471048,80.0,0.05733778487443751,0.08419219044854115,0.0,0.7318978937365966,7.946237319691383,0.6207487697744977,0.5166666666666667,0.5166666666666667
102.25,-0.01135552953928709,0.7347776293754578,1.0,0.19522398466097263,0.2855150775666725,0.9741317894471048,81.0,0.05733778487443751,0.08419219044854115,0.0,0.7351414330849237,7.974617673403071,0.6118008834804498,0.5166666666666667,0.5166666666666667
102.5,-0.0053560202941298485,0.7223324775695801,1.0,0.19522398466097263,0.2855150775666725,0.9741317894471048,81.0,0.05733778487443751,0.08419219044854115,0.0,0.7367491497473977,8.002849815483867,0.602849064466431,0.5166666666666667,0.5166666666666667
102.75,-0.012282418087124825,0.7440844178199768,1.0,0.19522398466097263,0.2855150775666725,0.9741317894471048,81.0,0.05733778487443751,0.08419219044854115,0.0,0.7363808450821571,8.01659064210947,0.5984818806255473,0.5166666666666667,0.5166666666666667
103.0,0.0011310651898384094,0.7327045798301697,1.0,0.19522398466097263,0.2855150775666725,0.9741317894471048,81.0,0.05733778487443751,0.08419219044854115,0.0,0.7377317340521342,8.044521149437163,0.5895999927941417,0.5166666666666667,0.5166666666666667
103.25,-0.0007876968011260033,0.7242931127548218,1.0,0.19522398466097263,0.2855150775666725,0.9741317894471048,82.0,0.05733778487443751,0.08419219044854115,0.0,0.7373880683355352,8.072576141079956,0.5806779586916858,0.5166666666666667,0.5166666666666667
103.5,-0.024580616503953934,0.7138643860816956,1.0,0.19522398466097263,0.2855150775666725,0.9741317894471048,82.0,0.05733778487443751,0.08419219044854115,0.0,0.7348143766422308,8.100433801432118,0.5718193845255047,0.5166666666666667,0.5166666666666667
103.75,-0.024639537557959557,0.7071769833564758,1.0,0.19522398466097263,0.2855150775666725,0.9741317894471048,82.0,0.05733778487443751,0.08419219044854115,0.0,0.7336388104236199,8.11454971284193,0.567325249243663,0.5166666666666667,0.5166666666666667
104.0,-0.022227196022868156,0.7193899154663086,1.0,0.19522398466097263,0.2855150775666725,0.9741317894471048,82.0,0.05733778487443751,0.08419219044854115,0.0,0.7271419626598975,8.141305891731635,0.5587848512399936,0.5166666666666667,0.5166666666666667
104.25,0.051758818328380585,0.7116522789001465,1.0,0.19522398466097263,0.2855150775666725,0.9741317894471048,83.0,0.05733778487443751,0.08419219044854115,0.0,0.7259467489316757,8.16850146261523,0.5500743060882173,0.5166666666666667,0.5166666666666667
104.5,0.15194587409496307,0.7230604290962219,1.0,0.19522398466097263,0.2855150775666725,0.9741317894471048,83.0,0.05733778487443751,0.08419219044854115,0.0,0.7218026032286284,8.195739158580652,0.5413379502753458,0.5166666666666667,0.5166666666666667
104.75,0.1517750769853592,0.7270408868789673,1.0,0.19522398466097263,0.2855150775666725,0.9741317894471048,83.0,0.05733778487443751,0.08419219044854115,0.0,0.7201655686910142,8.20940257711845,0.5369828287836287,0.5166666666666667,0.5166666666666667
105.0,0.15494614839553833,0.7376554608345032,1.0,0.19522398466097263,0.2855150775666725,0.9741317894471048,83.0,0.05733778487443751,0.08419219044854115,0.0,0.719396803122233,8.237087496619441,0.528289681783195,0.5166666666666667,0.5166666666666667
105.25,0.10401486605405807,0.7253262400627136,1.0,0.19522398466097263,0.2855150775666725,0.9741317894471048,84.0,0.05733778487443751,0.08419219044854115,0.0,0.7199686612479355,8.265040091211965,0.5197158651631961,0.5166666666666667,0.5166666666666667
105.5,-0.025185560807585716,0.7263472676277161,1.0,0.19522398466097263,0.2855150775666725,0.9741317894471048,84.0,0.05733778487443751,0.08419219044854115,0.0,0.7215209978878199,8.278940712396915,0.5155245100695577,0.5166666666666667,0.5166666666666667
105.75,-0.042823974043130875,0.7239180207252502,1.0,0.19522398466097263,0.2855150775666725,0.9741317894471048,84.0,0.03716069095659747,0.056902308027289884,0.0,0.7238027772533866,8.306847273045687,0.5071940282010828,0.5166666666666667,0.5166666666666667
106.0,-0.026081549003720284,0.7314149141311646,1.0,0.19522398466097263,0.2855150775666725,0.9741317894471048,84.0,0.03716069095659747,0.056902308027289884,0.0,0.7258489121665411,8.334633254294655,0.49888583347165405,0.5166666666666667,0.5166666666666667
106.25,-0.023455273360013962,0.731406569480896,1.0,0.19522398466097263,0.2855150775666725,0.9741317894471048,85.0,0.03716069095659747,0.056902308027289884,0.0,0.7266229123925209,8.348579835593174,0.49469244651363475,0.5166666666666667,0.5166666666666667
106.5,0.026919392868876457,0.7220442891120911,1.0,0.18803992283821186,0.27526629204059383,0.9731195159123087,85.0,0.03716069095659747,0.056902308027289884,0.0,0.7274301353752316,8.376544704237705,0.4862512759978088,0.5166666666666667,0.5166666666666667
106.75,-0.019375989213585854,0.7145067453384399,1.0,0.18803992283821186,0.27526629204059383,0.9731195159123087,85.0,0.03716069095659747,0.056902308027289884,0.0,0.7269220831936025,8.404358795655426,0.4778332942217889,0.5166666666666667,0.5166666666666667
107.0,-0.032886724919080734,0.7248843312263489,1.0,0.18803992283821186,0.27526629204059383,0.9731195159123087,85.0,0.03716069095659747,0.056902308027289884,0.0,0.7251265672960092,8.431819928980984,0.4695275609629561,0.5166666666666667,0.5166666666666667
107.25,0.0026889173313975334,0.7148607969284058,1.0,0.18803992283821186,0.27526629204059383,0.9731195159123087,86.0,0.03716069095659747,0.056902308027289884,0.0,0.7241246756566512,8.459398653457441,0.46116752639524455,0.5166666666666667,0.5166666666666667
107.5,-0.044999800622463226,0.716001033782959,1.0,0.18803992283821186,0.27526629204059383,0.9731195159123087,86.0,0.03716069095659747,0.056902308027289884,0.0,0.7240320927605427,8.473193171301887,0.45697615086474136,0.5166666666666667,0.5166666666666667
107.75,-0.02227843552827835,0.7115254402160645,1.0,0.18803992283821186,0.27526629204059383,0.9731195159123087,86.0,0.03716069095659747,0.056902308027289884,0.0,0.7208604932797793,8.50049573869374,0.4486494454096251,0.5166666666666667,0.5166666666666667
108.0,-0.010678991675376892,0.7024821639060974,1.0,0.18803992283821186,0.27526629204059383,0.9731195159123087,86.0,0.03716069095659747,0.056902308027289884,0.0,0.7201257753469257,8.527927176749818,0.44022917338092704,0.5166666666666667,0.5166666666666667
108.25,-0.028153063729405403,0.6982855200767517,1.0,0.18803992283821186,0.27526629204059383,0.9731195159123087,87.0,0.03716069095659747,0.056902308027289884,0.0,0.7150648708576786,8.554749649533225,0.43197091621962425,0.5166666666666667,0.5166666666666667
108.5,-0.025994906201958656,0.6797770261764526,1.0,0.18803992283821186,0.27526629204059383,0.9731195159123087,87.0,0.03716069095659747,0.056902308027289884,0.0,0.7136096632227575,8.568134589839412,0.42784453448401477,0.5166666666666667,0.5166666666666667
108.75,0.011839549988508224,0.6714992523193359,1.0,0.18803992283821186,0.27526629204059383,0.9731195159123087,87.0,0.03716069095659747,0.056902308027289884,0.0,0.7081151132099852,8.594437273325894,0.41971163664254685,0.5166666666666667,0.5166666666666667
109.0,0.014456035569310188,0.6548433899879456,1.0,0.18803992283821186,0.27526629204059383,0.9731195159123087,87.0,0.03716069095659747,0.056902308027289884,0.0,0.6998465361380982,8.620193105301452,0.41172223257590873,0.5166666666666667,0.5166666666666667
109.25,0.03690754249691963,0.6528130769729614,1.0,0.18803992283821186,0.27526629204059383,0.9731195159123087,88.0,0.018870663376397156,0.029031789809841776,0.0,0.6943374437324418,8.632746702246349,0.40783164540368894,0.5166666666666667,0.5166666666666667
109.5,-0.00588789489120245,0.6427307724952698,1.0,0.18803992283821186,0.27526629204059383,0.9731195159123087,88.0,0.018870663376397156,0.029031789809841776,0.0,0.6817557246869468,8.657534349135574,0.400166146181092,0.5166666666666667,0.5166666666666667
109.75,-0.033025164157152176,0.6343246698379517,1.0,0.18803992283821186,0.27526629204059383,0.9731195159123087,88.0,0.018870663376397156,0.029031789809841776,0.0,0.6714545156685908,8.682169074800097,0.3925750794886791,0.5166666666666667,0.5166666666666667
110.0,-0.03337383270263672,0.6247212290763855,1.0,0.18803992283821186,0.27526629204059383,0.9731195159123087,88.0,0.018870663376397156,0.029031789809841776,0.0,0.6660074769204806,8.694426155718725,0.38879920970018783,0.5166666666666667,0.5166666666666667
110.25,-0.026384716853499413,0.5940497517585754,1.0,0.18803992283821186,0.27526629204059383,0.9731195159123087,88.0,0.018870663376397156,0.029031789809841776,0.0,0.6555424171978644,8.7186389628262,0.38131588541716943,0.5166666666666667,0.5166666666666667
110.5,-0.08237194269895554,0.5732256174087524,1.0,0.18803992283821186,0.27526629204059383,0.9731195159123087,89.0,0.018870663376397156,0.029031789809841776,0.0,0.640882723943093,8.741820532919274,0.3741129723115666,0.5166666666666667,0.5166666666666667
110.75,-0.09147198498249054,0.545245885848999,1.0,0.18803992283821186,0.27526629204059383,0.9731195159123087,89.0,0.018870663376397156,0.029031789809841776,0.0,0.6326322690484087,8.752902470003555,0.3706518244255434,0.5166666666666667,0.5166666666666667
111.0,-0.09324237704277039,0.533544659614563,1.0,0.18803992283821186,0.27526629204059383,0.9731195159123087,89.0,0.018870663376397156,0.029031789809841776,0.0,0.6152922257434319,8.774307787012441,0.3639101419721654,0.5166666666666667,0.5166666666666667
111.25,-0.0779956579208374,0.5186510682106018,1.0,0.18803992283821186,0.27526629204059383,0.9731195159123087,89.0,0.018870663376397156,0.029031789809841776,0.0,0.5939328163523049,8.794640105484799,0.3574220203266343,0.5166666666666667,0.5166666666666667
111.5,0.0726524218916893,0.4997836947441101,1.0,0.18803992283821186,0.27526629204059383,0.9731195159123087,90.0,0.018870663376397156,0.029031789809841776,0.0,0.5841271250859056,8.804633274226118,0.3542021911824425,0.5166666666666667,0.5166666666666667
111.75,0.15523922443389893,0.4914824366569519,1.0,0.18803992283821186,0.27526629204059383,0.9731195159123087,90.0,0.018870663376397156,0.029031789809841776,0.0,0.5621132020089077,8.824003485913158,0.34791145204292884,0.5166666666666667,0.5166666666666667
112.0,0.17395733296871185,0.4789741337299347,1.0,0.18803992283821186,0.27526629204059383,0.9731195159123087,90.0,0.018870663376397156,0.029031789809841776,0.0,0.5398959187155264,8.842764280805469,0.3418352219940899,0.5166666666666667,0.5166666666666667
112.25,0.1581365019083023,0.481774240732193,1.0,0.18803992283821186,0.27526629204059383,0.9731195159123087,90.0,0.018870663376397156,0.029031789809841776,0.0,0.5205875050958946,8.86101506099519,0.33604796312426094,0.5166666666666667,0.5166666666666667
112.5,-0.005270830821245909,0.4725372791290283,1.0,0.18803992283821186,0.27526629204059383,0.9731195159123087,91.0,0.018870663376397156,0.029031789809841776,0.0,0.513639295343398,8.870177855282963,0.33319899348861093,0.5166666666666667,0.5166666666666667
112.75,-0.05529273673892021,0.46348491311073303,1.0,0.18803992283821186,0.27526629204059383,0.9731195159123087,91.0,0.018870663376397156,0.029031789809841776,0.0,0.5017726884257673,8.888292119743415,0.3276543969200174,0.5166666666666667,0.5166666666666667
113.0,-0.04367220401763916,0.4695979654788971,1.0,0.18803992283821186,0.27526629204059383,0.9731195159123087,91.0,0.01175787487298592,0.019015822325446363,0.0,0.4893299059341283,8.90608831587037,0.3222360603298817,0.5166666666666667,0.5166666666666667
113.25,-0.04799709841609001,0.476321280002594,1.0,0.18803992283821186,0.27526629204059383,0.9731195159123087,91.0,0.01175787487298592,0.019015822325446363,0.0,0.4804438887930661,8.923848868824892,0.316779482069034,0.5166666666666667,0.5166666666666667
113.5,0.028146127238869667,0.475253164768219,1.0,0.18803992283821186,0.27526629204059383,0.9731195159123087,92.0,0.01175787487298592,0.019015822325446363,0.0,0.47608088820945155,8.941780211153356,0.3112195623471697,0.5166666666666667,0.5166666666666667
113.75,0.10744655132293701,0.4840738773345947,1.0,0.18803992283821186,0.27526629204059383,0.9731195159123087,92.0,0.01175787487298592,0.019015822325446363,0.0,0.47500628659868477,8.950805350701485,0.30840893832826227,0.5166666666666667,0.5166666666666667
114.0,0.10854063928127289,0.4764982759952545,1.0,0.18803992283821186,0.27526629204059383,0.9731195159123087,92.0,0.01175787487298592,0.019015822325446363,0.0,0.4737584808556709,8.969117118492434,0.30273099261790565,0.5166666666666667,0.5166666666666667
114.25,0.11423251032829285,0.46550294756889343,1.0,0.18803992283821186,0.27526629204059383,0.9731195159123087,92.0,0.01175787487298592,0.019015822325446363,0.0,0.47378844293207817,8.987474637326562,0.2971260721633652,0.5166666666666667,0.5166666666666667
114.5,0.011370920576155186,0.4686804413795471,1.0,0.18207669808254795,0.2666558336041599,0.9722515308100894,93.0,0.01175787487298592,0.019015822325446363,0.0,0.47492001228312425,8.996647407591,0.2943629602579537,0.5166666666666667,0.5166666666666667
114.75,-0.07127625495195389,0.4650435447692871,1.0,0.18207669808254795,0.2666558336041599,0.9722515308100894,93.0,0.01175787487298592,0.019015822325446363,0.0,0.4740891392867674,9.014609246679154,0.2890169467141872,0.5166666666666667,0.5166666666666667
115.0,-0.09019443392753601,0.4785670340061188,1.0,0.18207669808254795,0.2666558336041599,0.9722515308100894,93.0,0.01175787487298592,0.019015822325446363,0.0,0.4741012930643877,9.032515621681373,0.2837096129669375,0.5166666666666667,0.5166666666666667
115.25,-0.081061951816082,0.47960200905799866,1.0,0.18207669808254795,0.2666558336041599,0.9722515308100894,93.0,0.01175787487298592,0.019015822325446363,0.0,0.4749851260975896,9.050675601437016,0.27826489926120807,0.5166666666666667,0.5166666666666667
115.5,-0.05805429816246033,0.4744734466075897,1.0,0.18207669808254795,0.2666558336041599,0.9722515308100894,94.0,0.01175787487298592,0.019015822325446363,0.0,0.4750950437944194,9.05981128342932,0.27549465553306357,0.5166666666666667,0.5166666666666667
115.75,-0.02958063781261444,0.4581035375595093,1.0,0.18207669808254795,0.2666558336041599,0.9722515308100894,94.0,0.01175787487298592,0.019015822325446363,0.0,0.47403948298172144,9.07811023228279,0.26989367608427584,0.5166666666666667,0.5166666666666667
116.0,-0.026175053790211678,0.4750329256057739,1.0,0.18207669808254795,0.2666558336041599,0.9722515308100894,94.0,0.01175787487298592,0.019015822325446363,0.0,0.47403948298172144,9.07811023228279,0.26989367608427584,0.5166666666666667,0.5166666666666667
116.25,-0.022973205894231796,0.4671325087547302,1.0,0.18207669808254795,0.2666558336041599,0.9722515308100894,94.0,0.01175787487298592,0.019015822325446363,0.0,0.47403948298172144,9.07811023228279,0.26989367608427584,0.5166666666666667,0.5166666666666667
116.5,-0.023960916325449944,0.4657474458217621,1.0,0.18207669808254795,0.2666558336041599,0.9722515308100894,95.0,0.01175787487298592,0.019015822325446363,0.0,0.47403948298172144,9.07811023228279,0.26989367608427584,0.5166666666666667,0.5166666666666667
116.75,-0.022788552567362785,0.4727809429168701,1.0,0.18207669808254795,0.2666558336041599,0.9722515308100894,95.0,0.01175787487298592,0.019015822325446363,0.0,0.47403948298172144,9.07811023228279,0.26989367608427584,0.5166666666666667,0.5166666666666667
117.0,-0.013721906580030918,0.4593483507633209,1.0,0.18207669808254795,0.2666558336041599,0.9722515308100894,95.0,0.01175787487298592,0.019015822325446363,0.0,0.47403948298172144,9.07811023228279,0.26989367608427584,0.5166666666666667,0.5166666666666667
117.25,-0.016702665016055107,0.4676341414451599,1.0,0.18207669808254795,0.2666558336041599,0.9722515308100894,95.0,0.01175787487298592,0.019015822325446363,0.0,0.47403948298172144,9.07811023228279,0.26989367608427584,0.5166666666666667,0.5166666666666667
117.5,-0.00836249627172947,0.4742061197757721,1.0,0.18207669808254795,0.2666558336041599,0.9722515308100894,96.0,0.01175787487298592,0.019015822325446363,0.0,0.47403948298172144,9.07811023228279,0.26989367608427584,0.5166666666666667,0.5166666666666667
117.75,-0.026292923837900162,0.46444427967071533,1.0,0.18207669808254795,0.2666558336041599,0.9722515308100894,96.0,0.01175787487298592,0.019015822325446363,0.0,0.47403948298172144,9.07811023228279,0.26989367608427584,0.5166666666666667,0.5166666666666667
118.0,-0.030386243015527725,0.4706854820251465,1.0,0.18207669808254795,0.2666558336041599,0.9722515308100894,96.0,0.01175787487298592,0.019015822325446363,0.0,0.47403948298172144,9.07811023228279,0.26989367608427584,0.5166666666666667,0.5166666666666667
118.25,-0.021022673696279526,0.4740903079509735,1.0,0.18207669808254795,0.2666558336041599,0.9722515308100894,96.0,0.01175787487298592,0.019015822325446363,0.0,0.47403948298172144,9.07811023228279,0.26989367608427584,0.5166666666666667,0.5166666666666667
118.5,-0.024644793942570686,0.47056448459625244,1.0,0.18207669808254795,0.2666558336041599,0.9722515308100894,97.0,0.01175787487298592,0.019015822325446363,0.0,0.47403948298172144,9.07811023228279,0.26989367608427584,0.5166666666666667,0.5166666666666667
118.75,-0.026420630514621735,0.4652094542980194,1.0,0.18207669808254795,0.2666558336041599,0.9722515308100894,97.0,0.01175787487298592,0.019015822325446363,0.0,0.47403948298172144,9.07811023228279,0.26989367608427584,0.5166666666666667,0.5166666666666667
119.0,-0.03809655085206032,0.4737780690193176,1.0,0.18207669808254795,0.2666558336041599,0.9722515308100894,97.0,0.01175787487298592,0.019015822325446363,0.0,0.47403948298172144,9.07811023228279,0.26989367608427584,0.5166666666666667,0.5166666666666667
119.25,-0.030543969944119453,0.4682067334651947,1.0,0.18207669808254795,0.2666558336041599,0.9722515308100894,97.0,0.01175787487298592,0.019015822325446363,0.0,0.47403948298172144,9.07811023228279,0.26989367608427584,0.5166666666666667,0.5166666666666667
119.5,-0.02643769234418869,0.4696049690246582,1.0,0.18207669808254795,0.2666558336041599,0.9722515308100894,98.0,0.01175787487298592,0.019015822325446363,0.0,0.47403948298172144,9.07811023228279,0.26989367608427584,0.5166666666666667,0.5166666666666667
119.75,-0.03058764524757862,0.46273279190063477,1.0,0.18207669808254795,0.2666558336041599,0.9722515308100894,98.0,0.01175787487298592,0.019015822325446363,0.0,0.47403948298172144,9.07811023228279,0.26989367608427584,0.5166666666666667,0.5166666666666667
120.0,-0.02379012294113636,0.46362173557281494,1.0,0.18207669808254795,0.2666558336041599,0.9722515308100894,98.0,0.01175787487298592,0.019015822325446363,0.0,0.47403948298172144,9.07811023228279,0.26989367608427584,0.5166666666666667,0.5166666666666667
120.25,-0.02968733198940754,0.465688019990921,1.0,0.18207669808254795,0.2666558336041599,0.9722515308100894,98.0,0.01175787487298592,0.019015822325446363,0.0,0.47403948298172144,9.07811023228279,0.26989367608427584,0.5166666666666667,0.5166666666666667
120.5,-0.025091001763939857,0.47196832299232483,1.0,0.18207669808254795,0.2666558336041599,0.9722515308100894,98.0,0.01175787487298592,0.019015822325446363,0.0,0.47403948298172144,9.07811023228279,0.26989367608427584,0.5166666666666667,0.5166666666666667
120.75,-0.030506769195199013,0.47180747985839844,1.0,0.18207669808254795,0.2666558336041599,0.9722515308100894,99.0,0.01175787487298592,0.019015822325446363,0.0,0.47403948298172144,9.07811023228279,0.26989367608427584,0.5166666666666667,0.5166666666666667
121.0,-0.030757352709770203,0.45958492159843445,1.0,0.18207669808254795,0.2666558336041599,0.9722515308100894,99.0,0.01175787487298592,0.019015822325446363,0.0,0.47403948298172144,9.07811023228279,0.26989367608427584,0.5166666666666667,0.5166666666666667
121.25,-0.0351974293589592,0.46018120646476746,1.0,0.18207669808254795,0.2666558336041599,0.9722515308100894,99.0,0.01175787487298592,0.019015822325446363,0.0,0.47403948298172144,9.07811023228279,0.26989367608427584,0.5166666666666667,0.5166666666666667
