[INFO] [launch]: All log files can be found below /home/student24/.ros/log/2026-08-16-19-06-28-751668-barn-vm-129027
[INFO] [launch]: Default logging verbosity is set to INFO
[INFO] [launch.user]: >>>>>>>>> LiDAR fault injector enabled: start=5s duration=20s persistent=false mode=dropout width=90deg dropout_period=1.0s dropout_duty=0.5
[INFO] [launch.user]: >>>>>>>>> Recovery enabled: mode=closed_loop_selector linear_scale=0.35 angular_scale=0.50 rotation_deg=60 active_timeout=1.0s
[INFO] [laser_scan_fault_injector.py-4]: process started with pid [129034]
[INFO] [scan_fault_policy_selector.py-5]: process started with pid [129035]
[INFO] [dropout_scan_recovery_filter.py-6]: process started with pid [129036]
[INFO] [masking_nav2_recovery_supervisor.py-7]: process started with pid [129037]
[INFO] [gazebo-1]: process started with pid [129030]
[INFO] [parameter_bridge-2]: process started with pid [129031]
[INFO] [generate_description-3]: process started with pid [129033]
[generate_description-3] Generated /home/student24/dissertation/barn_ros2/src/The-Barn-Challenge-Ros2/experiment_setups/tuned_clean/robot.urdf.xacro
[INFO] [generate_description-3]: process has finished cleanly [pid 129033]
[INFO] [generate_semantic_description-8]: process started with pid [129058]
[laser_scan_fault_injector.py-4] [0m[INFO] [laser_scan_fault_injector]: Laser scan fault injector ready: /front/scan -> /front/scan_faulted, start=5.0s, duration=20.0s, mode=dropout, center=0.0deg, width=90.0deg, replacement=range_max, dropout_period_s=1.00, dropout_duty_cycle=0.50, fault_active_topic=/fault/scan_active[0m
[scan_fault_policy_selector.py-5] [0m[INFO] [scan_fault_policy_selector]: Stage2B scan fault policy selector ready: scan_topic=/front/scan_faulted, fault_active_topic=/fault/scan_active, observation_window_s=2.00, absolute_range_max_ratio_threshold=0.55, absolute_span_ratio_threshold=0.55, output_type_topic=/fault/type_estimated, dropout_enable_topic=/recovery/dropout_filter_enable, masking_enable_topic=/recovery/masking_monitor_enable[0m
[dropout_scan_recovery_filter.py-6] [0m[INFO] [dropout_scan_recovery_filter]: Dropout scan recovery filter ready: /front/scan_faulted -> /front/scan_recovered, fault_active_topic=/fault/scan_active, enable_topic=/recovery/dropout_filter_enable, require_enable=True, center=0.0deg, width=90.0deg, range_max_ratio_threshold=0.55, near_range_max_fraction=0.98[0m
[generate_semantic_description-8] [INFO] [moveit_collision_updater.urdf]: Loaded j100-0000 robot model.
[generate_semantic_description-8] [INFO] [moveit_4134736747.moveit.core.robot_model]: Loading robot model 'j100-0000'...
[generate_semantic_description-8] [INFO] [moveit_4134736747.moveit.core.robot_model]: No root/virtual joint specified in SRDF. Assuming fixed joint
[generate_semantic_description-8] [WARN] [moveit_4134736747.moveit.core.robot_model]: Link lidar2d_0_link has visual geometry but no collision geometry. Collision geometry will be left empty. Fix your URDF file by explicitly specifying collision geometry.
[generate_semantic_description-8] [WARN] [moveit_4134736747.moveit.core.robot_model]: Link lidar3d_0_laser has visual geometry but no collision geometry. Collision geometry will be left empty. Fix your URDF file by explicitly specifying collision geometry.
[generate_semantic_description-8] [WARN] [moveit_4134736747.moveit.core.robot_model]: Link lidar2d_1_link has visual geometry but no collision geometry. Collision geometry will be left empty. Fix your URDF file by explicitly specifying collision geometry.
[generate_semantic_description-8] [WARN] [moveit_4134736747.moveit.core.robot_model]: Link gps_0_link has visual geometry but no collision geometry. Collision geometry will be left empty. Fix your URDF file by explicitly specifying collision geometry.
[generate_semantic_description-8] [WARN] [moveit_4134736747.moveit.core.robot_model]: Link front_fender_link has visual geometry but no collision geometry. Collision geometry will be left empty. Fix your URDF file by explicitly specifying collision geometry.
[generate_semantic_description-8] [WARN] [moveit_4134736747.moveit.core.robot_model]: Link rear_fender_link has visual geometry but no collision geometry. Collision geometry will be left empty. Fix your URDF file by explicitly specifying collision geometry.
[generate_semantic_description-8] [INFO] [moveit_collision_updater.srdf]: Robot semantic model successfully loaded.
[masking_nav2_recovery_supervisor.py-7] [0m[INFO] [masking_nav2_recovery_supervisor]: Masking Nav2 recovery supervisor ready: fault_active_topic=/fault/scan_active, enable_topic=/recovery/masking_monitor_enable, require_enable=True, odom_topic=/platform/odom/filtered, navigate_action=/navigate_to_pose, spin_action=/spin, trigger_policy=progress_stall, spin_angle_deg=60.0, goal=(10.00, 0.00) in odom[0m
[generate_semantic_description-8] [INFO] [moveit_collision_updater.Self-Collisions]: Thread complete 36
[generate_semantic_description-8] Warning: class_loader.ClassLoader: SEVERE WARNING!!! Attempting to unload library while objects created by this loader exist in the heap! You should delete your objects before attempting to unload the library or destroying the ClassLoader. The library will NOT be unloaded.
[generate_semantic_description-8]          at line 127 in ./src/class_loader.cpp
[generate_semantic_description-8] Generated /home/student24/dissertation/barn_ros2/src/The-Barn-Challenge-Ros2/experiment_setups/tuned_clean/robot.srdf.xacro
[INFO] [generate_semantic_description-8]: process has finished cleanly [pid 129058]
[INFO] [generate_launch-9]: process started with pid [129151]
[generate_launch-9] Generated launch file: /home/student24/dissertation/barn_ros2/src/The-Barn-Challenge-Ros2/experiment_setups/tuned_clean/manipulators/launch/manipulators-service.launch.py
[generate_launch-9] Generated launch file: /home/student24/dissertation/barn_ros2/src/The-Barn-Challenge-Ros2/experiment_setups/tuned_clean/sensors/launch/lidar2d_0.launch.py
[generate_launch-9] Generated launch file: /home/student24/dissertation/barn_ros2/src/The-Barn-Challenge-Ros2/experiment_setups/tuned_clean/sensors/launch/lidar2d_1.launch.py
[generate_launch-9] Generated launch file: /home/student24/dissertation/barn_ros2/src/The-Barn-Challenge-Ros2/experiment_setups/tuned_clean/sensors/launch/lidar3d_0.launch.py
[generate_launch-9] Generated launch file: /home/student24/dissertation/barn_ros2/src/The-Barn-Challenge-Ros2/experiment_setups/tuned_clean/sensors/launch/sensors-service.launch.py
[generate_launch-9] Generated launch file: /home/student24/dissertation/barn_ros2/src/The-Barn-Challenge-Ros2/experiment_setups/tuned_clean/platform/launch/platform-service.launch.py
[INFO] [generate_launch-9]: process has finished cleanly [pid 129151]
[INFO] [generate_param-10]: process started with pid [129152]
[generate_param-10] Generated config: /home/student24/dissertation/barn_ros2/src/The-Barn-Challenge-Ros2/experiment_setups/tuned_clean/sensors/config/lidar2d_0.yaml
[generate_param-10] Generated config: /home/student24/dissertation/barn_ros2/src/The-Barn-Challenge-Ros2/experiment_setups/tuned_clean/sensors/config/lidar2d_1.yaml
[generate_param-10] Generated config: /home/student24/dissertation/barn_ros2/src/The-Barn-Challenge-Ros2/experiment_setups/tuned_clean/sensors/config/lidar3d_0.yaml
[generate_param-10] Generated config: /home/student24/dissertation/barn_ros2/src/The-Barn-Challenge-Ros2/experiment_setups/tuned_clean/platform/config/control.yaml
[generate_param-10] Generated config: /home/student24/dissertation/barn_ros2/src/The-Barn-Challenge-Ros2/experiment_setups/tuned_clean/platform/config/diagnostic_aggregator.yaml
[generate_param-10] Generated config: /home/student24/dissertation/barn_ros2/src/The-Barn-Challenge-Ros2/experiment_setups/tuned_clean/platform/config/diagnostic_updater.yaml
[generate_param-10] Generated config: /home/student24/dissertation/barn_ros2/src/The-Barn-Challenge-Ros2/experiment_setups/tuned_clean/platform/config/foxglove_bridge.yaml
[generate_param-10] Generated config: /home/student24/dissertation/barn_ros2/src/The-Barn-Challenge-Ros2/experiment_setups/tuned_clean/platform/config/imu_filter.yaml
[generate_param-10] Generated config: /home/student24/dissertation/barn_ros2/src/The-Barn-Challenge-Ros2/experiment_setups/tuned_clean/platform/config/localization.yaml
[generate_param-10] Generated config: /home/student24/dissertation/barn_ros2/src/The-Barn-Challenge-Ros2/experiment_setups/tuned_clean/platform/config/teleop_interactive_markers.yaml
[generate_param-10] Generated config: /home/student24/dissertation/barn_ros2/src/The-Barn-Challenge-Ros2/experiment_setups/tuned_clean/platform/config/teleop_joy.yaml
[generate_param-10] Generated config: /home/student24/dissertation/barn_ros2/src/The-Barn-Challenge-Ros2/experiment_setups/tuned_clean/platform/config/twist_mux.yaml
[generate_param-10] Generated config: /home/student24/dissertation/barn_ros2/src/The-Barn-Challenge-Ros2/experiment_setups/tuned_clean/sensors/config/imu_0.yaml
[generate_param-10] Generated config: /home/student24/dissertation/barn_ros2/src/The-Barn-Challenge-Ros2/experiment_setups/tuned_clean/sensors/config/gps_0.yaml
[generate_param-10] Generated config: /home/student24/dissertation/barn_ros2/src/The-Barn-Challenge-Ros2/experiment_setups/tuned_clean/manipulators/config/moveit.yaml
[INFO] [generate_param-10]: process has finished cleanly [pid 129152]
[INFO] [robot_state_publisher-11]: process started with pid [129155]
[INFO] [spawner-12]: process started with pid [129156]
[INFO] [spawner-13]: process started with pid [129157]
[INFO] [ekf_node-14]: process started with pid [129158]
[INFO] [marker_server-15]: process started with pid [129159]
[INFO] [twist_mux-16]: process started with pid [129162]
[INFO] [joy_linux_node-17]: process started with pid [129165]
[INFO] [teleop_node-18]: process started with pid [129168]
[INFO] [parameter_bridge-19]: process started with pid [129169]
[INFO] [parameter_bridge-20]: process started with pid [129172]
[INFO] [parameter_bridge-21]: process started with pid [129173]
[INFO] [imu_filter_madgwick_node-22]: process started with pid [129174]
[INFO] [parameter_bridge-23]: process started with pid [129175]
[INFO] [parameter_bridge-24]: process started with pid [129185]
[INFO] [static_transform_publisher-25]: process started with pid [129186]
[INFO] [parameter_bridge-26]: process started with pid [129190]
[INFO] [static_transform_publisher-27]: process started with pid [129191]
[INFO] [parameter_bridge-28]: process started with pid [129199]
[INFO] [static_transform_publisher-29]: process started with pid [129203]
[INFO] [create-30]: process started with pid [129209]
[joy_linux_node-17] [ERROR] [joy_node]: Couldn't open joystick /dev/input/ps4. Will retry every second.
[robot_state_publisher-11] [INFO] [robot_state_publisher]: Robot initialized
[twist_mux-16] [INFO] [twist_mux]: Topic handler 'topics.external' subscribed to topic 'cmd_vel': timeout = 0.500000s , priority = 1.
[twist_mux-16] [INFO] [twist_mux]: Topic handler 'topics.interactive_marker' subscribed to topic 'twist_marker_server/cmd_vel': timeout = 0.500000s , priority = 8.
[twist_mux-16] [INFO] [twist_mux]: Topic handler 'topics.joy' subscribed to topic 'joy_teleop/cmd_vel': timeout = 0.500000s , priority = 10.
[twist_mux-16] [INFO] [twist_mux]: Topic handler 'topics.rc' subscribed to topic 'rc_teleop/cmd_vel': timeout = 0.500000s , priority = 12.
[twist_mux-16] [INFO] [twist_mux]: Topic handler 'locks.e_stop' subscribed to topic 'platform/emergency_stop': timeout = None , priority = 255.
[twist_mux-16] [INFO] [twist_mux]: Topic handler 'locks.safety_stop' subscribed to topic 'platform/safety_stop': timeout = None , priority = 254.
[imu_filter_madgwick_node-22] [INFO] [imu_filter_node]: Starting ImuFilter
[imu_filter_madgwick_node-22] [INFO] [imu_filter_node]: Using dt computed from message headers
[imu_filter_madgwick_node-22] [INFO] [imu_filter_node]: The gravity vector is kept in the IMU message.
[imu_filter_madgwick_node-22] [INFO] [imu_filter_node]: Imu filter gain set to 0.100000
[imu_filter_madgwick_node-22] [INFO] [imu_filter_node]: Gyro drift bias set to 0.000000
[imu_filter_madgwick_node-22] [INFO] [imu_filter_node]: Magnetometer bias values: 0.000000 0.000000 0.000000
[parameter_bridge-20] [INFO] [odom_base_tf_bridge]: Creating GZ->ROS Bridge: [/model/robot/tf (gz.msgs.Pose_V) -> /model/robot/tf (tf2_msgs/msg/TFMessage)] (Lazy 0)
[static_transform_publisher-27] [INFO] [lidar2d_1_static_tf]: Spinning until stopped - publishing transform
[static_transform_publisher-27] translation: ('0.000000', '0.000000', '0.000000')
[static_transform_publisher-27] rotation: ('0.000000', '0.000000', '0.000000', '1.000000')
[static_transform_publisher-27] from 'lidar2d_1_link' to 'robot/base_link/lidar2d_1'
[create-30] [INFO] [ros_gz_sim]: Requesting list of world names.
[static_transform_publisher-29] [INFO] [lidar3d_0_static_tf]: Spinning until stopped - publishing transform
[static_transform_publisher-29] translation: ('0.000000', '0.000000', '0.000000')
[static_transform_publisher-29] rotation: ('0.000000', '0.000000', '0.000000', '1.000000')
[static_transform_publisher-29] from 'lidar3d_0_link' to 'robot/base_link/lidar3d_0'
[static_transform_publisher-25] [INFO] [lidar2d_0_static_tf]: Spinning until stopped - publishing transform
[static_transform_publisher-25] translation: ('0.000000', '0.000000', '0.000000')
[static_transform_publisher-25] rotation: ('0.000000', '0.000000', '0.000000', '1.000000')
[static_transform_publisher-25] from 'lidar2d_0_link' to 'robot/base_link/lidar2d_0'
[parameter_bridge-19] [INFO] [cmd_vel_bridge]: Creating GZ->ROS Bridge: [/cmd_vel (gz.msgs.Twist) -> /cmd_vel (geometry_msgs/msg/TwistStamped)] (Lazy 0)
[parameter_bridge-19] [INFO] [cmd_vel_bridge]: Creating ROS->GZ Bridge: [/model/robot/cmd_vel (geometry_msgs/msg/TwistStamped) -> /model/robot/cmd_vel (gz.msgs.Twist)] (Lazy 0)
[marker_server-15] [INFO] [twist_server_node]: [interactive_marker_twist_server] Initialized.
[ekf_node-14] [INFO] [ekf_node]: Waiting for clock to start...
[teleop_node-18] [INFO] [TeleopTwistJoy]: Teleop enable button 4.
[teleop_node-18] [INFO] [TeleopTwistJoy]: Turbo on button 5.
[teleop_node-18] [INFO] [TeleopTwistJoy]: Linear axis x on 1 at scale 0.400000.
[teleop_node-18] [INFO] [TeleopTwistJoy]: Turbo for linear axis x is scale 2.000000.
[teleop_node-18] [INFO] [TeleopTwistJoy]: Linear axis y on 3 at scale 0.000000.
[teleop_node-18] [INFO] [TeleopTwistJoy]: Turbo for linear axis y is scale 0.000000.
[teleop_node-18] [INFO] [TeleopTwistJoy]: Angular axis yaw on 0 at scale 0.600000.
[teleop_node-18] [INFO] [TeleopTwistJoy]: Turbo for angular axis yaw is scale 1.400000.
[create-30] [INFO] [ros_gz_sim]: Waiting messages on topic [robot_description].
[create-30] [INFO] [ros_gz_sim]: Entity creation successful.
[INFO] [create-30]: process has finished cleanly [pid 129209]
[gazebo-1] [INFO] [gz_ros_control]: Loading controller_manager
[gazebo-1] [INFO] [controller_manager]: Using ROS clock for triggering controller manager cycles.
[gazebo-1] [INFO] [controller_manager]: Subscribing to '/robot_description' topic for robot description.
[gazebo-1] [WARN] [gz_ros_control]: Waiting RM to load and initialize hardware...
[spawner-13] [INFO] [spawner_platform_velocity_controller]: waiting for service /controller_manager/list_controllers to become available...
[parameter_bridge-23] [INFO] [gps_0_gz_bridge]: Creating GZ->ROS Bridge: [/sensors/gps_0/navsat (gz.msgs.NavSat) -> sensors/gps_0/fix (sensor_msgs/msg/NavSatFix)] (Lazy 0)
[parameter_bridge-28] [INFO] [sensors.lidar3d_0_gz_bridge]: Creating GZ->ROS Bridge: [/sensors/lidar3d_0/scan (gz.msgs.LaserScan) -> lidar3d_0/scan (sensor_msgs/msg/LaserScan)] (Lazy 0)
[parameter_bridge-26] [INFO] [sensors.lidar2d_1_gz_bridge]: Creating GZ->ROS Bridge: [/sensors/lidar2d_1/scan (gz.msgs.LaserScan) -> lidar2d_1/scan (sensor_msgs/msg/LaserScan)] (Lazy 0)
[parameter_bridge-24] [INFO] [sensors.lidar2d_0_gz_bridge]: Creating GZ->ROS Bridge: [/sensors/lidar2d_0/scan (gz.msgs.LaserScan) -> lidar2d_0/scan (sensor_msgs/msg/LaserScan)] (Lazy 0)
[parameter_bridge-21] [INFO] [imu_0_gz_bridge]: Creating GZ->ROS Bridge: [/sensors/imu_0/data (gz.msgs.IMU) -> sensors/imu_0/data (sensor_msgs/msg/Imu)] (Lazy 0)
[parameter_bridge-28] [INFO] [sensors.lidar3d_0_gz_bridge]: Creating GZ->ROS Bridge: [/sensors/lidar3d_0/scan/points (gz.msgs.PointCloudPacked) -> lidar3d_0/points (sensor_msgs/msg/PointCloud2)] (Lazy 0)
[parameter_bridge-21] [INFO] [imu_0_gz_bridge]: Creating GZ->ROS Bridge: [/sensors/imu_0/data_raw (gz.msgs.IMU) -> sensors/imu_0/data_raw (sensor_msgs/msg/Imu)] (Lazy 0)
[gazebo-1] [WARN] [controller_manager]: Waiting for data on 'robot_description' topic to finish initialization
[gazebo-1] [WARN] [controller_manager]: Waiting for data on 'robot_description' topic to finish initialization
[gazebo-1] [WARN] [gz_ros_control]: Waiting RM to load and initialize hardware...
[gazebo-1] [INFO] [controller_manager]: Received robot description from topic.
[gazebo-1] [INFO] [controller_manager]: Enforcing command limits is disabled. Command limits from URDF will be ignored.
[gazebo-1] [INFO] [gz_ros_control]: The position_proportional_gain has been set to: 0.1
[gazebo-1] [INFO] [gz_ros_control]: Loading joint: front_left_wheel_joint
[gazebo-1] [INFO] [gz_ros_control]: 	State:
[gazebo-1] [INFO] [gz_ros_control]: 		 position
[gazebo-1] [INFO] [gz_ros_control]: 		 velocity
[gazebo-1] [INFO] [gz_ros_control]: 	Command:
[gazebo-1] [INFO] [gz_ros_control]: 		 velocity
[gazebo-1] [INFO] [gz_ros_control]: Loading joint: front_right_wheel_joint
[gazebo-1] [INFO] [gz_ros_control]: 	State:
[gazebo-1] [INFO] [gz_ros_control]: 		 position
[gazebo-1] [INFO] [gz_ros_control]: 		 velocity
[gazebo-1] [INFO] [gz_ros_control]: 	Command:
[gazebo-1] [INFO] [gz_ros_control]: 		 velocity
[gazebo-1] [INFO] [gz_ros_control]: Loading joint: rear_left_wheel_joint
[gazebo-1] [INFO] [gz_ros_control]: 	State:
[gazebo-1] [INFO] [gz_ros_control]: 		 position
[gazebo-1] [INFO] [gz_ros_control]: 		 velocity
[gazebo-1] [INFO] [gz_ros_control]: 	Command:
[gazebo-1] [INFO] [gz_ros_control]: 		 velocity
[gazebo-1] [INFO] [gz_ros_control]: Loading joint: rear_right_wheel_joint
[gazebo-1] [INFO] [gz_ros_control]: 	State:
[gazebo-1] [INFO] [gz_ros_control]: 		 position
[gazebo-1] [INFO] [gz_ros_control]: 		 velocity
[gazebo-1] [INFO] [gz_ros_control]: 	Command:
[gazebo-1] [INFO] [gz_ros_control]: 		 velocity
[gazebo-1] [INFO] [gz_ros_control]: Loading sensor: imu_0
[gazebo-1] [INFO] [gz_ros_control]: 	State:
[gazebo-1] [WARN] [gz_ros_control]: IMU sensor 'imu_0' not found in hardware_info, skipping.
[gazebo-1] [INFO] [controller_manager]: Initialize hardware 'j100_hardware' 
[gazebo-1] [WARN] [controller_manager.hardware_component.system.j100_hardware]: Executor is not available during hardware component initialization for 'j100_hardware'. Skipping node creation!
[gazebo-1] [INFO] [controller_manager]: Successful initialization of hardware 'j100_hardware'
[gazebo-1] [INFO] [controller_manager]: Activating component 'j100_hardware'.
[gazebo-1] [INFO] [resource_manager]: 'configure' hardware 'j100_hardware' 
[gazebo-1] [INFO] [gz_ros_control]: System Successfully configured!
[gazebo-1] [INFO] [resource_manager]: Successful 'configure' of hardware 'j100_hardware'
[gazebo-1] [INFO] [resource_manager]: 'activate' hardware 'j100_hardware' 
[gazebo-1] [INFO] [resource_manager]: Successful 'activate' of hardware 'j100_hardware'
[gazebo-1] [WARN] [controller_manager]: Component 'j100_hardware' does not have read or write statistics initialized, skipping registration.
[gazebo-1] [INFO] [controller_manager]: Resource Manager has been successfully initialized. Starting Controller Manager services...
[gazebo-1] [INFO] [controller_manager]: Loading controller : 'platform_velocity_controller' of type 'diff_drive_controller/DiffDriveController'
[gazebo-1] [INFO] [controller_manager]: Loading controller 'platform_velocity_controller'
[gazebo-1] [WARN] [controller_manager]: The use of remapping arguments to the controller_manager node is deprecated. Please use the '--controller-ros-args' argument of the spawner to pass remapping arguments to the controller node.
[gazebo-1] [INFO] [controller_manager]: Controller 'platform_velocity_controller' node arguments: --ros-args --params-file /home/student24/dissertation/barn_ros2/src/The-Barn-Challenge-Ros2/experiment_setups/tuned_clean/platform/config/control.yaml --ros-args --remap ~/odom:=platform/odom --remap ~/cmd_vel:=platform/cmd_vel --remap /tf:=tf --remap /tf_static:=tf_static --remap /diagnostics:=diagnostics --remap /dynamic_joint_states:=platform/dynamic_joint_states --remap joint_states:=platform/joint_states --remap ~/reference:=platform/cmd_vel --remap ~/odometry:=platform/odom -p use_sim_time:=true --param use_sim_time:=true 
[spawner-13] [INFO] [spawner_platform_velocity_controller]: Loaded platform_velocity_controller
[gazebo-1] [INFO] [controller_manager]: Configuring controller: 'platform_velocity_controller'
[gazebo-1] [INFO] [controller_manager]: Activating controllers: [ platform_velocity_controller ]
[imu_filter_madgwick_node-22] [WARN] [imu_filter_node]: The IMU seems to be in free fall, cannot determine gravity direction!
[gazebo-1] [WARN] [gz_ros_control]:  Desired controller update period (0.02 s) is slower than the gazebo simulation period (0.001 s).
[gazebo-1] libEGL warning: egl: failed to create dri2 screen
[gazebo-1] libEGL warning: egl: failed to create dri2 screen
[gazebo-1] libEGL warning: NEEDS EXTENSION: falling back to kms_swrast
[imu_filter_madgwick_node-22] [WARN] [imu_filter_node]: The IMU seems to be in free fall, cannot determine gravity direction!
[gazebo-1] [INFO] [controller_manager]: Successfully switched controllers!
[imu_filter_madgwick_node-22] [WARN] [imu_filter_node]: The IMU seems to be in free fall, cannot determine gravity direction!
[spawner-13] [INFO] [spawner_platform_velocity_controller]: Configured and activated platform_velocity_controller
[spawner-12] [INFO] [spawner_joint_state_broadcaster]: waiting for service /controller_manager/list_controllers to become available...
[imu_filter_madgwick_node-22] [WARN] [imu_filter_node]: The IMU seems to be in free fall, cannot determine gravity direction!
[INFO] [spawner-13]: process has finished cleanly [pid 129157]
[imu_filter_madgwick_node-22] [WARN] [imu_filter_node]: The IMU seems to be in free fall, cannot determine gravity direction!
[imu_filter_madgwick_node-22] [WARN] [imu_filter_node]: The IMU seems to be in free fall, cannot determine gravity direction!
[imu_filter_madgwick_node-22] [WARN] [imu_filter_node]: The IMU seems to be in free fall, cannot determine gravity direction!
[imu_filter_madgwick_node-22] [WARN] [imu_filter_node]: The IMU seems to be in free fall, cannot determine gravity direction!
[imu_filter_madgwick_node-22] [WARN] [imu_filter_node]: The IMU seems to be in free fall, cannot determine gravity direction!
[imu_filter_madgwick_node-22] [WARN] [imu_filter_node]: The IMU seems to be in free fall, cannot determine gravity direction!
[imu_filter_madgwick_node-22] [WARN] [imu_filter_node]: The IMU seems to be in free fall, cannot determine gravity direction!
[imu_filter_madgwick_node-22] [WARN] [imu_filter_node]: The IMU seems to be in free fall, cannot determine gravity direction!
[imu_filter_madgwick_node-22] [INFO] [imu_filter_node]: First IMU message received.
[INFO] [launch.user]: >>>>>>>>> Starting BARN Runner node...
[INFO] [barn_runner.py-31]: process started with pid [130023]
[barn_runner.py-31] [0m[INFO] [BARN_Runner]: >>>>>>>>> BARN Runner started.[0m
[barn_runner.py-31] [0m[INFO] [BARN_Runner]: >>>>>>>>> Resetting Jackal...[0m
[gazebo-1] [INFO] [controller_manager]: Loading controller : 'joint_state_broadcaster' of type 'joint_state_broadcaster/JointStateBroadcaster'
[gazebo-1] [INFO] [controller_manager]: Loading controller 'joint_state_broadcaster'
[gazebo-1] [WARN] [controller_manager]: The use of remapping arguments to the controller_manager node is deprecated. Please use the '--controller-ros-args' argument of the spawner to pass remapping arguments to the controller node.
[gazebo-1] [INFO] [controller_manager]: Controller 'joint_state_broadcaster' node arguments: --ros-args --params-file /home/student24/dissertation/barn_ros2/src/The-Barn-Challenge-Ros2/experiment_setups/tuned_clean/platform/config/control.yaml --ros-args --remap ~/odom:=platform/odom --remap ~/cmd_vel:=platform/cmd_vel --remap /tf:=tf --remap /tf_static:=tf_static --remap /diagnostics:=diagnostics --remap /dynamic_joint_states:=platform/dynamic_joint_states --remap joint_states:=platform/joint_states --remap ~/reference:=platform/cmd_vel --remap ~/odometry:=platform/odom -p use_sim_time:=true --param use_sim_time:=true 
[spawner-12] [INFO] [spawner_joint_state_broadcaster]: Loaded joint_state_broadcaster
[gazebo-1] [INFO] [controller_manager]: Configuring controller: 'joint_state_broadcaster'
[gazebo-1] [INFO] [joint_state_broadcaster]: 'joints' or 'interfaces' parameter is empty. All available state interfaces will be published
[gazebo-1] [INFO] [controller_manager]: Activating controllers: [ joint_state_broadcaster ]
[barn_runner.py-31] [0m[INFO] [BARN_Runner]: >>>>>>>>> Initial position: (-2.25, 3.00).[0m
[barn_runner.py-31] [0m[INFO] [BARN_Runner]: >>>>>>>>> Goal position: (-2.25, 13.00).[0m
[barn_runner.py-31] [0m[INFO] [BARN_Runner]: >>>>>>>>> Waiting for robot to start moving...[0m
[gazebo-1] [INFO] [controller_manager]: Successfully switched controllers!
[spawner-12] [INFO] [spawner_joint_state_broadcaster]: Configured and activated joint_state_broadcaster
[INFO] [spawner-12]: process has finished cleanly [pid 129156]
[INFO] [launch.user]: >>>>>>>>> Launching Nav2...
[INFO] [controller_server-32]: process started with pid [130041]
[INFO] [smoother_server-33]: process started with pid [130042]
[INFO] [planner_server-34]: process started with pid [130043]
[INFO] [behavior_server-35]: process started with pid [130044]
[INFO] [bt_navigator-36]: process started with pid [130045]
[INFO] [velocity_smoother-37]: process started with pid [130046]
[INFO] [lifecycle_manager-38]: process started with pid [130047]
[bt_navigator-36] [INFO] [bt_navigator]: 
[bt_navigator-36] 	bt_navigator lifecycle node launched. 
[bt_navigator-36] 	Waiting on external lifecycle transitions to activate
[bt_navigator-36] 	See https://design.ros2.org/articles/node_lifecycle.html for more information.
[bt_navigator-36] [INFO] [bt_navigator]: Creating
[smoother_server-33] [INFO] [smoother_server]: 
[smoother_server-33] 	smoother_server lifecycle node launched. 
[smoother_server-33] 	Waiting on external lifecycle transitions to activate
[smoother_server-33] 	See https://design.ros2.org/articles/node_lifecycle.html for more information.
[smoother_server-33] [INFO] [smoother_server]: Creating smoother server
[behavior_server-35] [INFO] [behavior_server]: 
[behavior_server-35] 	behavior_server lifecycle node launched. 
[behavior_server-35] 	Waiting on external lifecycle transitions to activate
[behavior_server-35] 	See https://design.ros2.org/articles/node_lifecycle.html for more information.
[velocity_smoother-37] [INFO] [velocity_smoother]: 
[velocity_smoother-37] 	velocity_smoother lifecycle node launched. 
[velocity_smoother-37] 	Waiting on external lifecycle transitions to activate
[velocity_smoother-37] 	See https://design.ros2.org/articles/node_lifecycle.html for more information.
[lifecycle_manager-38] [INFO] [lifecycle_manager_navigation]: Creating
[lifecycle_manager-38] [INFO] [lifecycle_manager_navigation]: [34m[1mCreating and initializing lifecycle service clients[0m[0m
[controller_server-32] [INFO] [controller_server]: 
[controller_server-32] 	controller_server lifecycle node launched. 
[controller_server-32] 	Waiting on external lifecycle transitions to activate
[controller_server-32] 	See https://design.ros2.org/articles/node_lifecycle.html for more information.
[controller_server-32] [INFO] [controller_server]: Creating controller server
[planner_server-34] [INFO] [planner_server]: 
[planner_server-34] 	planner_server lifecycle node launched. 
[planner_server-34] 	Waiting on external lifecycle transitions to activate
[planner_server-34] 	See https://design.ros2.org/articles/node_lifecycle.html for more information.
[planner_server-34] [INFO] [planner_server]: Creating
[planner_server-34] [INFO] [global_costmap.global_costmap]: 
[planner_server-34] 	global_costmap lifecycle node launched. 
[planner_server-34] 	Waiting on external lifecycle transitions to activate
[planner_server-34] 	See https://design.ros2.org/articles/node_lifecycle.html for more information.
[planner_server-34] [INFO] [global_costmap.global_costmap]: Creating Costmap
[controller_server-32] [INFO] [local_costmap.local_costmap]: 
[controller_server-32] 	local_costmap lifecycle node launched. 
[controller_server-32] 	Waiting on external lifecycle transitions to activate
[controller_server-32] 	See https://design.ros2.org/articles/node_lifecycle.html for more information.
[controller_server-32] [INFO] [local_costmap.local_costmap]: Creating Costmap
[lifecycle_manager-38] [INFO] [lifecycle_manager_navigation]: [34m[1mStarting managed nodes bringup...[0m[0m
[lifecycle_manager-38] [INFO] [lifecycle_manager_navigation]: [34m[1mConfiguring controller_server[0m[0m
[controller_server-32] [INFO] [controller_server]: Configuring controller interface
[controller_server-32] [INFO] [controller_server]: getting progress checker plugins..
[controller_server-32] [INFO] [controller_server]: getting goal checker plugins..
[controller_server-32] [INFO] [controller_server]: Controller frequency set to 20.0000Hz
[controller_server-32] [INFO] [local_costmap.local_costmap]: Configuring
[controller_server-32] [INFO] [local_costmap.local_costmap]: Using plugin "voxel_layer"
[controller_server-32] [INFO] [local_costmap.local_costmap]: Subscribed to Topics: scan
[controller_server-32] [INFO] [local_costmap.local_costmap]: Initialized plugin "voxel_layer"
[controller_server-32] [INFO] [local_costmap.local_costmap]: Using plugin "inflation_layer"
[controller_server-32] [INFO] [local_costmap.local_costmap]: Initialized plugin "inflation_layer"
[controller_server-32] [INFO] [controller_server]: Created progress_checker : progress_checker of type nav2_controller::SimpleProgressChecker
[controller_server-32] [INFO] [controller_server]: Controller Server has progress_checker  progress checkers available.
[controller_server-32] [INFO] [controller_server]: Created goal checker : general_goal_checker of type nav2_controller::SimpleGoalChecker
[controller_server-32] [INFO] [controller_server]: Controller Server has general_goal_checker  goal checkers available.
[controller_server-32] [INFO] [controller_server]: Created controller : FollowPath of type nav2_mppi_controller::MPPIController
[controller_server-32] [INFO] [controller_server]: Controller period is equal to model dt. Control sequence shifting is ON
[controller_server-32] [INFO] [controller_server]: ConstraintCritic instantiated with 1 power and 4.000000 weight.
[controller_server-32] [INFO] [controller_server]: Critic loaded : mppi::critics::ConstraintCritic
[controller_server-32] [INFO] [controller_server]: InflationCostCritic instantiated with 1 power and 300.000000 / 0.015000 weights. Critic will collision check based on footprint cost.
[controller_server-32] [INFO] [controller_server]: Critic loaded : mppi::critics::CostCritic
[controller_server-32] [INFO] [controller_server]: GoalCritic instantiated with 1 power and 5.000000 weight.
[controller_server-32] [INFO] [controller_server]: Critic loaded : mppi::critics::GoalCritic
[controller_server-32] [INFO] [controller_server]: GoalAngleCritic instantiated with 1 power, 3.000000 weight, 0.500000 angular threshold and symmetric_yaw_tolerance disabled
[controller_server-32] [INFO] [controller_server]: Critic loaded : mppi::critics::GoalAngleCritic
[controller_server-32] [INFO] [controller_server]: ReferenceTrajectoryCritic instantiated with 1 power and 8.000000 weight
[controller_server-32] [INFO] [controller_server]: Critic loaded : mppi::critics::PathAlignCritic
[controller_server-32] [INFO] [controller_server]: Critic loaded : mppi::critics::PathFollowCritic
[controller_server-32] [INFO] [controller_server]: PathAngleCritic instantiated with 1 power and 2.000000 weight. Mode set to: Forward Preference
[controller_server-32] [INFO] [controller_server]: Critic loaded : mppi::critics::PathAngleCritic
[controller_server-32] [INFO] [controller_server]: PreferForwardCritic instantiated with 1 power and 5.000000 weight.
[controller_server-32] [INFO] [controller_server]: Critic loaded : mppi::critics::PreferForwardCritic
[controller_server-32] [INFO] [controller_server]: Optimizer reset
[controller_server-32] [INFO] [MPPIController]: Configured MPPI Controller: FollowPath
[controller_server-32] [INFO] [controller_server]: Controller Server has FollowPath  controllers available.
[lifecycle_manager-38] [INFO] [lifecycle_manager_navigation]: [34m[1mConfiguring smoother_server[0m[0m
[smoother_server-33] [INFO] [smoother_server]: Configuring smoother server
[smoother_server-33] [INFO] [smoother_server]: Created smoother : simple_smoother of type nav2_smoother::SimpleSmoother
[smoother_server-33] [INFO] [smoother_server]: Smoother Server has simple_smoother  smoothers available.
[lifecycle_manager-38] [INFO] [lifecycle_manager_navigation]: [34m[1mConfiguring planner_server[0m[0m
[planner_server-34] [INFO] [planner_server]: Configuring
[planner_server-34] [INFO] [global_costmap.global_costmap]: Configuring
[planner_server-34] [INFO] [global_costmap.global_costmap]: Using plugin "obstacle_layer"
[planner_server-34] [INFO] [global_costmap.global_costmap]: Subscribed to Topics: scan
[planner_server-34] [INFO] [global_costmap.global_costmap]: Initialized plugin "obstacle_layer"
[planner_server-34] [INFO] [global_costmap.global_costmap]: Using plugin "inflation_layer"
[planner_server-34] [INFO] [global_costmap.global_costmap]: Initialized plugin "inflation_layer"
[planner_server-34] [INFO] [planner_server]: Created global planner plugin GridBased of type nav2_navfn_planner::NavfnPlanner
[planner_server-34] [INFO] [planner_server]: Configuring plugin GridBased of type NavfnPlanner
[planner_server-34] [INFO] [planner_server]: Planner Server has GridBased  planners available.
[lifecycle_manager-38] [INFO] [lifecycle_manager_navigation]: [34m[1mConfiguring behavior_server[0m[0m
[behavior_server-35] [INFO] [behavior_server]: Configuring
[behavior_server-35] [INFO] [behavior_server]: Creating behavior plugin spin of type nav2_behaviors::Spin
[behavior_server-35] [INFO] [behavior_server]: Creating behavior plugin backup of type nav2_behaviors::BackUp
[behavior_server-35] [INFO] [behavior_server]: Creating behavior plugin drive_on_heading of type nav2_behaviors::DriveOnHeading
[behavior_server-35] [INFO] [behavior_server]: Creating behavior plugin assisted_teleop of type nav2_behaviors::AssistedTeleop
[behavior_server-35] [INFO] [behavior_server]: Creating behavior plugin wait of type nav2_behaviors::Wait
[behavior_server-35] [INFO] [behavior_server]: Configuring spin
[behavior_server-35] [INFO] [behavior_server]: Configuring backup
[behavior_server-35] [INFO] [behavior_server]: Configuring drive_on_heading
[behavior_server-35] [INFO] [behavior_server]: Configuring assisted_teleop
[behavior_server-35] [INFO] [behavior_server]: Configuring wait
[lifecycle_manager-38] [INFO] [lifecycle_manager_navigation]: [34m[1mConfiguring velocity_smoother[0m[0m
[velocity_smoother-37] [INFO] [velocity_smoother]: Configuring velocity smoother
[lifecycle_manager-38] [INFO] [lifecycle_manager_navigation]: [34m[1mConfiguring bt_navigator[0m[0m
[bt_navigator-36] [INFO] [bt_navigator]: Configuring
[bt_navigator-36] [INFO] [bt_navigator]: Creating navigator id navigate_to_pose of type nav2_bt_navigator::NavigateToPoseNavigator
[bt_navigator-36] [INFO] [bt_navigator]: Creating navigator id navigate_through_poses of type nav2_bt_navigator::NavigateThroughPosesNavigator
[lifecycle_manager-38] [INFO] [lifecycle_manager_navigation]: [34m[1mActivating controller_server[0m[0m
[controller_server-32] [INFO] [controller_server]: Activating
[controller_server-32] [INFO] [local_costmap.local_costmap]: Activating
[controller_server-32] [INFO] [local_costmap.local_costmap]: Checking transform
[controller_server-32] [INFO] [local_costmap.local_costmap]: Timed out waiting for transform from base_link to odom to become available, tf error: Invalid frame ID "odom" passed to canTransform argument target_frame - frame does not exist
[controller_server-32] [INFO] [local_costmap.local_costmap]: Timed out waiting for transform from base_link to odom to become available, tf error: Invalid frame ID "odom" passed to canTransform argument target_frame - frame does not exist
[controller_server-32] [INFO] [local_costmap.local_costmap]: start
[controller_server-32] [WARN] [controller_server]: Parameter controller_server.verbose not found
[controller_server-32] [INFO] [controller_server]: Optimizer reset
[controller_server-32] [INFO] [MPPIController]: Activated MPPI Controller: FollowPath
[controller_server-32] [INFO] [controller_server]: Creating bond (controller_server) to lifecycle manager.
[lifecycle_manager-38] [INFO] [lifecycle_manager_navigation]: Server controller_server connected with bond.
[lifecycle_manager-38] [INFO] [lifecycle_manager_navigation]: [34m[1mActivating smoother_server[0m[0m
[smoother_server-33] [INFO] [smoother_server]: Activating
[smoother_server-33] [INFO] [smoother_server]: Creating bond (smoother_server) to lifecycle manager.
[lifecycle_manager-38] [INFO] [lifecycle_manager_navigation]: Server smoother_server connected with bond.
[lifecycle_manager-38] [INFO] [lifecycle_manager_navigation]: [34m[1mActivating planner_server[0m[0m
[planner_server-34] [INFO] [planner_server]: Activating
[planner_server-34] [INFO] [global_costmap.global_costmap]: Activating
[planner_server-34] [INFO] [global_costmap.global_costmap]: Checking transform
[planner_server-34] [INFO] [global_costmap.global_costmap]: start
[planner_server-34] [INFO] [planner_server]: Activating plugin GridBased of type NavfnPlanner
[planner_server-34] [INFO] [planner_server]: Creating bond (planner_server) to lifecycle manager.
[lifecycle_manager-38] [INFO] [lifecycle_manager_navigation]: Server planner_server connected with bond.
[lifecycle_manager-38] [INFO] [lifecycle_manager_navigation]: [34m[1mActivating behavior_server[0m[0m
[behavior_server-35] [INFO] [behavior_server]: Activating
[behavior_server-35] [INFO] [behavior_server]: Activating spin
[behavior_server-35] [INFO] [behavior_server]: Activating backup
[behavior_server-35] [INFO] [behavior_server]: Activating drive_on_heading
[behavior_server-35] [INFO] [behavior_server]: Activating assisted_teleop
[behavior_server-35] [INFO] [behavior_server]: Activating wait
[behavior_server-35] [INFO] [behavior_server]: Creating bond (behavior_server) to lifecycle manager.
[lifecycle_manager-38] [INFO] [lifecycle_manager_navigation]: Server behavior_server connected with bond.
[lifecycle_manager-38] [INFO] [lifecycle_manager_navigation]: [34m[1mActivating velocity_smoother[0m[0m
[velocity_smoother-37] [INFO] [velocity_smoother]: Activating
[velocity_smoother-37] [INFO] [velocity_smoother]: Creating bond (velocity_smoother) to lifecycle manager.
[lifecycle_manager-38] [INFO] [lifecycle_manager_navigation]: Server velocity_smoother connected with bond.
[lifecycle_manager-38] [INFO] [lifecycle_manager_navigation]: [34m[1mActivating bt_navigator[0m[0m
[bt_navigator-36] [INFO] [bt_navigator]: Activating
[bt_navigator-36] [INFO] [bt_navigator]: Creating bond (bt_navigator) to lifecycle manager.
[lifecycle_manager-38] [INFO] [lifecycle_manager_navigation]: Server bt_navigator connected with bond.
[lifecycle_manager-38] [INFO] [lifecycle_manager_navigation]: [34m[1mManaged nodes are active[0m[0m
[lifecycle_manager-38] [INFO] [lifecycle_manager_navigation]: [34m[1mCreating bond timer...[0m[0m
[INFO] [launch.user]: >>>>>>>>> Publishing Nav2 goal... 
[INFO] [ros2-39]: process started with pid [130177]
[bt_navigator-36] [INFO] [bt_navigator]: Begin navigating from current location (-0.00, 0.00) to (10.00, 0.00)
[controller_server-32] [INFO] [controller_server]: Received a goal, begin computing control effort.
[controller_server-32] [WARN] [controller_server]: No goal checker was specified in parameter 'current_goal_checker'. Server will use only plugin loaded general_goal_checker . This warning will appear once.
[controller_server-32] [WARN] [controller_server]: No progress checker was specified in parameter 'current_progress_checker'. Server will use only plugin loaded progress_checker . This warning will appear once.
[parameter_bridge-19] [INFO] [cmd_vel_bridge]: Passing message from ROS geometry_msgs/msg/TwistStamped to Gazebo gz.msgs.Twist (showing msg only once per type)
[controller_server-32] [INFO] [controller_server]: Passing new path to controller.
[controller_server-32] [INFO] [controller_server]: Passing new path to controller.
[barn_runner.py-31] [0m[INFO] [BARN_Runner]: >>>>>>>>> Trial running...[0m
[barn_runner.py-31] [0m[INFO] [BARN_Runner]: Time: 0.02 (s), x: -2.25 (m), y: 3.10 (m)[0m
[controller_server-32] [INFO] [controller_server]: Passing new path to controller.
[barn_runner.py-31] [0m[INFO] [BARN_Runner]: Time: 1.02 (s), x: -2.26 (m), y: 3.18 (m)[0m
[controller_server-32] [INFO] [controller_server]: Passing new path to controller.
[barn_runner.py-31] [0m[INFO] [BARN_Runner]: Time: 2.04 (s), x: -2.28 (m), y: 3.28 (m)[0m
[controller_server-32] [INFO] [controller_server]: Passing new path to controller.
[barn_runner.py-31] [0m[INFO] [BARN_Runner]: Time: 3.06 (s), x: -2.29 (m), y: 3.38 (m)[0m
[controller_server-32] [INFO] [controller_server]: Passing new path to controller.
[barn_runner.py-31] [0m[INFO] [BARN_Runner]: Time: 4.06 (s), x: -2.31 (m), y: 3.48 (m)[0m
[controller_server-32] [INFO] [controller_server]: Passing new path to controller.
[barn_runner.py-31] [0m[INFO] [BARN_Runner]: Time: 5.07 (s), x: -2.33 (m), y: 3.57 (m)[0m
[controller_server-32] [INFO] [controller_server]: Passing new path to controller.
[barn_runner.py-31] [0m[INFO] [BARN_Runner]: Time: 6.08 (s), x: -2.35 (m), y: 3.67 (m)[0m
[controller_server-32] [INFO] [controller_server]: Passing new path to controller.
[barn_runner.py-31] [0m[INFO] [BARN_Runner]: Time: 7.09 (s), x: -2.37 (m), y: 3.77 (m)[0m
[controller_server-32] [INFO] [controller_server]: Passing new path to controller.
[barn_runner.py-31] [0m[INFO] [BARN_Runner]: Time: 8.09 (s), x: -2.39 (m), y: 3.85 (m)[0m
[controller_server-32] [INFO] [controller_server]: Passing new path to controller.
[barn_runner.py-31] [0m[INFO] [BARN_Runner]: Time: 9.10 (s), x: -2.42 (m), y: 3.95 (m)[0m
[controller_server-32] [INFO] [controller_server]: Passing new path to controller.
[barn_runner.py-31] [0m[INFO] [BARN_Runner]: Time: 10.11 (s), x: -2.44 (m), y: 4.05 (m)[0m
[controller_server-32] [INFO] [controller_server]: Passing new path to controller.
[barn_runner.py-31] [0m[INFO] [BARN_Runner]: Time: 11.12 (s), x: -2.46 (m), y: 4.12 (m)[0m
[controller_server-32] [INFO] [controller_server]: Passing new path to controller.
[barn_runner.py-31] [0m[INFO] [BARN_Runner]: Time: 12.13 (s), x: -2.48 (m), y: 4.21 (m)[0m
[controller_server-32] [INFO] [controller_server]: Passing new path to controller.
[laser_scan_fault_injector.py-4] [33m[WARN] [laser_scan_fault_injector]: Fault active at t=5.00s (for 20.00s): cycling frontal sector dropout bursts (period=1.00s, duty=0.50).[0m
[scan_fault_policy_selector.py-5] [33m[WARN] [scan_fault_policy_selector]: fault_episode_start: Stage2B observation started, observation_window_s=2.00, baseline_range_max_ratio=0.089, baseline_span_ratio=0.033.[0m
[barn_runner.py-31] [0m[INFO] [BARN_Runner]: Time: 13.14 (s), x: -2.50 (m), y: 4.30 (m)[0m
[controller_server-32] [INFO] [controller_server]: Passing new path to controller.
[barn_runner.py-31] [0m[INFO] [BARN_Runner]: Time: 14.16 (s), x: -2.52 (m), y: 4.39 (m)[0m
[controller_server-32] [INFO] [controller_server]: Passing new path to controller.
[barn_runner.py-31] [0m[INFO] [BARN_Runner]: Time: 15.17 (s), x: -2.54 (m), y: 4.47 (m)[0m
[controller_server-32] [INFO] [controller_server]: Passing new path to controller.
[barn_runner.py-31] [0m[INFO] [BARN_Runner]: Time: 16.18 (s), x: -2.56 (m), y: 4.56 (m)[0m
[controller_server-32] [INFO] [controller_server]: Passing new path to controller.
[barn_runner.py-31] [0m[INFO] [BARN_Runner]: Time: 17.18 (s), x: -2.57 (m), y: 4.64 (m)[0m
[controller_server-32] [INFO] [controller_server]: Passing new path to controller.
[barn_runner.py-31] [0m[INFO] [BARN_Runner]: Time: 18.18 (s), x: -2.59 (m), y: 4.73 (m)[0m
[controller_server-32] [INFO] [controller_server]: Passing new path to controller.
[barn_runner.py-31] [0m[INFO] [BARN_Runner]: Time: 19.20 (s), x: -2.61 (m), y: 4.83 (m)[0m
[controller_server-32] [INFO] [controller_server]: Passing new path to controller.
[barn_runner.py-31] [0m[INFO] [BARN_Runner]: Time: 20.21 (s), x: -2.62 (m), y: 4.91 (m)[0m
[controller_server-32] [INFO] [controller_server]: Passing new path to controller.
[barn_runner.py-31] [0m[INFO] [BARN_Runner]: Time: 21.23 (s), x: -2.64 (m), y: 5.01 (m)[0m
[controller_server-32] [INFO] [controller_server]: Passing new path to controller.
[barn_runner.py-31] [0m[INFO] [BARN_Runner]: Time: 22.24 (s), x: -2.66 (m), y: 5.12 (m)[0m
[controller_server-32] [INFO] [controller_server]: Passing new path to controller.
[barn_runner.py-31] [0m[INFO] [BARN_Runner]: Time: 23.27 (s), x: -2.67 (m), y: 5.23 (m)[0m
[controller_server-32] [INFO] [controller_server]: Passing new path to controller.
[barn_runner.py-31] [0m[INFO] [BARN_Runner]: Time: 24.27 (s), x: -2.69 (m), y: 5.32 (m)[0m
[controller_server-32] [INFO] [controller_server]: Passing new path to controller.
[barn_runner.py-31] [0m[INFO] [BARN_Runner]: Time: 25.28 (s), x: -2.70 (m), y: 5.43 (m)[0m
[controller_server-32] [INFO] [controller_server]: Passing new path to controller.
[barn_runner.py-31] [0m[INFO] [BARN_Runner]: Time: 26.29 (s), x: -2.72 (m), y: 5.52 (m)[0m
[controller_server-32] [INFO] [controller_server]: Passing new path to controller.
[barn_runner.py-31] [0m[INFO] [BARN_Runner]: Time: 27.30 (s), x: -2.73 (m), y: 5.63 (m)[0m
[controller_server-32] [INFO] [controller_server]: Passing new path to controller.
[scan_fault_policy_selector.py-5] [33m[WARN] [scan_fault_policy_selector]: fault_type_estimated: predicted_type=DROPOUT, reason=clear_dropout_switching, classification_latency_s=2.00, sample_count=81, degraded_fraction=0.519, switching_rate_per_s=2.000, longest_degraded_streak_s=0.500, longest_healthy_streak_s=0.475, evidence_mean=0.547, evidence_max=1.000.[0m
[scan_fault_policy_selector.py-5] [33m[WARN] [scan_fault_policy_selector]: policy_selected: predicted_type=DROPOUT, selected_policy=dropout_scan_filter, dropout_filter_enable=True, masking_monitor_enable=False.[0m
[dropout_scan_recovery_filter.py-6] [33m[WARN] [dropout_scan_recovery_filter]: Dropout recovery filter enabled by selector.[0m
[dropout_scan_recovery_filter.py-6] [33m[WARN] [dropout_scan_recovery_filter]: Dropout recovery filter active: rejecting frontal dropout bursts (range_max_ratio=1.00, threshold=0.55).[0m
[barn_runner.py-31] [0m[INFO] [BARN_Runner]: Time: 28.32 (s), x: -2.73 (m), y: 5.73 (m)[0m
[controller_server-32] [INFO] [controller_server]: Passing new path to controller.
[barn_runner.py-31] [0m[INFO] [BARN_Runner]: Time: 29.34 (s), x: -2.74 (m), y: 5.84 (m)[0m
[controller_server-32] [INFO] [controller_server]: Passing new path to controller.
[barn_runner.py-31] [0m[INFO] [BARN_Runner]: Time: 30.34 (s), x: -2.74 (m), y: 5.94 (m)[0m
[controller_server-32] [INFO] [controller_server]: Passing new path to controller.
[barn_runner.py-31] [0m[INFO] [BARN_Runner]: Time: 31.35 (s), x: -2.74 (m), y: 6.03 (m)[0m
[dropout_scan_recovery_filter.py-6] [0m[INFO] [dropout_scan_recovery_filter]: Dropout recovery filter pass-through: healthy scan phase returned (range_max_ratio=0.28).[0m
[controller_server-32] [INFO] [controller_server]: Passing new path to controller.
[barn_runner.py-31] [0m[INFO] [BARN_Runner]: Time: 32.36 (s), x: -2.73 (m), y: 6.13 (m)[0m
[controller_server-32] [INFO] [controller_server]: Passing new path to controller.
[barn_runner.py-31] [0m[INFO] [BARN_Runner]: Time: 33.36 (s), x: -2.72 (m), y: 6.22 (m)[0m
[controller_server-32] [INFO] [controller_server]: Passing new path to controller.
[barn_runner.py-31] [0m[INFO] [BARN_Runner]: Time: 34.36 (s), x: -2.72 (m), y: 6.30 (m)[0m
[controller_server-32] [INFO] [controller_server]: Passing new path to controller.
[barn_runner.py-31] [0m[INFO] [BARN_Runner]: Time: 35.39 (s), x: -2.71 (m), y: 6.39 (m)[0m
[controller_server-32] [INFO] [controller_server]: Passing new path to controller.
[barn_runner.py-31] [0m[INFO] [BARN_Runner]: Time: 36.41 (s), x: -2.70 (m), y: 6.48 (m)[0m
[controller_server-32] [INFO] [controller_server]: Passing new path to controller.
[barn_runner.py-31] [0m[INFO] [BARN_Runner]: Time: 37.42 (s), x: -2.69 (m), y: 6.56 (m)[0m
[controller_server-32] [INFO] [controller_server]: Passing new path to controller.
[barn_runner.py-31] [0m[INFO] [BARN_Runner]: Time: 38.43 (s), x: -2.68 (m), y: 6.63 (m)[0m
[controller_server-32] [INFO] [controller_server]: Passing new path to controller.
[barn_runner.py-31] [0m[INFO] [BARN_Runner]: Time: 39.44 (s), x: -2.67 (m), y: 6.72 (m)[0m
[dropout_scan_recovery_filter.py-6] [0m[INFO] [dropout_scan_recovery_filter]: Dropout recovery filter pass-through: healthy scan phase returned (range_max_ratio=0.36).[0m
[controller_server-32] [INFO] [controller_server]: Passing new path to controller.
[barn_runner.py-31] [0m[INFO] [BARN_Runner]: Time: 40.44 (s), x: -2.66 (m), y: 6.81 (m)[0m
[controller_server-32] [INFO] [controller_server]: Passing new path to controller.
[barn_runner.py-31] [0m[INFO] [BARN_Runner]: Time: 41.45 (s), x: -2.66 (m), y: 6.92 (m)[0m
[controller_server-32] [INFO] [controller_server]: Passing new path to controller.
[barn_runner.py-31] [0m[INFO] [BARN_Runner]: Time: 42.46 (s), x: -2.65 (m), y: 7.01 (m)[0m
[controller_server-32] [INFO] [controller_server]: Passing new path to controller.
[barn_runner.py-31] [0m[INFO] [BARN_Runner]: Time: 43.46 (s), x: -2.65 (m), y: 7.11 (m)[0m
[controller_server-32] [INFO] [controller_server]: Passing new path to controller.
[barn_runner.py-31] [0m[INFO] [BARN_Runner]: Time: 44.47 (s), x: -2.65 (m), y: 7.20 (m)[0m
[controller_server-32] [INFO] [controller_server]: Passing new path to controller.
[barn_runner.py-31] [0m[INFO] [BARN_Runner]: Time: 45.47 (s), x: -2.65 (m), y: 7.29 (m)[0m
[controller_server-32] [INFO] [controller_server]: Passing new path to controller.
[barn_runner.py-31] [0m[INFO] [BARN_Runner]: Time: 46.49 (s), x: -2.64 (m), y: 7.39 (m)[0m
[controller_server-32] [INFO] [controller_server]: Passing new path to controller.
[barn_runner.py-31] [0m[INFO] [BARN_Runner]: Time: 47.50 (s), x: -2.64 (m), y: 7.48 (m)[0m
[controller_server-32] [INFO] [controller_server]: Passing new path to controller.
[barn_runner.py-31] [0m[INFO] [BARN_Runner]: Time: 48.51 (s), x: -2.63 (m), y: 7.57 (m)[0m
[controller_server-32] [INFO] [controller_server]: Passing new path to controller.
[barn_runner.py-31] [0m[INFO] [BARN_Runner]: Time: 49.52 (s), x: -2.61 (m), y: 7.65 (m)[0m
[controller_server-32] [INFO] [controller_server]: Passing new path to controller.
[barn_runner.py-31] [0m[INFO] [BARN_Runner]: Time: 50.53 (s), x: -2.59 (m), y: 7.75 (m)[0m
[controller_server-32] [INFO] [controller_server]: Passing new path to controller.
[barn_runner.py-31] [0m[INFO] [BARN_Runner]: Time: 51.55 (s), x: -2.57 (m), y: 7.83 (m)[0m
[controller_server-32] [INFO] [controller_server]: Passing new path to controller.
[barn_runner.py-31] [0m[INFO] [BARN_Runner]: Time: 52.55 (s), x: -2.55 (m), y: 7.91 (m)[0m
[controller_server-32] [INFO] [controller_server]: Passing new path to controller.
[barn_runner.py-31] [0m[INFO] [BARN_Runner]: Time: 53.56 (s), x: -2.52 (m), y: 8.00 (m)[0m
[controller_server-32] [INFO] [controller_server]: Passing new path to controller.
[barn_runner.py-31] [0m[INFO] [BARN_Runner]: Time: 54.57 (s), x: -2.49 (m), y: 8.08 (m)[0m
[controller_server-32] [INFO] [controller_server]: Passing new path to controller.
[barn_runner.py-31] [0m[INFO] [BARN_Runner]: Time: 55.59 (s), x: -2.45 (m), y: 8.18 (m)[0m
[controller_server-32] [INFO] [controller_server]: Passing new path to controller.
[barn_runner.py-31] [0m[INFO] [BARN_Runner]: Time: 56.59 (s), x: -2.41 (m), y: 8.26 (m)[0m
[controller_server-32] [INFO] [controller_server]: Passing new path to controller.
[barn_runner.py-31] [0m[INFO] [BARN_Runner]: Time: 57.60 (s), x: -2.37 (m), y: 8.36 (m)[0m
[controller_server-32] [INFO] [controller_server]: Passing new path to controller.
[barn_runner.py-31] [0m[INFO] [BARN_Runner]: Time: 58.61 (s), x: -2.32 (m), y: 8.45 (m)[0m
[barn_runner.py-31] [0m[INFO] [BARN_Runner]: Time: 59.62 (s), x: -2.26 (m), y: 8.55 (m)[0m
[controller_server-32] [INFO] [controller_server]: Passing new path to controller.
[barn_runner.py-31] [0m[INFO] [BARN_Runner]: Time: 60.64 (s), x: -2.22 (m), y: 8.64 (m)[0m
[controller_server-32] [INFO] [controller_server]: Passing new path to controller.
[barn_runner.py-31] [0m[INFO] [BARN_Runner]: Time: 61.64 (s), x: -2.17 (m), y: 8.74 (m)[0m
[controller_server-32] [INFO] [controller_server]: Passing new path to controller.
[controller_server-32] [INFO] [controller_server]: Optimizer reset
[controller_server-32] [INFO] [controller_server]: Optimizer reset
[controller_server-32] [WARN] [controller_server]: Optimizer fail to compute path
[controller_server-32] [INFO] [controller_server]: Optimizer reset
[controller_server-32] [INFO] [controller_server]: Optimizer reset
[controller_server-32] [WARN] [controller_server]: Optimizer fail to compute path
[controller_server-32] [INFO] [controller_server]: Optimizer reset
[controller_server-32] [INFO] [controller_server]: Optimizer reset
[controller_server-32] [WARN] [controller_server]: Optimizer fail to compute path
[controller_server-32] [INFO] [controller_server]: Optimizer reset
[controller_server-32] [INFO] [controller_server]: Optimizer reset
[controller_server-32] [WARN] [controller_server]: Optimizer fail to compute path
[controller_server-32] [INFO] [controller_server]: Optimizer reset
[controller_server-32] [INFO] [controller_server]: Optimizer reset
[controller_server-32] [WARN] [controller_server]: Optimizer fail to compute path
[barn_runner.py-31] [0m[INFO] [BARN_Runner]: Time: 62.65 (s), x: -2.13 (m), y: 8.83 (m)[0m
[controller_server-32] [INFO] [controller_server]: Passing new path to controller.
[barn_runner.py-31] [0m[INFO] [BARN_Runner]: Time: 63.66 (s), x: -2.09 (m), y: 8.91 (m)[0m
[controller_server-32] [INFO] [controller_server]: Passing new path to controller.
[controller_server-32] [INFO] [controller_server]: Optimizer reset
[controller_server-32] [INFO] [controller_server]: Optimizer reset
[controller_server-32] [WARN] [controller_server]: Optimizer fail to compute path
[controller_server-32] [INFO] [controller_server]: Optimizer reset
[controller_server-32] [INFO] [controller_server]: Optimizer reset
[controller_server-32] [WARN] [controller_server]: Optimizer fail to compute path
[controller_server-32] [INFO] [controller_server]: Optimizer reset
[controller_server-32] [INFO] [controller_server]: Optimizer reset
[controller_server-32] [WARN] [controller_server]: Optimizer fail to compute path
[controller_server-32] [INFO] [controller_server]: Optimizer reset
[controller_server-32] [INFO] [controller_server]: Optimizer reset
[controller_server-32] [WARN] [controller_server]: Optimizer fail to compute path
[barn_runner.py-31] [0m[INFO] [BARN_Runner]: Time: 64.68 (s), x: -2.06 (m), y: 8.98 (m)[0m
[controller_server-32] [INFO] [controller_server]: Passing new path to controller.
[controller_server-32] [INFO] [controller_server]: Optimizer reset
[controller_server-32] [INFO] [controller_server]: Optimizer reset
[controller_server-32] [WARN] [controller_server]: Optimizer fail to compute path
[controller_server-32] [INFO] [controller_server]: Optimizer reset
[controller_server-32] [INFO] [controller_server]: Optimizer reset
[controller_server-32] [WARN] [controller_server]: Optimizer fail to compute path
[controller_server-32] [INFO] [controller_server]: Optimizer reset
[controller_server-32] [INFO] [controller_server]: Optimizer reset
[controller_server-32] [WARN] [controller_server]: Optimizer fail to compute path
[controller_server-32] [INFO] [controller_server]: Optimizer reset
[controller_server-32] [INFO] [controller_server]: Optimizer reset
[controller_server-32] [WARN] [controller_server]: Optimizer fail to compute path
[controller_server-32] [INFO] [controller_server]: Optimizer reset
[controller_server-32] [INFO] [controller_server]: Optimizer reset
[controller_server-32] [WARN] [controller_server]: Optimizer fail to compute path
[controller_server-32] [INFO] [controller_server]: Optimizer reset
[controller_server-32] [INFO] [controller_server]: Optimizer reset
[controller_server-32] [WARN] [controller_server]: Optimizer fail to compute path
[controller_server-32] [INFO] [controller_server]: Optimizer reset
[controller_server-32] [INFO] [controller_server]: Optimizer reset
[controller_server-32] [WARN] [controller_server]: Optimizer fail to compute path
[controller_server-32] [INFO] [controller_server]: Optimizer reset
[controller_server-32] [INFO] [controller_server]: Optimizer reset
[controller_server-32] [WARN] [controller_server]: Optimizer fail to compute path
[controller_server-32] [INFO] [controller_server]: Optimizer reset
[controller_server-32] [INFO] [controller_server]: Optimizer reset
[controller_server-32] [WARN] [controller_server]: Optimizer fail to compute path
[controller_server-32] [INFO] [controller_server]: Optimizer reset
[controller_server-32] [INFO] [controller_server]: Optimizer reset
[controller_server-32] [WARN] [controller_server]: Optimizer fail to compute path
[controller_server-32] [INFO] [controller_server]: Optimizer reset
[controller_server-32] [INFO] [controller_server]: Optimizer reset
[controller_server-32] [WARN] [controller_server]: Optimizer fail to compute path
[controller_server-32] [INFO] [controller_server]: Optimizer reset
[controller_server-32] [INFO] [controller_server]: Optimizer reset
[controller_server-32] [WARN] [controller_server]: Optimizer fail to compute path
[barn_runner.py-31] [0m[INFO] [BARN_Runner]: Time: 65.70 (s), x: -2.03 (m), y: 9.04 (m)[0m
[controller_server-32] [INFO] [controller_server]: Optimizer reset
[controller_server-32] [INFO] [controller_server]: Optimizer reset
[controller_server-32] [WARN] [controller_server]: Optimizer fail to compute path
[controller_server-32] [INFO] [controller_server]: Optimizer reset
[controller_server-32] [INFO] [controller_server]: Optimizer reset
[controller_server-32] [WARN] [controller_server]: Optimizer fail to compute path
[controller_server-32] [INFO] [controller_server]: Passing new path to controller.
[controller_server-32] [INFO] [controller_server]: Optimizer reset
[controller_server-32] [INFO] [controller_server]: Optimizer reset
[controller_server-32] [WARN] [controller_server]: Optimizer fail to compute path
[controller_server-32] [INFO] [controller_server]: Optimizer reset
[controller_server-32] [INFO] [controller_server]: Optimizer reset
[controller_server-32] [WARN] [controller_server]: Optimizer fail to compute path
[controller_server-32] [INFO] [controller_server]: Optimizer reset
[controller_server-32] [INFO] [controller_server]: Optimizer reset
[controller_server-32] [WARN] [controller_server]: Optimizer fail to compute path
[controller_server-32] [INFO] [controller_server]: Optimizer reset
[controller_server-32] [INFO] [controller_server]: Optimizer reset
[controller_server-32] [WARN] [controller_server]: Optimizer fail to compute path
[controller_server-32] [INFO] [controller_server]: Optimizer reset
[controller_server-32] [INFO] [controller_server]: Optimizer reset
[controller_server-32] [WARN] [controller_server]: Optimizer fail to compute path
[controller_server-32] [INFO] [controller_server]: Optimizer reset
[controller_server-32] [INFO] [controller_server]: Optimizer reset
[controller_server-32] [WARN] [controller_server]: Optimizer fail to compute path
[controller_server-32] [INFO] [controller_server]: Optimizer reset
[controller_server-32] [INFO] [controller_server]: Optimizer reset
[controller_server-32] [WARN] [controller_server]: Optimizer fail to compute path
[controller_server-32] [INFO] [controller_server]: Optimizer reset
[controller_server-32] [INFO] [controller_server]: Optimizer reset
[controller_server-32] [WARN] [controller_server]: Optimizer fail to compute path
[controller_server-32] [INFO] [controller_server]: Optimizer reset
[controller_server-32] [INFO] [controller_server]: Optimizer reset
[controller_server-32] [WARN] [controller_server]: Optimizer fail to compute path
[controller_server-32] [INFO] [controller_server]: Optimizer reset
[controller_server-32] [INFO] [controller_server]: Optimizer reset
[controller_server-32] [WARN] [controller_server]: Optimizer fail to compute path
[controller_server-32] [INFO] [controller_server]: Optimizer reset
[controller_server-32] [INFO] [controller_server]: Optimizer reset
[controller_server-32] [WARN] [controller_server]: Optimizer fail to compute path
[controller_server-32] [INFO] [controller_server]: Optimizer reset
[controller_server-32] [INFO] [controller_server]: Optimizer reset
[controller_server-32] [WARN] [controller_server]: Optimizer fail to compute path
[controller_server-32] [INFO] [controller_server]: Optimizer reset
[controller_server-32] [INFO] [controller_server]: Optimizer reset
[controller_server-32] [WARN] [controller_server]: Optimizer fail to compute path
[controller_server-32] [INFO] [controller_server]: Optimizer reset
[controller_server-32] [INFO] [controller_server]: Optimizer reset
[controller_server-32] [WARN] [controller_server]: Optimizer fail to compute path
[controller_server-32] [INFO] [controller_server]: Optimizer reset
[controller_server-32] [INFO] [controller_server]: Optimizer reset
[controller_server-32] [WARN] [controller_server]: Optimizer fail to compute path
[controller_server-32] [INFO] [controller_server]: Optimizer reset
[controller_server-32] [INFO] [controller_server]: Optimizer reset
[controller_server-32] [WARN] [controller_server]: Optimizer fail to compute path
[controller_server-32] [INFO] [controller_server]: Optimizer reset
[controller_server-32] [INFO] [controller_server]: Optimizer reset
[controller_server-32] [WARN] [controller_server]: Optimizer fail to compute path
[controller_server-32] [INFO] [controller_server]: Optimizer reset
[controller_server-32] [INFO] [controller_server]: Optimizer reset
[controller_server-32] [WARN] [controller_server]: Optimizer fail to compute path
[controller_server-32] [INFO] [controller_server]: Optimizer reset
[barn_runner.py-31] [0m[INFO] [BARN_Runner]: Time: 66.72 (s), x: -2.03 (m), y: 9.06 (m)[0m
[controller_server-32] [INFO] [controller_server]: Optimizer reset
[controller_server-32] [WARN] [controller_server]: Optimizer fail to compute path
[controller_server-32] [INFO] [controller_server]: Optimizer reset
[controller_server-32] [INFO] [controller_server]: Optimizer reset
[controller_server-32] [WARN] [controller_server]: Optimizer fail to compute path
[controller_server-32] [INFO] [controller_server]: Passing new path to controller.
[controller_server-32] [INFO] [controller_server]: Optimizer reset
[controller_server-32] [INFO] [controller_server]: Optimizer reset
[controller_server-32] [WARN] [controller_server]: Optimizer fail to compute path
[controller_server-32] [INFO] [controller_server]: Optimizer reset
[controller_server-32] [INFO] [controller_server]: Optimizer reset
[controller_server-32] [WARN] [controller_server]: Optimizer fail to compute path
[controller_server-32] [INFO] [controller_server]: Optimizer reset
[controller_server-32] [INFO] [controller_server]: Optimizer reset
[controller_server-32] [WARN] [controller_server]: Optimizer fail to compute path
[controller_server-32] [INFO] [controller_server]: Optimizer reset
[controller_server-32] [INFO] [controller_server]: Optimizer reset
[controller_server-32] [WARN] [controller_server]: Optimizer fail to compute path
[controller_server-32] [INFO] [controller_server]: Optimizer reset
[controller_server-32] [INFO] [controller_server]: Optimizer reset
[controller_server-32] [WARN] [controller_server]: Optimizer fail to compute path
[controller_server-32] [INFO] [controller_server]: Optimizer reset
[controller_server-32] [INFO] [controller_server]: Optimizer reset
[controller_server-32] [WARN] [controller_server]: Optimizer fail to compute path
[controller_server-32] [INFO] [controller_server]: Optimizer reset
[controller_server-32] [INFO] [controller_server]: Optimizer reset
[controller_server-32] [WARN] [controller_server]: Optimizer fail to compute path
[controller_server-32] [INFO] [controller_server]: Optimizer reset
[controller_server-32] [INFO] [controller_server]: Optimizer reset
[controller_server-32] [WARN] [controller_server]: Optimizer fail to compute path
[controller_server-32] [INFO] [controller_server]: Optimizer reset
[controller_server-32] [INFO] [controller_server]: Optimizer reset
[controller_server-32] [WARN] [controller_server]: Optimizer fail to compute path
[controller_server-32] [INFO] [controller_server]: Optimizer reset
[controller_server-32] [INFO] [controller_server]: Optimizer reset
[controller_server-32] [WARN] [controller_server]: Optimizer fail to compute path
[controller_server-32] [INFO] [controller_server]: Optimizer reset
[controller_server-32] [INFO] [controller_server]: Optimizer reset
[controller_server-32] [WARN] [controller_server]: Optimizer fail to compute path
[controller_server-32] [INFO] [controller_server]: Optimizer reset
[controller_server-32] [INFO] [controller_server]: Optimizer reset
[controller_server-32] [WARN] [controller_server]: Optimizer fail to compute path
[controller_server-32] [INFO] [controller_server]: Optimizer reset
[controller_server-32] [INFO] [controller_server]: Optimizer reset
[controller_server-32] [WARN] [controller_server]: Optimizer fail to compute path
[controller_server-32] [INFO] [controller_server]: Optimizer reset
[controller_server-32] [INFO] [controller_server]: Optimizer reset
[controller_server-32] [WARN] [controller_server]: Optimizer fail to compute path
[controller_server-32] [INFO] [controller_server]: Optimizer reset
[controller_server-32] [INFO] [controller_server]: Optimizer reset
[controller_server-32] [WARN] [controller_server]: Optimizer fail to compute path
[controller_server-32] [INFO] [controller_server]: Optimizer reset
[controller_server-32] [INFO] [controller_server]: Optimizer reset
[controller_server-32] [WARN] [controller_server]: Optimizer fail to compute path
[controller_server-32] [INFO] [controller_server]: Optimizer reset
[controller_server-32] [INFO] [controller_server]: Optimizer reset
[controller_server-32] [WARN] [controller_server]: Optimizer fail to compute path
[barn_runner.py-31] [0m[INFO] [BARN_Runner]: Time: 67.73 (s), x: -2.03 (m), y: 9.06 (m)[0m
[controller_server-32] [INFO] [controller_server]: Passing new path to controller.
[barn_runner.py-31] [0m[INFO] [BARN_Runner]: Time: 68.74 (s), x: -2.03 (m), y: 9.05 (m)[0m
[controller_server-32] [INFO] [controller_server]: Passing new path to controller.
[controller_server-32] [INFO] [controller_server]: Optimizer reset
[barn_runner.py-31] [0m[INFO] [BARN_Runner]: Time: 69.75 (s), x: -2.02 (m), y: 9.07 (m)[0m
[controller_server-32] [INFO] [controller_server]: Optimizer reset
[controller_server-32] [WARN] [controller_server]: Optimizer fail to compute path
[controller_server-32] [INFO] [controller_server]: Optimizer reset
[controller_server-32] [INFO] [controller_server]: Optimizer reset
[controller_server-32] [WARN] [controller_server]: Optimizer fail to compute path
[controller_server-32] [INFO] [controller_server]: Optimizer reset
[controller_server-32] [INFO] [controller_server]: Optimizer reset
[controller_server-32] [WARN] [controller_server]: Optimizer fail to compute path
[controller_server-32] [INFO] [controller_server]: Passing new path to controller.
[controller_server-32] [INFO] [controller_server]: Optimizer reset
[controller_server-32] [INFO] [controller_server]: Optimizer reset
[controller_server-32] [WARN] [controller_server]: Optimizer fail to compute path
[controller_server-32] [INFO] [controller_server]: Optimizer reset
[controller_server-32] [INFO] [controller_server]: Optimizer reset
[controller_server-32] [WARN] [controller_server]: Optimizer fail to compute path
[controller_server-32] [INFO] [controller_server]: Optimizer reset
[controller_server-32] [INFO] [controller_server]: Optimizer reset
[controller_server-32] [WARN] [controller_server]: Optimizer fail to compute path
[controller_server-32] [INFO] [controller_server]: Optimizer reset
[controller_server-32] [INFO] [controller_server]: Optimizer reset
[controller_server-32] [WARN] [controller_server]: Optimizer fail to compute path
[controller_server-32] [INFO] [controller_server]: Optimizer reset
[controller_server-32] [INFO] [controller_server]: Optimizer reset
[controller_server-32] [WARN] [controller_server]: Optimizer fail to compute path
[controller_server-32] [INFO] [controller_server]: Optimizer reset
[controller_server-32] [INFO] [controller_server]: Optimizer reset
[controller_server-32] [WARN] [controller_server]: Optimizer fail to compute path
[controller_server-32] [INFO] [controller_server]: Optimizer reset
[controller_server-32] [INFO] [controller_server]: Optimizer reset
[controller_server-32] [WARN] [controller_server]: Optimizer fail to compute path
[controller_server-32] [INFO] [controller_server]: Optimizer reset
[controller_server-32] [INFO] [controller_server]: Optimizer reset
[controller_server-32] [WARN] [controller_server]: Optimizer fail to compute path
[controller_server-32] [INFO] [controller_server]: Optimizer reset
[controller_server-32] [INFO] [controller_server]: Optimizer reset
[controller_server-32] [WARN] [controller_server]: Optimizer fail to compute path
[controller_server-32] [INFO] [controller_server]: Optimizer reset
[controller_server-32] [INFO] [controller_server]: Optimizer reset
[controller_server-32] [WARN] [controller_server]: Optimizer fail to compute path
[controller_server-32] [INFO] [controller_server]: Optimizer reset
[controller_server-32] [INFO] [controller_server]: Optimizer reset
[controller_server-32] [WARN] [controller_server]: Optimizer fail to compute path
[controller_server-32] [INFO] [controller_server]: Optimizer reset
[controller_server-32] [INFO] [controller_server]: Optimizer reset
[controller_server-32] [WARN] [controller_server]: Optimizer fail to compute path
[controller_server-32] [INFO] [controller_server]: Optimizer reset
[controller_server-32] [INFO] [controller_server]: Optimizer reset
[controller_server-32] [WARN] [controller_server]: Optimizer fail to compute path
[controller_server-32] [WARN] [controller_server]: Control loop missed its desired rate of 20.0000 Hz. Current loop rate is 250.0000 Hz.
[controller_server-32] [INFO] [controller_server]: Optimizer reset
[controller_server-32] [INFO] [controller_server]: Optimizer reset
[controller_server-32] [WARN] [controller_server]: Optimizer fail to compute path
[controller_server-32] [INFO] [controller_server]: Optimizer reset
[controller_server-32] [INFO] [controller_server]: Optimizer reset
[controller_server-32] [WARN] [controller_server]: Optimizer fail to compute path
[controller_server-32] [INFO] [controller_server]: Optimizer reset
[controller_server-32] [INFO] [controller_server]: Optimizer reset
[controller_server-32] [WARN] [controller_server]: Optimizer fail to compute path
[controller_server-32] [INFO] [controller_server]: Optimizer reset
[controller_server-32] [INFO] [controller_server]: Optimizer reset
[controller_server-32] [WARN] [controller_server]: Optimizer fail to compute path
[controller_server-32] [INFO] [controller_server]: Optimizer reset
[barn_runner.py-31] [0m[INFO] [BARN_Runner]: Time: 70.77 (s), x: -2.01 (m), y: 9.09 (m)[0m
[controller_server-32] [INFO] [controller_server]: Optimizer reset
[controller_server-32] [WARN] [controller_server]: Optimizer fail to compute path
[controller_server-32] [INFO] [controller_server]: Optimizer reset
[controller_server-32] [INFO] [controller_server]: Optimizer reset
[controller_server-32] [WARN] [controller_server]: Optimizer fail to compute path
[controller_server-32] [INFO] [controller_server]: Optimizer reset
[controller_server-32] [INFO] [controller_server]: Optimizer reset
[controller_server-32] [WARN] [controller_server]: Optimizer fail to compute path
[controller_server-32] [INFO] [controller_server]: Optimizer reset
[controller_server-32] [INFO] [controller_server]: Optimizer reset
[controller_server-32] [WARN] [controller_server]: Optimizer fail to compute path
[controller_server-32] [INFO] [controller_server]: Passing new path to controller.
[controller_server-32] [INFO] [controller_server]: Optimizer reset
[controller_server-32] [INFO] [controller_server]: Optimizer reset
[controller_server-32] [WARN] [controller_server]: Optimizer fail to compute path
[controller_server-32] [INFO] [controller_server]: Optimizer reset
[controller_server-32] [INFO] [controller_server]: Optimizer reset
[controller_server-32] [WARN] [controller_server]: Optimizer fail to compute path
[controller_server-32] [INFO] [controller_server]: Optimizer reset
[controller_server-32] [INFO] [controller_server]: Optimizer reset
[controller_server-32] [WARN] [controller_server]: Optimizer fail to compute path
[controller_server-32] [INFO] [controller_server]: Optimizer reset
[controller_server-32] [INFO] [controller_server]: Optimizer reset
[controller_server-32] [WARN] [controller_server]: Optimizer fail to compute path
[controller_server-32] [INFO] [controller_server]: Optimizer reset
[controller_server-32] [INFO] [controller_server]: Optimizer reset
[controller_server-32] [WARN] [controller_server]: Optimizer fail to compute path
[controller_server-32] [INFO] [controller_server]: Optimizer reset
[controller_server-32] [INFO] [controller_server]: Optimizer reset
[controller_server-32] [WARN] [controller_server]: Optimizer fail to compute path
[controller_server-32] [INFO] [controller_server]: Optimizer reset
[controller_server-32] [INFO] [controller_server]: Optimizer reset
[controller_server-32] [WARN] [controller_server]: Optimizer fail to compute path
[controller_server-32] [INFO] [controller_server]: Optimizer reset
[controller_server-32] [INFO] [controller_server]: Optimizer reset
[controller_server-32] [WARN] [controller_server]: Optimizer fail to compute path
[controller_server-32] [INFO] [controller_server]: Optimizer reset
[controller_server-32] [INFO] [controller_server]: Optimizer reset
[controller_server-32] [WARN] [controller_server]: Optimizer fail to compute path
[controller_server-32] [INFO] [controller_server]: Optimizer reset
[controller_server-32] [INFO] [controller_server]: Optimizer reset
[controller_server-32] [WARN] [controller_server]: Optimizer fail to compute path
[controller_server-32] [INFO] [controller_server]: Optimizer reset
[controller_server-32] [INFO] [controller_server]: Optimizer reset
[controller_server-32] [WARN] [controller_server]: Optimizer fail to compute path
[controller_server-32] [INFO] [controller_server]: Optimizer reset
[controller_server-32] [INFO] [controller_server]: Optimizer reset
[controller_server-32] [WARN] [controller_server]: Optimizer fail to compute path
[controller_server-32] [INFO] [controller_server]: Optimizer reset
[controller_server-32] [INFO] [controller_server]: Optimizer reset
[controller_server-32] [WARN] [controller_server]: Optimizer fail to compute path
[controller_server-32] [INFO] [controller_server]: Optimizer reset
[controller_server-32] [INFO] [controller_server]: Optimizer reset
[controller_server-32] [WARN] [controller_server]: Optimizer fail to compute path
[controller_server-32] [INFO] [controller_server]: Optimizer reset
[controller_server-32] [INFO] [controller_server]: Optimizer reset
[controller_server-32] [WARN] [controller_server]: Optimizer fail to compute path
[controller_server-32] [INFO] [controller_server]: Optimizer reset
[controller_server-32] [INFO] [controller_server]: Optimizer reset
[controller_server-32] [WARN] [controller_server]: Optimizer fail to compute path
[controller_server-32] [INFO] [controller_server]: Optimizer reset
[controller_server-32] [INFO] [controller_server]: Optimizer reset
[controller_server-32] [WARN] [controller_server]: Optimizer fail to compute path
[barn_runner.py-31] [0m[INFO] [BARN_Runner]: Time: 71.79 (s), x: -2.01 (m), y: 9.09 (m)[0m
[controller_server-32] [INFO] [controller_server]: Optimizer reset
[controller_server-32] [INFO] [controller_server]: Optimizer reset
[controller_server-32] [WARN] [controller_server]: Optimizer fail to compute path
[controller_server-32] [INFO] [controller_server]: Optimizer reset
[controller_server-32] [INFO] [controller_server]: Optimizer reset
[controller_server-32] [WARN] [controller_server]: Optimizer fail to compute path
[controller_server-32] [INFO] [controller_server]: Optimizer reset
[controller_server-32] [INFO] [controller_server]: Optimizer reset
[controller_server-32] [WARN] [controller_server]: Optimizer fail to compute path
[controller_server-32] [INFO] [controller_server]: Passing new path to controller.
[controller_server-32] [INFO] [controller_server]: Optimizer reset
[controller_server-32] [INFO] [controller_server]: Optimizer reset
[controller_server-32] [WARN] [controller_server]: Optimizer fail to compute path
[controller_server-32] [INFO] [controller_server]: Optimizer reset
[controller_server-32] [INFO] [controller_server]: Optimizer reset
[controller_server-32] [WARN] [controller_server]: Optimizer fail to compute path
[controller_server-32] [INFO] [controller_server]: Optimizer reset
[controller_server-32] [INFO] [controller_server]: Optimizer reset
[controller_server-32] [WARN] [controller_server]: Optimizer fail to compute path
[controller_server-32] [INFO] [controller_server]: Optimizer reset
[controller_server-32] [INFO] [controller_server]: Optimizer reset
[controller_server-32] [WARN] [controller_server]: Optimizer fail to compute path
[controller_server-32] [INFO] [controller_server]: Optimizer reset
[controller_server-32] [INFO] [controller_server]: Optimizer reset
[controller_server-32] [WARN] [controller_server]: Optimizer fail to compute path
[controller_server-32] [INFO] [controller_server]: Optimizer reset
[controller_server-32] [INFO] [controller_server]: Optimizer reset
[controller_server-32] [WARN] [controller_server]: Optimizer fail to compute path
[controller_server-32] [INFO] [controller_server]: Optimizer reset
[controller_server-32] [INFO] [controller_server]: Optimizer reset
[controller_server-32] [WARN] [controller_server]: Optimizer fail to compute path
[controller_server-32] [INFO] [controller_server]: Optimizer reset
[controller_server-32] [INFO] [controller_server]: Optimizer reset
[controller_server-32] [WARN] [controller_server]: Optimizer fail to compute path
[controller_server-32] [INFO] [controller_server]: Optimizer reset
[controller_server-32] [INFO] [controller_server]: Optimizer reset
[controller_server-32] [WARN] [controller_server]: Optimizer fail to compute path
[controller_server-32] [INFO] [controller_server]: Optimizer reset
[controller_server-32] [INFO] [controller_server]: Optimizer reset
[controller_server-32] [WARN] [controller_server]: Optimizer fail to compute path
[controller_server-32] [INFO] [controller_server]: Optimizer reset
[controller_server-32] [INFO] [controller_server]: Optimizer reset
[controller_server-32] [WARN] [controller_server]: Optimizer fail to compute path
[controller_server-32] [INFO] [controller_server]: Optimizer reset
[controller_server-32] [INFO] [controller_server]: Optimizer reset
[controller_server-32] [WARN] [controller_server]: Optimizer fail to compute path
[controller_server-32] [INFO] [controller_server]: Optimizer reset
[controller_server-32] [INFO] [controller_server]: Optimizer reset
[controller_server-32] [WARN] [controller_server]: Optimizer fail to compute path
[controller_server-32] [INFO] [controller_server]: Optimizer reset
[controller_server-32] [INFO] [controller_server]: Optimizer reset
[controller_server-32] [WARN] [controller_server]: Optimizer fail to compute path
[controller_server-32] [INFO] [controller_server]: Optimizer reset
[controller_server-32] [INFO] [controller_server]: Optimizer reset
[controller_server-32] [WARN] [controller_server]: Optimizer fail to compute path
[controller_server-32] [INFO] [controller_server]: Optimizer reset
[controller_server-32] [INFO] [controller_server]: Optimizer reset
[controller_server-32] [WARN] [controller_server]: Optimizer fail to compute path
[controller_server-32] [INFO] [controller_server]: Optimizer reset
[controller_server-32] [INFO] [controller_server]: Optimizer reset
[controller_server-32] [WARN] [controller_server]: Optimizer fail to compute path
[controller_server-32] [INFO] [controller_server]: Optimizer reset
[barn_runner.py-31] [0m[INFO] [BARN_Runner]: Time: 72.81 (s), x: -2.01 (m), y: 9.09 (m)[0m
[controller_server-32] [INFO] [controller_server]: Optimizer reset
[controller_server-32] [WARN] [controller_server]: Optimizer fail to compute path
[controller_server-32] [INFO] [controller_server]: Optimizer reset
[controller_server-32] [INFO] [controller_server]: Optimizer reset
[controller_server-32] [WARN] [controller_server]: Optimizer fail to compute path
[controller_server-32] [INFO] [controller_server]: Optimizer reset
[controller_server-32] [INFO] [controller_server]: Optimizer reset
[controller_server-32] [WARN] [controller_server]: Optimizer fail to compute path
[controller_server-32] [INFO] [controller_server]: Optimizer reset
[controller_server-32] [INFO] [controller_server]: Optimizer reset
[controller_server-32] [WARN] [controller_server]: Optimizer fail to compute path
[controller_server-32] [ERROR] [controller_server]: Controller patience exceeded
[controller_server-32] [INFO] [controller_server]: Optimizer reset
[controller_server-32] [WARN] [controller_server]: [follow_path] [ActionServer] Aborting handle.
[controller_server-32] [INFO] [controller_server]: Received a goal, begin computing control effort.
[controller_server-32] [INFO] [controller_server]: Optimizer reset
[controller_server-32] [INFO] [controller_server]: Optimizer reset
[controller_server-32] [WARN] [controller_server]: Optimizer fail to compute path
[controller_server-32] [INFO] [controller_server]: Optimizer reset
[controller_server-32] [INFO] [controller_server]: Optimizer reset
[controller_server-32] [WARN] [controller_server]: Optimizer fail to compute path
[controller_server-32] [INFO] [controller_server]: Optimizer reset
[controller_server-32] [INFO] [controller_server]: Optimizer reset
[controller_server-32] [WARN] [controller_server]: Optimizer fail to compute path
[controller_server-32] [INFO] [controller_server]: Optimizer reset
[controller_server-32] [INFO] [controller_server]: Optimizer reset
[controller_server-32] [WARN] [controller_server]: Optimizer fail to compute path
[controller_server-32] [INFO] [controller_server]: Optimizer reset
[controller_server-32] [INFO] [controller_server]: Optimizer reset
[controller_server-32] [WARN] [controller_server]: Optimizer fail to compute path
[controller_server-32] [INFO] [controller_server]: Optimizer reset
[controller_server-32] [INFO] [controller_server]: Optimizer reset
[controller_server-32] [WARN] [controller_server]: Optimizer fail to compute path
[controller_server-32] [INFO] [controller_server]: Optimizer reset
[controller_server-32] [INFO] [controller_server]: Optimizer reset
[controller_server-32] [WARN] [controller_server]: Optimizer fail to compute path
[controller_server-32] [INFO] [controller_server]: Optimizer reset
[controller_server-32] [INFO] [controller_server]: Optimizer reset
[controller_server-32] [WARN] [controller_server]: Optimizer fail to compute path
[controller_server-32] [INFO] [controller_server]: Optimizer reset
[controller_server-32] [INFO] [controller_server]: Optimizer reset
[controller_server-32] [WARN] [controller_server]: Optimizer fail to compute path
[controller_server-32] [INFO] [controller_server]: Optimizer reset
[controller_server-32] [INFO] [controller_server]: Optimizer reset
[controller_server-32] [WARN] [controller_server]: Optimizer fail to compute path
[controller_server-32] [INFO] [controller_server]: Optimizer reset
[controller_server-32] [INFO] [controller_server]: Optimizer reset
[controller_server-32] [WARN] [controller_server]: Optimizer fail to compute path
[controller_server-32] [INFO] [controller_server]: Optimizer reset
[controller_server-32] [INFO] [controller_server]: Optimizer reset
[controller_server-32] [WARN] [controller_server]: Optimizer fail to compute path
[controller_server-32] [INFO] [controller_server]: Optimizer reset
[controller_server-32] [INFO] [controller_server]: Optimizer reset
[controller_server-32] [WARN] [controller_server]: Optimizer fail to compute path
[controller_server-32] [INFO] [controller_server]: Optimizer reset
[controller_server-32] [INFO] [controller_server]: Optimizer reset
[controller_server-32] [WARN] [controller_server]: Optimizer fail to compute path
[controller_server-32] [INFO] [controller_server]: Optimizer reset
[controller_server-32] [INFO] [controller_server]: Optimizer reset
[controller_server-32] [WARN] [controller_server]: Optimizer fail to compute path
[controller_server-32] [INFO] [controller_server]: Optimizer reset
[controller_server-32] [INFO] [controller_server]: Optimizer reset
[controller_server-32] [WARN] [controller_server]: Optimizer fail to compute path
[controller_server-32] [INFO] [controller_server]: Optimizer reset
[controller_server-32] [INFO] [controller_server]: Optimizer reset
[controller_server-32] [WARN] [controller_server]: Optimizer fail to compute path
[barn_runner.py-31] [0m[INFO] [BARN_Runner]: Time: 73.82 (s), x: -2.01 (m), y: 9.09 (m)[0m
[controller_server-32] [INFO] [controller_server]: Optimizer reset
[controller_server-32] [INFO] [controller_server]: Optimizer reset
[controller_server-32] [WARN] [controller_server]: Optimizer fail to compute path
[controller_server-32] [INFO] [controller_server]: Optimizer reset
[controller_server-32] [INFO] [controller_server]: Optimizer reset
[controller_server-32] [WARN] [controller_server]: Optimizer fail to compute path
[controller_server-32] [INFO] [controller_server]: Optimizer reset
[controller_server-32] [INFO] [controller_server]: Optimizer reset
[controller_server-32] [WARN] [controller_server]: Optimizer fail to compute path
[controller_server-32] [INFO] [controller_server]: Passing new path to controller.
[controller_server-32] [INFO] [controller_server]: Optimizer reset
[controller_server-32] [INFO] [controller_server]: Optimizer reset
[controller_server-32] [WARN] [controller_server]: Optimizer fail to compute path
[controller_server-32] [INFO] [controller_server]: Optimizer reset
[controller_server-32] [INFO] [controller_server]: Optimizer reset
[controller_server-32] [WARN] [controller_server]: Optimizer fail to compute path
[controller_server-32] [INFO] [controller_server]: Optimizer reset
[controller_server-32] [INFO] [controller_server]: Optimizer reset
[controller_server-32] [WARN] [controller_server]: Optimizer fail to compute path
[controller_server-32] [INFO] [controller_server]: Optimizer reset
[controller_server-32] [INFO] [controller_server]: Optimizer reset
[controller_server-32] [WARN] [controller_server]: Optimizer fail to compute path
[controller_server-32] [INFO] [controller_server]: Optimizer reset
[controller_server-32] [INFO] [controller_server]: Optimizer reset
[controller_server-32] [WARN] [controller_server]: Optimizer fail to compute path
[controller_server-32] [INFO] [controller_server]: Optimizer reset
[controller_server-32] [INFO] [controller_server]: Optimizer reset
[controller_server-32] [WARN] [controller_server]: Optimizer fail to compute path
[controller_server-32] [INFO] [controller_server]: Optimizer reset
[controller_server-32] [INFO] [controller_server]: Optimizer reset
[controller_server-32] [WARN] [controller_server]: Optimizer fail to compute path
[controller_server-32] [INFO] [controller_server]: Optimizer reset
[controller_server-32] [INFO] [controller_server]: Optimizer reset
[controller_server-32] [WARN] [controller_server]: Optimizer fail to compute path
[controller_server-32] [INFO] [controller_server]: Optimizer reset
[controller_server-32] [INFO] [controller_server]: Optimizer reset
[controller_server-32] [WARN] [controller_server]: Optimizer fail to compute path
[controller_server-32] [INFO] [controller_server]: Optimizer reset
[controller_server-32] [INFO] [controller_server]: Optimizer reset
[controller_server-32] [WARN] [controller_server]: Optimizer fail to compute path
[controller_server-32] [INFO] [controller_server]: Optimizer reset
[controller_server-32] [INFO] [controller_server]: Optimizer reset
[controller_server-32] [WARN] [controller_server]: Optimizer fail to compute path
[controller_server-32] [INFO] [controller_server]: Optimizer reset
[controller_server-32] [INFO] [controller_server]: Optimizer reset
[controller_server-32] [WARN] [controller_server]: Optimizer fail to compute path
[controller_server-32] [INFO] [controller_server]: Optimizer reset
[controller_server-32] [INFO] [controller_server]: Optimizer reset
[controller_server-32] [WARN] [controller_server]: Optimizer fail to compute path
[controller_server-32] [INFO] [controller_server]: Optimizer reset
[controller_server-32] [INFO] [controller_server]: Optimizer reset
[controller_server-32] [WARN] [controller_server]: Optimizer fail to compute path
[controller_server-32] [INFO] [controller_server]: Optimizer reset
[controller_server-32] [INFO] [controller_server]: Optimizer reset
[controller_server-32] [WARN] [controller_server]: Optimizer fail to compute path
[controller_server-32] [INFO] [controller_server]: Optimizer reset
[controller_server-32] [INFO] [controller_server]: Optimizer reset
[controller_server-32] [WARN] [controller_server]: Optimizer fail to compute path
[controller_server-32] [INFO] [controller_server]: Optimizer reset
[controller_server-32] [INFO] [controller_server]: Optimizer reset
[controller_server-32] [WARN] [controller_server]: Optimizer fail to compute path
[controller_server-32] [INFO] [controller_server]: Optimizer reset
[barn_runner.py-31] [0m[INFO] [BARN_Runner]: Time: 74.84 (s), x: -2.01 (m), y: 9.09 (m)[0m
[controller_server-32] [INFO] [controller_server]: Optimizer reset
[controller_server-32] [WARN] [controller_server]: Optimizer fail to compute path
[controller_server-32] [INFO] [controller_server]: Optimizer reset
[controller_server-32] [INFO] [controller_server]: Optimizer reset
[controller_server-32] [WARN] [controller_server]: Optimizer fail to compute path
[controller_server-32] [INFO] [controller_server]: Optimizer reset
[controller_server-32] [INFO] [controller_server]: Optimizer reset
[controller_server-32] [WARN] [controller_server]: Optimizer fail to compute path
[controller_server-32] [INFO] [controller_server]: Optimizer reset
[controller_server-32] [INFO] [controller_server]: Optimizer reset
[controller_server-32] [WARN] [controller_server]: Optimizer fail to compute path
[controller_server-32] [INFO] [controller_server]: Passing new path to controller.
[controller_server-32] [INFO] [controller_server]: Optimizer reset
[controller_server-32] [INFO] [controller_server]: Optimizer reset
[controller_server-32] [WARN] [controller_server]: Optimizer fail to compute path
[controller_server-32] [INFO] [controller_server]: Optimizer reset
[controller_server-32] [INFO] [controller_server]: Optimizer reset
[controller_server-32] [WARN] [controller_server]: Optimizer fail to compute path
[controller_server-32] [INFO] [controller_server]: Optimizer reset
[controller_server-32] [INFO] [controller_server]: Optimizer reset
[controller_server-32] [WARN] [controller_server]: Optimizer fail to compute path
[controller_server-32] [INFO] [controller_server]: Optimizer reset
[controller_server-32] [INFO] [controller_server]: Optimizer reset
[controller_server-32] [WARN] [controller_server]: Optimizer fail to compute path
[controller_server-32] [INFO] [controller_server]: Optimizer reset
[controller_server-32] [INFO] [controller_server]: Optimizer reset
[controller_server-32] [WARN] [controller_server]: Optimizer fail to compute path
[controller_server-32] [INFO] [controller_server]: Optimizer reset
[controller_server-32] [INFO] [controller_server]: Optimizer reset
[controller_server-32] [WARN] [controller_server]: Optimizer fail to compute path
[controller_server-32] [INFO] [controller_server]: Optimizer reset
[controller_server-32] [INFO] [controller_server]: Optimizer reset
[controller_server-32] [WARN] [controller_server]: Optimizer fail to compute path
[controller_server-32] [INFO] [controller_server]: Optimizer reset
[controller_server-32] [INFO] [controller_server]: Optimizer reset
[controller_server-32] [WARN] [controller_server]: Optimizer fail to compute path
[controller_server-32] [INFO] [controller_server]: Optimizer reset
[controller_server-32] [INFO] [controller_server]: Optimizer reset
[controller_server-32] [WARN] [controller_server]: Optimizer fail to compute path
[controller_server-32] [INFO] [controller_server]: Optimizer reset
[controller_server-32] [INFO] [controller_server]: Optimizer reset
[controller_server-32] [WARN] [controller_server]: Optimizer fail to compute path
[controller_server-32] [INFO] [controller_server]: Optimizer reset
[controller_server-32] [INFO] [controller_server]: Optimizer reset
[controller_server-32] [WARN] [controller_server]: Optimizer fail to compute path
[controller_server-32] [INFO] [controller_server]: Optimizer reset
[controller_server-32] [INFO] [controller_server]: Optimizer reset
[controller_server-32] [WARN] [controller_server]: Optimizer fail to compute path
[controller_server-32] [INFO] [controller_server]: Optimizer reset
[controller_server-32] [INFO] [controller_server]: Optimizer reset
[controller_server-32] [WARN] [controller_server]: Optimizer fail to compute path
[controller_server-32] [INFO] [controller_server]: Optimizer reset
[controller_server-32] [INFO] [controller_server]: Optimizer reset
[controller_server-32] [WARN] [controller_server]: Optimizer fail to compute path
[controller_server-32] [INFO] [controller_server]: Optimizer reset
[controller_server-32] [INFO] [controller_server]: Optimizer reset
[controller_server-32] [WARN] [controller_server]: Optimizer fail to compute path
[controller_server-32] [INFO] [controller_server]: Optimizer reset
[controller_server-32] [INFO] [controller_server]: Optimizer reset
[controller_server-32] [WARN] [controller_server]: Optimizer fail to compute path
[controller_server-32] [INFO] [controller_server]: Optimizer reset
[barn_runner.py-31] [0m[INFO] [BARN_Runner]: Time: 75.84 (s), x: -2.01 (m), y: 9.09 (m)[0m
[controller_server-32] [INFO] [controller_server]: Optimizer reset
[controller_server-32] [WARN] [controller_server]: Optimizer fail to compute path
[controller_server-32] [INFO] [controller_server]: Optimizer reset
[controller_server-32] [INFO] [controller_server]: Optimizer reset
[controller_server-32] [WARN] [controller_server]: Optimizer fail to compute path
[controller_server-32] [INFO] [controller_server]: Optimizer reset
[controller_server-32] [INFO] [controller_server]: Optimizer reset
[controller_server-32] [WARN] [controller_server]: Optimizer fail to compute path
[controller_server-32] [INFO] [controller_server]: Optimizer reset
[controller_server-32] [INFO] [controller_server]: Optimizer reset
[controller_server-32] [WARN] [controller_server]: Optimizer fail to compute path
[controller_server-32] [INFO] [controller_server]: Passing new path to controller.
[controller_server-32] [INFO] [controller_server]: Optimizer reset
[controller_server-32] [INFO] [controller_server]: Optimizer reset
[controller_server-32] [WARN] [controller_server]: Optimizer fail to compute path
[controller_server-32] [INFO] [controller_server]: Optimizer reset
[controller_server-32] [INFO] [controller_server]: Optimizer reset
[controller_server-32] [WARN] [controller_server]: Optimizer fail to compute path
[controller_server-32] [INFO] [controller_server]: Optimizer reset
[controller_server-32] [INFO] [controller_server]: Optimizer reset
[controller_server-32] [WARN] [controller_server]: Optimizer fail to compute path
[controller_server-32] [ERROR] [controller_server]: Controller patience exceeded
[controller_server-32] [INFO] [controller_server]: Optimizer reset
[controller_server-32] [WARN] [controller_server]: [follow_path] [ActionServer] Aborting handle.
[controller_server-32] [INFO] [local_costmap.local_costmap]: Received request to clear entirely the local_costmap
[controller_server-32] [INFO] [controller_server]: Received a goal, begin computing control effort.
[controller_server-32] [INFO] [controller_server]: Optimizer reset
[controller_server-32] [INFO] [controller_server]: Optimizer reset
[controller_server-32] [WARN] [controller_server]: Optimizer fail to compute path
[controller_server-32] [WARN] [controller_server]: Control loop missed its desired rate of 20.0000 Hz. Current loop rate is 66.6667 Hz.
[controller_server-32] [INFO] [controller_server]: Optimizer reset
[controller_server-32] [INFO] [controller_server]: Optimizer reset
[controller_server-32] [WARN] [controller_server]: Optimizer fail to compute path
[controller_server-32] [INFO] [controller_server]: Optimizer reset
[controller_server-32] [INFO] [controller_server]: Optimizer reset
[controller_server-32] [WARN] [controller_server]: Optimizer fail to compute path
[controller_server-32] [INFO] [controller_server]: Optimizer reset
[controller_server-32] [INFO] [controller_server]: Optimizer reset
[controller_server-32] [WARN] [controller_server]: Optimizer fail to compute path
[controller_server-32] [INFO] [controller_server]: Optimizer reset
[controller_server-32] [INFO] [controller_server]: Optimizer reset
[controller_server-32] [WARN] [controller_server]: Optimizer fail to compute path
[controller_server-32] [INFO] [controller_server]: Optimizer reset
[controller_server-32] [INFO] [controller_server]: Optimizer reset
[controller_server-32] [WARN] [controller_server]: Optimizer fail to compute path
[controller_server-32] [INFO] [controller_server]: Optimizer reset
[controller_server-32] [INFO] [controller_server]: Optimizer reset
[controller_server-32] [WARN] [controller_server]: Optimizer fail to compute path
[controller_server-32] [INFO] [controller_server]: Optimizer reset
[controller_server-32] [INFO] [controller_server]: Optimizer reset
[controller_server-32] [WARN] [controller_server]: Optimizer fail to compute path
[controller_server-32] [INFO] [controller_server]: Optimizer reset
[controller_server-32] [INFO] [controller_server]: Optimizer reset
[controller_server-32] [WARN] [controller_server]: Optimizer fail to compute path
[controller_server-32] [INFO] [controller_server]: Optimizer reset
[controller_server-32] [INFO] [controller_server]: Optimizer reset
[controller_server-32] [WARN] [controller_server]: Optimizer fail to compute path
[controller_server-32] [INFO] [controller_server]: Optimizer reset
[controller_server-32] [INFO] [controller_server]: Optimizer reset
[controller_server-32] [WARN] [controller_server]: Optimizer fail to compute path
[controller_server-32] [INFO] [controller_server]: Optimizer reset
[controller_server-32] [INFO] [controller_server]: Optimizer reset
[controller_server-32] [WARN] [controller_server]: Optimizer fail to compute path
[barn_runner.py-31] [0m[INFO] [BARN_Runner]: Time: 76.84 (s), x: -2.01 (m), y: 9.09 (m)[0m
[controller_server-32] [INFO] [controller_server]: Optimizer reset
[controller_server-32] [INFO] [controller_server]: Optimizer reset
[controller_server-32] [WARN] [controller_server]: Optimizer fail to compute path
[controller_server-32] [INFO] [controller_server]: Optimizer reset
[controller_server-32] [INFO] [controller_server]: Optimizer reset
[controller_server-32] [WARN] [controller_server]: Optimizer fail to compute path
[controller_server-32] [INFO] [controller_server]: Optimizer reset
[controller_server-32] [INFO] [controller_server]: Optimizer reset
[controller_server-32] [WARN] [controller_server]: Optimizer fail to compute path
[controller_server-32] [INFO] [controller_server]: Optimizer reset
[controller_server-32] [INFO] [controller_server]: Optimizer reset
[controller_server-32] [WARN] [controller_server]: Optimizer fail to compute path
[controller_server-32] [INFO] [controller_server]: Passing new path to controller.
[controller_server-32] [INFO] [controller_server]: Optimizer reset
[controller_server-32] [INFO] [controller_server]: Optimizer reset
[controller_server-32] [WARN] [controller_server]: Optimizer fail to compute path
[controller_server-32] [INFO] [controller_server]: Optimizer reset
[controller_server-32] [INFO] [controller_server]: Optimizer reset
[controller_server-32] [WARN] [controller_server]: Optimizer fail to compute path
[controller_server-32] [INFO] [controller_server]: Optimizer reset
[controller_server-32] [INFO] [controller_server]: Optimizer reset
[controller_server-32] [WARN] [controller_server]: Optimizer fail to compute path
[controller_server-32] [INFO] [controller_server]: Optimizer reset
[controller_server-32] [INFO] [controller_server]: Optimizer reset
[controller_server-32] [WARN] [controller_server]: Optimizer fail to compute path
[controller_server-32] [INFO] [controller_server]: Optimizer reset
[controller_server-32] [INFO] [controller_server]: Optimizer reset
[controller_server-32] [WARN] [controller_server]: Optimizer fail to compute path
[controller_server-32] [INFO] [controller_server]: Optimizer reset
[controller_server-32] [INFO] [controller_server]: Optimizer reset
[controller_server-32] [WARN] [controller_server]: Optimizer fail to compute path
[controller_server-32] [INFO] [controller_server]: Optimizer reset
[controller_server-32] [INFO] [controller_server]: Optimizer reset
[controller_server-32] [WARN] [controller_server]: Optimizer fail to compute path
[controller_server-32] [INFO] [controller_server]: Optimizer reset
[controller_server-32] [INFO] [controller_server]: Optimizer reset
[controller_server-32] [WARN] [controller_server]: Optimizer fail to compute path
[controller_server-32] [INFO] [controller_server]: Optimizer reset
[controller_server-32] [INFO] [controller_server]: Optimizer reset
[controller_server-32] [WARN] [controller_server]: Optimizer fail to compute path
[controller_server-32] [INFO] [controller_server]: Optimizer reset
[controller_server-32] [INFO] [controller_server]: Optimizer reset
[controller_server-32] [WARN] [controller_server]: Optimizer fail to compute path
[controller_server-32] [INFO] [controller_server]: Optimizer reset
[controller_server-32] [INFO] [controller_server]: Optimizer reset
[controller_server-32] [WARN] [controller_server]: Optimizer fail to compute path
[controller_server-32] [INFO] [controller_server]: Optimizer reset
[controller_server-32] [INFO] [controller_server]: Optimizer reset
[controller_server-32] [WARN] [controller_server]: Optimizer fail to compute path
[controller_server-32] [INFO] [controller_server]: Optimizer reset
[controller_server-32] [INFO] [controller_server]: Optimizer reset
[controller_server-32] [WARN] [controller_server]: Optimizer fail to compute path
[controller_server-32] [INFO] [controller_server]: Optimizer reset
[controller_server-32] [INFO] [controller_server]: Optimizer reset
[controller_server-32] [WARN] [controller_server]: Optimizer fail to compute path
[controller_server-32] [INFO] [controller_server]: Optimizer reset
[controller_server-32] [INFO] [controller_server]: Optimizer reset
[controller_server-32] [WARN] [controller_server]: Optimizer fail to compute path
[controller_server-32] [INFO] [controller_server]: Optimizer reset
[controller_server-32] [INFO] [controller_server]: Optimizer reset
[controller_server-32] [WARN] [controller_server]: Optimizer fail to compute path
[barn_runner.py-31] [0m[INFO] [BARN_Runner]: Time: 77.85 (s), x: -2.01 (m), y: 9.09 (m)[0m
[controller_server-32] [INFO] [controller_server]: Optimizer reset
[controller_server-32] [INFO] [controller_server]: Optimizer reset
[controller_server-32] [WARN] [controller_server]: Optimizer fail to compute path
[controller_server-32] [INFO] [controller_server]: Optimizer reset
[controller_server-32] [INFO] [controller_server]: Optimizer reset
[controller_server-32] [WARN] [controller_server]: Optimizer fail to compute path
[controller_server-32] [INFO] [controller_server]: Optimizer reset
[controller_server-32] [INFO] [controller_server]: Optimizer reset
[controller_server-32] [WARN] [controller_server]: Optimizer fail to compute path
[controller_server-32] [INFO] [controller_server]: Optimizer reset
[controller_server-32] [INFO] [controller_server]: Optimizer reset
[controller_server-32] [WARN] [controller_server]: Optimizer fail to compute path
[controller_server-32] [INFO] [controller_server]: Passing new path to controller.
[controller_server-32] [INFO] [controller_server]: Optimizer reset
[controller_server-32] [INFO] [controller_server]: Optimizer reset
[controller_server-32] [WARN] [controller_server]: Optimizer fail to compute path
[controller_server-32] [INFO] [controller_server]: Optimizer reset
[controller_server-32] [INFO] [controller_server]: Optimizer reset
[controller_server-32] [WARN] [controller_server]: Optimizer fail to compute path
[controller_server-32] [INFO] [controller_server]: Optimizer reset
[controller_server-32] [INFO] [controller_server]: Optimizer reset
[controller_server-32] [WARN] [controller_server]: Optimizer fail to compute path
[controller_server-32] [INFO] [controller_server]: Optimizer reset
[controller_server-32] [INFO] [controller_server]: Optimizer reset
[controller_server-32] [WARN] [controller_server]: Optimizer fail to compute path
[controller_server-32] [INFO] [controller_server]: Optimizer reset
[controller_server-32] [INFO] [controller_server]: Optimizer reset
[controller_server-32] [WARN] [controller_server]: Optimizer fail to compute path
[controller_server-32] [INFO] [controller_server]: Optimizer reset
[controller_server-32] [INFO] [controller_server]: Optimizer reset
[controller_server-32] [WARN] [controller_server]: Optimizer fail to compute path
[controller_server-32] [INFO] [controller_server]: Optimizer reset
[controller_server-32] [INFO] [controller_server]: Optimizer reset
[controller_server-32] [WARN] [controller_server]: Optimizer fail to compute path
[controller_server-32] [INFO] [controller_server]: Optimizer reset
[controller_server-32] [INFO] [controller_server]: Optimizer reset
[controller_server-32] [WARN] [controller_server]: Optimizer fail to compute path
[controller_server-32] [INFO] [controller_server]: Optimizer reset
[controller_server-32] [INFO] [controller_server]: Optimizer reset
[controller_server-32] [WARN] [controller_server]: Optimizer fail to compute path
[controller_server-32] [INFO] [controller_server]: Optimizer reset
[controller_server-32] [INFO] [controller_server]: Optimizer reset
[controller_server-32] [WARN] [controller_server]: Optimizer fail to compute path
[controller_server-32] [INFO] [controller_server]: Optimizer reset
[controller_server-32] [INFO] [controller_server]: Optimizer reset
[controller_server-32] [WARN] [controller_server]: Optimizer fail to compute path
[controller_server-32] [INFO] [controller_server]: Optimizer reset
[controller_server-32] [INFO] [controller_server]: Optimizer reset
[controller_server-32] [WARN] [controller_server]: Optimizer fail to compute path
[controller_server-32] [INFO] [controller_server]: Optimizer reset
[controller_server-32] [INFO] [controller_server]: Optimizer reset
[controller_server-32] [WARN] [controller_server]: Optimizer fail to compute path
[controller_server-32] [INFO] [controller_server]: Optimizer reset
[controller_server-32] [INFO] [controller_server]: Optimizer reset
[controller_server-32] [WARN] [controller_server]: Optimizer fail to compute path
[controller_server-32] [INFO] [controller_server]: Optimizer reset
[controller_server-32] [INFO] [controller_server]: Optimizer reset
[controller_server-32] [WARN] [controller_server]: Optimizer fail to compute path
[controller_server-32] [INFO] [controller_server]: Optimizer reset
[controller_server-32] [INFO] [controller_server]: Optimizer reset
[controller_server-32] [WARN] [controller_server]: Optimizer fail to compute path
[barn_runner.py-31] [0m[INFO] [BARN_Runner]: Time: 78.86 (s), x: -2.01 (m), y: 9.09 (m)[0m
[controller_server-32] [INFO] [controller_server]: Optimizer reset
[controller_server-32] [INFO] [controller_server]: Optimizer reset
[controller_server-32] [WARN] [controller_server]: Optimizer fail to compute path
[controller_server-32] [INFO] [controller_server]: Optimizer reset
[controller_server-32] [INFO] [controller_server]: Optimizer reset
[controller_server-32] [WARN] [controller_server]: Optimizer fail to compute path
[controller_server-32] [INFO] [controller_server]: Optimizer reset
[controller_server-32] [INFO] [controller_server]: Optimizer reset
[controller_server-32] [WARN] [controller_server]: Optimizer fail to compute path
[controller_server-32] [INFO] [controller_server]: Optimizer reset
[controller_server-32] [INFO] [controller_server]: Optimizer reset
[controller_server-32] [WARN] [controller_server]: Optimizer fail to compute path
[controller_server-32] [INFO] [controller_server]: Optimizer reset
[controller_server-32] [INFO] [controller_server]: Optimizer reset
[controller_server-32] [WARN] [controller_server]: Optimizer fail to compute path
[controller_server-32] [INFO] [controller_server]: Passing new path to controller.
[controller_server-32] [INFO] [controller_server]: Optimizer reset
[controller_server-32] [INFO] [controller_server]: Optimizer reset
[controller_server-32] [WARN] [controller_server]: Optimizer fail to compute path
[controller_server-32] [INFO] [controller_server]: Optimizer reset
[controller_server-32] [INFO] [controller_server]: Optimizer reset
[controller_server-32] [WARN] [controller_server]: Optimizer fail to compute path
[controller_server-32] [INFO] [controller_server]: Optimizer reset
[controller_server-32] [INFO] [controller_server]: Optimizer reset
[controller_server-32] [WARN] [controller_server]: Optimizer fail to compute path
[controller_server-32] [INFO] [controller_server]: Optimizer reset
[controller_server-32] [INFO] [controller_server]: Optimizer reset
[controller_server-32] [WARN] [controller_server]: Optimizer fail to compute path
[controller_server-32] [INFO] [controller_server]: Optimizer reset
[controller_server-32] [INFO] [controller_server]: Optimizer reset
[controller_server-32] [WARN] [controller_server]: Optimizer fail to compute path
[controller_server-32] [INFO] [controller_server]: Optimizer reset
[controller_server-32] [INFO] [controller_server]: Optimizer reset
[controller_server-32] [WARN] [controller_server]: Optimizer fail to compute path
[controller_server-32] [INFO] [controller_server]: Optimizer reset
[controller_server-32] [INFO] [controller_server]: Optimizer reset
[controller_server-32] [WARN] [controller_server]: Optimizer fail to compute path
[controller_server-32] [INFO] [controller_server]: Optimizer reset
[controller_server-32] [INFO] [controller_server]: Optimizer reset
[controller_server-32] [WARN] [controller_server]: Optimizer fail to compute path
[controller_server-32] [INFO] [controller_server]: Optimizer reset
[controller_server-32] [INFO] [controller_server]: Optimizer reset
[controller_server-32] [WARN] [controller_server]: Optimizer fail to compute path
[controller_server-32] [ERROR] [controller_server]: Controller patience exceeded
[controller_server-32] [INFO] [controller_server]: Optimizer reset
[controller_server-32] [WARN] [controller_server]: [follow_path] [ActionServer] Aborting handle.
[controller_server-32] [INFO] [local_costmap.local_costmap]: Received request to clear entirely the local_costmap
[planner_server-34] [INFO] [global_costmap.global_costmap]: Received request to clear entirely the global_costmap
[barn_runner.py-31] [0m[INFO] [BARN_Runner]: Time: 79.87 (s), x: -2.01 (m), y: 9.09 (m)[0m
[controller_server-32] [INFO] [controller_server]: Received a goal, begin computing control effort.
[controller_server-32] [INFO] [controller_server]: Optimizer reset
[controller_server-32] [INFO] [controller_server]: Optimizer reset
[controller_server-32] [WARN] [controller_server]: Optimizer fail to compute path
[controller_server-32] [INFO] [controller_server]: Optimizer reset
[controller_server-32] [INFO] [controller_server]: Optimizer reset
[controller_server-32] [WARN] [controller_server]: Optimizer fail to compute path
[controller_server-32] [INFO] [controller_server]: Optimizer reset
[controller_server-32] [INFO] [controller_server]: Optimizer reset
[controller_server-32] [WARN] [controller_server]: Optimizer fail to compute path
[controller_server-32] [INFO] [controller_server]: Optimizer reset
[controller_server-32] [INFO] [controller_server]: Optimizer reset
[controller_server-32] [WARN] [controller_server]: Optimizer fail to compute path
[controller_server-32] [INFO] [controller_server]: Optimizer reset
[controller_server-32] [INFO] [controller_server]: Optimizer reset
[controller_server-32] [WARN] [controller_server]: Optimizer fail to compute path
[controller_server-32] [INFO] [controller_server]: Optimizer reset
[controller_server-32] [INFO] [controller_server]: Optimizer reset
[controller_server-32] [WARN] [controller_server]: Optimizer fail to compute path
[controller_server-32] [INFO] [controller_server]: Optimizer reset
[barn_runner.py-31] [0m[INFO] [BARN_Runner]: Time: 80.88 (s), x: -2.01 (m), y: 9.09 (m)[0m
[controller_server-32] [INFO] [controller_server]: Optimizer reset
[controller_server-32] [WARN] [controller_server]: Optimizer fail to compute path
[controller_server-32] [INFO] [controller_server]: Optimizer reset
[controller_server-32] [INFO] [controller_server]: Optimizer reset
[controller_server-32] [WARN] [controller_server]: Optimizer fail to compute path
[controller_server-32] [INFO] [controller_server]: Optimizer reset
[controller_server-32] [INFO] [controller_server]: Optimizer reset
[controller_server-32] [WARN] [controller_server]: Optimizer fail to compute path
[controller_server-32] [INFO] [controller_server]: Optimizer reset
[controller_server-32] [INFO] [controller_server]: Optimizer reset
[controller_server-32] [WARN] [controller_server]: Optimizer fail to compute path
[controller_server-32] [INFO] [controller_server]: Optimizer reset
[controller_server-32] [INFO] [controller_server]: Optimizer reset
[controller_server-32] [WARN] [controller_server]: Optimizer fail to compute path
[controller_server-32] [INFO] [controller_server]: Optimizer reset
[controller_server-32] [INFO] [controller_server]: Optimizer reset
[controller_server-32] [WARN] [controller_server]: Optimizer fail to compute path
[controller_server-32] [INFO] [controller_server]: Optimizer reset
[controller_server-32] [INFO] [controller_server]: Optimizer reset
[controller_server-32] [WARN] [controller_server]: Optimizer fail to compute path
[controller_server-32] [INFO] [controller_server]: Optimizer reset
[controller_server-32] [INFO] [controller_server]: Optimizer reset
[controller_server-32] [WARN] [controller_server]: Optimizer fail to compute path
[controller_server-32] [INFO] [controller_server]: Optimizer reset
[controller_server-32] [INFO] [controller_server]: Optimizer reset
[controller_server-32] [WARN] [controller_server]: Optimizer fail to compute path
[controller_server-32] [INFO] [controller_server]: Optimizer reset
[controller_server-32] [INFO] [controller_server]: Optimizer reset
[controller_server-32] [WARN] [controller_server]: Optimizer fail to compute path
[controller_server-32] [INFO] [controller_server]: Optimizer reset
[controller_server-32] [INFO] [controller_server]: Optimizer reset
[controller_server-32] [WARN] [controller_server]: Optimizer fail to compute path
[controller_server-32] [INFO] [controller_server]: Optimizer reset
[controller_server-32] [INFO] [controller_server]: Optimizer reset
[controller_server-32] [WARN] [controller_server]: Optimizer fail to compute path
[controller_server-32] [INFO] [controller_server]: Optimizer reset
[controller_server-32] [INFO] [controller_server]: Optimizer reset
[controller_server-32] [WARN] [controller_server]: Optimizer fail to compute path
[controller_server-32] [INFO] [controller_server]: Optimizer reset
[controller_server-32] [INFO] [controller_server]: Optimizer reset
[controller_server-32] [WARN] [controller_server]: Optimizer fail to compute path
[controller_server-32] [INFO] [controller_server]: Optimizer reset
[controller_server-32] [INFO] [controller_server]: Optimizer reset
[controller_server-32] [WARN] [controller_server]: Optimizer fail to compute path
[controller_server-32] [INFO] [controller_server]: Passing new path to controller.
[controller_server-32] [INFO] [controller_server]: Optimizer reset
[controller_server-32] [INFO] [controller_server]: Optimizer reset
[controller_server-32] [WARN] [controller_server]: Optimizer fail to compute path
[controller_server-32] [INFO] [controller_server]: Optimizer reset
[controller_server-32] [INFO] [controller_server]: Optimizer reset
[controller_server-32] [WARN] [controller_server]: Optimizer fail to compute path
[controller_server-32] [INFO] [controller_server]: Optimizer reset
[controller_server-32] [INFO] [controller_server]: Optimizer reset
[controller_server-32] [WARN] [controller_server]: Optimizer fail to compute path
[controller_server-32] [INFO] [controller_server]: Optimizer reset
[controller_server-32] [INFO] [controller_server]: Optimizer reset
[controller_server-32] [WARN] [controller_server]: Optimizer fail to compute path
[controller_server-32] [INFO] [controller_server]: Optimizer reset
[controller_server-32] [INFO] [controller_server]: Optimizer reset
[controller_server-32] [WARN] [controller_server]: Optimizer fail to compute path
[controller_server-32] [WARN] [controller_server]: Control loop missed its desired rate of 20.0000 Hz. Current loop rate is 142.8571 Hz.
[controller_server-32] [INFO] [controller_server]: Optimizer reset
[controller_server-32] [INFO] [controller_server]: Optimizer reset
[controller_server-32] [WARN] [controller_server]: Optimizer fail to compute path
[barn_runner.py-31] [0m[INFO] [BARN_Runner]: Time: 81.90 (s), x: -2.01 (m), y: 9.09 (m)[0m
[controller_server-32] [INFO] [controller_server]: Optimizer reset
[controller_server-32] [INFO] [controller_server]: Optimizer reset
[controller_server-32] [WARN] [controller_server]: Optimizer fail to compute path
[controller_server-32] [INFO] [controller_server]: Optimizer reset
[controller_server-32] [INFO] [controller_server]: Optimizer reset
[controller_server-32] [WARN] [controller_server]: Optimizer fail to compute path
[controller_server-32] [INFO] [controller_server]: Optimizer reset
[controller_server-32] [INFO] [controller_server]: Optimizer reset
[controller_server-32] [WARN] [controller_server]: Optimizer fail to compute path
[controller_server-32] [INFO] [controller_server]: Optimizer reset
[controller_server-32] [INFO] [controller_server]: Optimizer reset
[controller_server-32] [WARN] [controller_server]: Optimizer fail to compute path
[controller_server-32] [INFO] [controller_server]: Optimizer reset
[controller_server-32] [INFO] [controller_server]: Optimizer reset
[controller_server-32] [WARN] [controller_server]: Optimizer fail to compute path
[controller_server-32] [INFO] [controller_server]: Optimizer reset
[controller_server-32] [INFO] [controller_server]: Optimizer reset
[controller_server-32] [WARN] [controller_server]: Optimizer fail to compute path
[controller_server-32] [INFO] [controller_server]: Optimizer reset
[controller_server-32] [INFO] [controller_server]: Optimizer reset
[controller_server-32] [WARN] [controller_server]: Optimizer fail to compute path
[controller_server-32] [INFO] [controller_server]: Optimizer reset
[controller_server-32] [INFO] [controller_server]: Optimizer reset
[controller_server-32] [WARN] [controller_server]: Optimizer fail to compute path
[controller_server-32] [INFO] [controller_server]: Optimizer reset
[controller_server-32] [INFO] [controller_server]: Optimizer reset
[controller_server-32] [WARN] [controller_server]: Optimizer fail to compute path
[controller_server-32] [INFO] [controller_server]: Optimizer reset
[controller_server-32] [INFO] [controller_server]: Optimizer reset
[controller_server-32] [WARN] [controller_server]: Optimizer fail to compute path
[controller_server-32] [INFO] [controller_server]: Optimizer reset
[controller_server-32] [INFO] [controller_server]: Optimizer reset
[controller_server-32] [WARN] [controller_server]: Optimizer fail to compute path
[controller_server-32] [INFO] [controller_server]: Optimizer reset
[controller_server-32] [INFO] [controller_server]: Optimizer reset
[controller_server-32] [WARN] [controller_server]: Optimizer fail to compute path
[controller_server-32] [INFO] [controller_server]: Optimizer reset
[controller_server-32] [INFO] [controller_server]: Optimizer reset
[controller_server-32] [WARN] [controller_server]: Optimizer fail to compute path
[controller_server-32] [INFO] [controller_server]: Optimizer reset
[controller_server-32] [INFO] [controller_server]: Optimizer reset
[controller_server-32] [WARN] [controller_server]: Optimizer fail to compute path
[controller_server-32] [INFO] [controller_server]: Passing new path to controller.
[controller_server-32] [INFO] [controller_server]: Optimizer reset
[controller_server-32] [INFO] [controller_server]: Optimizer reset
[controller_server-32] [WARN] [controller_server]: Optimizer fail to compute path
[controller_server-32] [INFO] [controller_server]: Optimizer reset
[controller_server-32] [INFO] [controller_server]: Optimizer reset
[controller_server-32] [WARN] [controller_server]: Optimizer fail to compute path
[controller_server-32] [INFO] [controller_server]: Optimizer reset
[controller_server-32] [INFO] [controller_server]: Optimizer reset
[controller_server-32] [WARN] [controller_server]: Optimizer fail to compute path
[controller_server-32] [INFO] [controller_server]: Optimizer reset
[controller_server-32] [INFO] [controller_server]: Optimizer reset
[controller_server-32] [WARN] [controller_server]: Optimizer fail to compute path
[controller_server-32] [INFO] [controller_server]: Optimizer reset
[controller_server-32] [INFO] [controller_server]: Optimizer reset
[controller_server-32] [WARN] [controller_server]: Optimizer fail to compute path
[controller_server-32] [INFO] [controller_server]: Optimizer reset
[controller_server-32] [INFO] [controller_server]: Optimizer reset
[controller_server-32] [WARN] [controller_server]: Optimizer fail to compute path
[barn_runner.py-31] [0m[INFO] [BARN_Runner]: Time: 82.92 (s), x: -2.01 (m), y: 9.09 (m)[0m
[controller_server-32] [INFO] [controller_server]: Optimizer reset
[controller_server-32] [INFO] [controller_server]: Optimizer reset
[controller_server-32] [WARN] [controller_server]: Optimizer fail to compute path
[controller_server-32] [INFO] [controller_server]: Optimizer reset
[controller_server-32] [INFO] [controller_server]: Optimizer reset
[controller_server-32] [WARN] [controller_server]: Optimizer fail to compute path
[controller_server-32] [INFO] [controller_server]: Optimizer reset
[controller_server-32] [INFO] [controller_server]: Optimizer reset
[controller_server-32] [WARN] [controller_server]: Optimizer fail to compute path
[controller_server-32] [INFO] [controller_server]: Optimizer reset
[controller_server-32] [INFO] [controller_server]: Optimizer reset
[controller_server-32] [WARN] [controller_server]: Optimizer fail to compute path
[controller_server-32] [INFO] [controller_server]: Optimizer reset
[controller_server-32] [INFO] [controller_server]: Optimizer reset
[controller_server-32] [WARN] [controller_server]: Optimizer fail to compute path
[controller_server-32] [INFO] [controller_server]: Optimizer reset
[controller_server-32] [INFO] [controller_server]: Optimizer reset
[controller_server-32] [WARN] [controller_server]: Optimizer fail to compute path
[controller_server-32] [INFO] [controller_server]: Optimizer reset
[controller_server-32] [INFO] [controller_server]: Optimizer reset
[controller_server-32] [WARN] [controller_server]: Optimizer fail to compute path
[controller_server-32] [INFO] [controller_server]: Optimizer reset
[controller_server-32] [INFO] [controller_server]: Optimizer reset
[controller_server-32] [WARN] [controller_server]: Optimizer fail to compute path
[controller_server-32] [INFO] [controller_server]: Optimizer reset
[controller_server-32] [INFO] [controller_server]: Optimizer reset
[controller_server-32] [WARN] [controller_server]: Optimizer fail to compute path
[controller_server-32] [INFO] [controller_server]: Optimizer reset
[controller_server-32] [INFO] [controller_server]: Optimizer reset
[controller_server-32] [WARN] [controller_server]: Optimizer fail to compute path
[controller_server-32] [INFO] [controller_server]: Optimizer reset
[controller_server-32] [INFO] [controller_server]: Optimizer reset
[controller_server-32] [WARN] [controller_server]: Optimizer fail to compute path
[controller_server-32] [INFO] [controller_server]: Optimizer reset
[controller_server-32] [INFO] [controller_server]: Optimizer reset
[controller_server-32] [WARN] [controller_server]: Optimizer fail to compute path
[controller_server-32] [INFO] [controller_server]: Optimizer reset
[controller_server-32] [INFO] [controller_server]: Optimizer reset
[controller_server-32] [WARN] [controller_server]: Optimizer fail to compute path
[controller_server-32] [INFO] [controller_server]: Optimizer reset
[controller_server-32] [INFO] [controller_server]: Optimizer reset
[controller_server-32] [WARN] [controller_server]: Optimizer fail to compute path
[controller_server-32] [INFO] [controller_server]: Optimizer reset
[controller_server-32] [INFO] [controller_server]: Optimizer reset
[controller_server-32] [WARN] [controller_server]: Optimizer fail to compute path
[controller_server-32] [INFO] [controller_server]: Passing new path to controller.
[controller_server-32] [INFO] [controller_server]: Optimizer reset
[controller_server-32] [INFO] [controller_server]: Optimizer reset
[controller_server-32] [WARN] [controller_server]: Optimizer fail to compute path
[controller_server-32] [INFO] [controller_server]: Optimizer reset
[controller_server-32] [INFO] [controller_server]: Optimizer reset
[controller_server-32] [WARN] [controller_server]: Optimizer fail to compute path
[controller_server-32] [INFO] [controller_server]: Optimizer reset
[controller_server-32] [INFO] [controller_server]: Optimizer reset
[controller_server-32] [WARN] [controller_server]: Optimizer fail to compute path
[controller_server-32] [INFO] [controller_server]: Optimizer reset
[controller_server-32] [INFO] [controller_server]: Optimizer reset
[controller_server-32] [WARN] [controller_server]: Optimizer fail to compute path
[controller_server-32] [ERROR] [controller_server]: Controller patience exceeded
[controller_server-32] [INFO] [controller_server]: Optimizer reset
[controller_server-32] [WARN] [controller_server]: [follow_path] [ActionServer] Aborting handle.
[controller_server-32] [INFO] [local_costmap.local_costmap]: Received request to clear entirely the local_costmap
[controller_server-32] [INFO] [controller_server]: Received a goal, begin computing control effort.
[controller_server-32] [INFO] [controller_server]: Optimizer reset
[controller_server-32] [INFO] [controller_server]: Optimizer reset
[controller_server-32] [WARN] [controller_server]: Optimizer fail to compute path
[controller_server-32] [INFO] [controller_server]: Optimizer reset
[barn_runner.py-31] [0m[INFO] [BARN_Runner]: Time: 83.94 (s), x: -2.01 (m), y: 9.09 (m)[0m
[controller_server-32] [INFO] [controller_server]: Optimizer reset
[controller_server-32] [WARN] [controller_server]: Optimizer fail to compute path
[controller_server-32] [INFO] [controller_server]: Optimizer reset
[controller_server-32] [INFO] [controller_server]: Optimizer reset
[controller_server-32] [WARN] [controller_server]: Optimizer fail to compute path
[controller_server-32] [INFO] [controller_server]: Optimizer reset
[controller_server-32] [INFO] [controller_server]: Optimizer reset
[controller_server-32] [WARN] [controller_server]: Optimizer fail to compute path
[controller_server-32] [INFO] [controller_server]: Optimizer reset
[controller_server-32] [INFO] [controller_server]: Optimizer reset
[controller_server-32] [WARN] [controller_server]: Optimizer fail to compute path
[controller_server-32] [INFO] [controller_server]: Optimizer reset
[controller_server-32] [INFO] [controller_server]: Optimizer reset
[controller_server-32] [WARN] [controller_server]: Optimizer fail to compute path
[controller_server-32] [INFO] [controller_server]: Optimizer reset
[controller_server-32] [INFO] [controller_server]: Optimizer reset
[controller_server-32] [WARN] [controller_server]: Optimizer fail to compute path
[controller_server-32] [INFO] [controller_server]: Optimizer reset
[controller_server-32] [INFO] [controller_server]: Optimizer reset
[controller_server-32] [WARN] [controller_server]: Optimizer fail to compute path
[controller_server-32] [INFO] [controller_server]: Optimizer reset
[controller_server-32] [INFO] [controller_server]: Optimizer reset
[controller_server-32] [WARN] [controller_server]: Optimizer fail to compute path
[controller_server-32] [INFO] [controller_server]: Optimizer reset
[controller_server-32] [INFO] [controller_server]: Optimizer reset
[controller_server-32] [WARN] [controller_server]: Optimizer fail to compute path
[controller_server-32] [INFO] [controller_server]: Optimizer reset
[controller_server-32] [INFO] [controller_server]: Optimizer reset
[controller_server-32] [WARN] [controller_server]: Optimizer fail to compute path
[controller_server-32] [INFO] [controller_server]: Optimizer reset
[controller_server-32] [INFO] [controller_server]: Optimizer reset
[controller_server-32] [WARN] [controller_server]: Optimizer fail to compute path
[controller_server-32] [INFO] [controller_server]: Optimizer reset
[controller_server-32] [INFO] [controller_server]: Optimizer reset
[controller_server-32] [WARN] [controller_server]: Optimizer fail to compute path
[controller_server-32] [INFO] [controller_server]: Optimizer reset
[controller_server-32] [INFO] [controller_server]: Optimizer reset
[controller_server-32] [WARN] [controller_server]: Optimizer fail to compute path
[controller_server-32] [INFO] [controller_server]: Optimizer reset
[controller_server-32] [INFO] [controller_server]: Optimizer reset
[controller_server-32] [WARN] [controller_server]: Optimizer fail to compute path
[controller_server-32] [INFO] [controller_server]: Optimizer reset
[controller_server-32] [INFO] [controller_server]: Optimizer reset
[controller_server-32] [WARN] [controller_server]: Optimizer fail to compute path
[controller_server-32] [INFO] [controller_server]: Passing new path to controller.
[controller_server-32] [INFO] [controller_server]: Optimizer reset
[controller_server-32] [INFO] [controller_server]: Optimizer reset
[controller_server-32] [WARN] [controller_server]: Optimizer fail to compute path
[controller_server-32] [INFO] [controller_server]: Optimizer reset
[controller_server-32] [INFO] [controller_server]: Optimizer reset
[controller_server-32] [WARN] [controller_server]: Optimizer fail to compute path
[controller_server-32] [INFO] [controller_server]: Optimizer reset
[controller_server-32] [INFO] [controller_server]: Optimizer reset
[controller_server-32] [WARN] [controller_server]: Optimizer fail to compute path
[controller_server-32] [INFO] [controller_server]: Optimizer reset
[controller_server-32] [INFO] [controller_server]: Optimizer reset
[controller_server-32] [WARN] [controller_server]: Optimizer fail to compute path
[controller_server-32] [INFO] [controller_server]: Optimizer reset
[controller_server-32] [INFO] [controller_server]: Optimizer reset
[controller_server-32] [WARN] [controller_server]: Optimizer fail to compute path
[barn_runner.py-31] [0m[INFO] [BARN_Runner]: Time: 84.94 (s), x: -2.01 (m), y: 9.09 (m)[0m
[controller_server-32] [INFO] [controller_server]: Optimizer reset
[controller_server-32] [INFO] [controller_server]: Optimizer reset
[controller_server-32] [WARN] [controller_server]: Optimizer fail to compute path
[controller_server-32] [INFO] [controller_server]: Optimizer reset
[controller_server-32] [INFO] [controller_server]: Optimizer reset
[controller_server-32] [WARN] [controller_server]: Optimizer fail to compute path
[controller_server-32] [INFO] [controller_server]: Optimizer reset
[controller_server-32] [INFO] [controller_server]: Optimizer reset
[controller_server-32] [WARN] [controller_server]: Optimizer fail to compute path
[controller_server-32] [INFO] [controller_server]: Optimizer reset
[controller_server-32] [INFO] [controller_server]: Optimizer reset
[controller_server-32] [WARN] [controller_server]: Optimizer fail to compute path
[controller_server-32] [INFO] [controller_server]: Optimizer reset
[controller_server-32] [INFO] [controller_server]: Optimizer reset
[controller_server-32] [WARN] [controller_server]: Optimizer fail to compute path
[controller_server-32] [INFO] [controller_server]: Optimizer reset
[controller_server-32] [INFO] [controller_server]: Optimizer reset
[controller_server-32] [WARN] [controller_server]: Optimizer fail to compute path
[controller_server-32] [INFO] [controller_server]: Optimizer reset
[controller_server-32] [INFO] [controller_server]: Optimizer reset
[controller_server-32] [WARN] [controller_server]: Optimizer fail to compute path
[controller_server-32] [INFO] [controller_server]: Optimizer reset
[controller_server-32] [INFO] [controller_server]: Optimizer reset
[controller_server-32] [WARN] [controller_server]: Optimizer fail to compute path
[controller_server-32] [INFO] [controller_server]: Optimizer reset
[controller_server-32] [INFO] [controller_server]: Optimizer reset
[controller_server-32] [WARN] [controller_server]: Optimizer fail to compute path
[controller_server-32] [INFO] [controller_server]: Optimizer reset
[controller_server-32] [INFO] [controller_server]: Optimizer reset
[controller_server-32] [WARN] [controller_server]: Optimizer fail to compute path
[controller_server-32] [INFO] [controller_server]: Optimizer reset
[controller_server-32] [INFO] [controller_server]: Optimizer reset
[controller_server-32] [WARN] [controller_server]: Optimizer fail to compute path
[controller_server-32] [INFO] [controller_server]: Optimizer reset
[controller_server-32] [INFO] [controller_server]: Optimizer reset
[controller_server-32] [WARN] [controller_server]: Optimizer fail to compute path
[controller_server-32] [INFO] [controller_server]: Optimizer reset
[controller_server-32] [INFO] [controller_server]: Optimizer reset
[controller_server-32] [WARN] [controller_server]: Optimizer fail to compute path
[controller_server-32] [INFO] [controller_server]: Optimizer reset
[controller_server-32] [INFO] [controller_server]: Optimizer reset
[controller_server-32] [WARN] [controller_server]: Optimizer fail to compute path
[controller_server-32] [INFO] [controller_server]: Optimizer reset
[controller_server-32] [INFO] [controller_server]: Optimizer reset
[controller_server-32] [WARN] [controller_server]: Optimizer fail to compute path
[controller_server-32] [INFO] [controller_server]: Optimizer reset
[controller_server-32] [INFO] [controller_server]: Optimizer reset
[controller_server-32] [WARN] [controller_server]: Optimizer fail to compute path
[controller_server-32] [INFO] [controller_server]: Passing new path to controller.
[controller_server-32] [INFO] [controller_server]: Optimizer reset
[controller_server-32] [INFO] [controller_server]: Optimizer reset
[controller_server-32] [WARN] [controller_server]: Optimizer fail to compute path
[controller_server-32] [INFO] [controller_server]: Optimizer reset
[controller_server-32] [INFO] [controller_server]: Optimizer reset
[controller_server-32] [WARN] [controller_server]: Optimizer fail to compute path
[controller_server-32] [INFO] [controller_server]: Optimizer reset
[controller_server-32] [INFO] [controller_server]: Optimizer reset
[controller_server-32] [WARN] [controller_server]: Optimizer fail to compute path
[controller_server-32] [INFO] [controller_server]: Optimizer reset
[controller_server-32] [INFO] [controller_server]: Optimizer reset
[controller_server-32] [WARN] [controller_server]: Optimizer fail to compute path
[controller_server-32] [INFO] [controller_server]: Optimizer reset
[controller_server-32] [INFO] [controller_server]: Optimizer reset
[controller_server-32] [WARN] [controller_server]: Optimizer fail to compute path
[barn_runner.py-31] [0m[INFO] [BARN_Runner]: Time: 85.95 (s), x: -2.01 (m), y: 9.09 (m)[0m
[controller_server-32] [INFO] [controller_server]: Optimizer reset
[controller_server-32] [INFO] [controller_server]: Optimizer reset
[controller_server-32] [WARN] [controller_server]: Optimizer fail to compute path
[controller_server-32] [INFO] [controller_server]: Optimizer reset
[controller_server-32] [INFO] [controller_server]: Optimizer reset
[controller_server-32] [WARN] [controller_server]: Optimizer fail to compute path
[controller_server-32] [INFO] [controller_server]: Optimizer reset
[controller_server-32] [INFO] [controller_server]: Optimizer reset
[controller_server-32] [WARN] [controller_server]: Optimizer fail to compute path
[controller_server-32] [INFO] [controller_server]: Optimizer reset
[controller_server-32] [INFO] [controller_server]: Optimizer reset
[controller_server-32] [WARN] [controller_server]: Optimizer fail to compute path
[controller_server-32] [INFO] [controller_server]: Optimizer reset
[controller_server-32] [INFO] [controller_server]: Optimizer reset
[controller_server-32] [WARN] [controller_server]: Optimizer fail to compute path
[controller_server-32] [INFO] [controller_server]: Optimizer reset
[controller_server-32] [INFO] [controller_server]: Optimizer reset
[controller_server-32] [WARN] [controller_server]: Optimizer fail to compute path
[controller_server-32] [INFO] [controller_server]: Optimizer reset
[controller_server-32] [INFO] [controller_server]: Optimizer reset
[controller_server-32] [WARN] [controller_server]: Optimizer fail to compute path
[controller_server-32] [INFO] [controller_server]: Optimizer reset
[controller_server-32] [INFO] [controller_server]: Optimizer reset
[controller_server-32] [WARN] [controller_server]: Optimizer fail to compute path
[controller_server-32] [INFO] [controller_server]: Optimizer reset
[controller_server-32] [INFO] [controller_server]: Optimizer reset
[controller_server-32] [WARN] [controller_server]: Optimizer fail to compute path
[controller_server-32] [INFO] [controller_server]: Optimizer reset
[controller_server-32] [INFO] [controller_server]: Optimizer reset
[controller_server-32] [WARN] [controller_server]: Optimizer fail to compute path
[controller_server-32] [INFO] [controller_server]: Optimizer reset
[controller_server-32] [INFO] [controller_server]: Optimizer reset
[controller_server-32] [WARN] [controller_server]: Optimizer fail to compute path
[controller_server-32] [INFO] [controller_server]: Optimizer reset
[controller_server-32] [INFO] [controller_server]: Optimizer reset
[controller_server-32] [WARN] [controller_server]: Optimizer fail to compute path
[controller_server-32] [INFO] [controller_server]: Optimizer reset
[controller_server-32] [INFO] [controller_server]: Optimizer reset
[controller_server-32] [WARN] [controller_server]: Optimizer fail to compute path
[controller_server-32] [INFO] [controller_server]: Optimizer reset
[controller_server-32] [INFO] [controller_server]: Optimizer reset
[controller_server-32] [WARN] [controller_server]: Optimizer fail to compute path
[controller_server-32] [INFO] [controller_server]: Optimizer reset
[controller_server-32] [INFO] [controller_server]: Optimizer reset
[controller_server-32] [WARN] [controller_server]: Optimizer fail to compute path
[controller_server-32] [INFO] [controller_server]: Passing new path to controller.
[controller_server-32] [INFO] [controller_server]: Optimizer reset
[controller_server-32] [INFO] [controller_server]: Optimizer reset
[controller_server-32] [WARN] [controller_server]: Optimizer fail to compute path
[controller_server-32] [INFO] [controller_server]: Optimizer reset
[controller_server-32] [INFO] [controller_server]: Optimizer reset
[controller_server-32] [WARN] [controller_server]: Optimizer fail to compute path
[controller_server-32] [INFO] [controller_server]: Optimizer reset
[controller_server-32] [INFO] [controller_server]: Optimizer reset
[controller_server-32] [WARN] [controller_server]: Optimizer fail to compute path
[controller_server-32] [INFO] [controller_server]: Optimizer reset
[controller_server-32] [INFO] [controller_server]: Optimizer reset
[controller_server-32] [WARN] [controller_server]: Optimizer fail to compute path
[controller_server-32] [INFO] [controller_server]: Optimizer reset
[controller_server-32] [INFO] [controller_server]: Optimizer reset
[controller_server-32] [WARN] [controller_server]: Optimizer fail to compute path
[barn_runner.py-31] [0m[INFO] [BARN_Runner]: Time: 86.97 (s), x: -2.01 (m), y: 9.09 (m)[0m
[controller_server-32] [INFO] [controller_server]: Optimizer reset
[controller_server-32] [INFO] [controller_server]: Optimizer reset
[controller_server-32] [WARN] [controller_server]: Optimizer fail to compute path
[controller_server-32] [INFO] [controller_server]: Optimizer reset
[controller_server-32] [INFO] [controller_server]: Optimizer reset
[controller_server-32] [WARN] [controller_server]: Optimizer fail to compute path
[controller_server-32] [INFO] [controller_server]: Optimizer reset
[controller_server-32] [INFO] [controller_server]: Optimizer reset
[controller_server-32] [WARN] [controller_server]: Optimizer fail to compute path
[controller_server-32] [INFO] [controller_server]: Optimizer reset
[controller_server-32] [INFO] [controller_server]: Optimizer reset
[controller_server-32] [WARN] [controller_server]: Optimizer fail to compute path
[controller_server-32] [INFO] [controller_server]: Optimizer reset
[controller_server-32] [INFO] [controller_server]: Optimizer reset
[controller_server-32] [WARN] [controller_server]: Optimizer fail to compute path
[controller_server-32] [INFO] [controller_server]: Optimizer reset
[controller_server-32] [INFO] [controller_server]: Optimizer reset
[controller_server-32] [WARN] [controller_server]: Optimizer fail to compute path
[controller_server-32] [ERROR] [controller_server]: Controller patience exceeded
[controller_server-32] [INFO] [controller_server]: Optimizer reset
[controller_server-32] [WARN] [controller_server]: [follow_path] [ActionServer] Aborting handle.
[behavior_server-35] [INFO] [behavior_server]: Running spin
[behavior_server-35] [INFO] [behavior_server]: Turning 1.57 for spin behavior.
[behavior_server-35] [WARN] [behavior_server]: Collision Ahead - Exiting Spin
[behavior_server-35] [WARN] [behavior_server]: spin failed
[behavior_server-35] [WARN] [behavior_server]: [spin] [ActionServer] Aborting handle.
[behavior_server-35] [INFO] [behavior_server]: Running wait
[barn_runner.py-31] [0m[INFO] [BARN_Runner]: Time: 87.99 (s), x: -2.01 (m), y: 9.09 (m)[0m
[barn_runner.py-31] [0m[INFO] [BARN_Runner]: Time: 89.00 (s), x: -2.01 (m), y: 9.09 (m)[0m
[barn_runner.py-31] [0m[INFO] [BARN_Runner]: Time: 90.01 (s), x: -2.01 (m), y: 9.09 (m)[0m
[gazebo-1] [WARN] [platform_velocity_controller]: Ignoring the received message (timestamp 14.0750000000) because it is older than the current time by 0.5000000000 seconds, which exceeds the allowed timeout (0.5000)
[gazebo-1] [WARN] [platform_velocity_controller]: Ignoring the received message (timestamp 14.0750000000) because it is older than the current time by 0.5060000000 seconds, which exceeds the allowed timeout (0.5000)
[barn_runner.py-31] [0m[INFO] [BARN_Runner]: Time: 91.01 (s), x: -2.01 (m), y: 9.09 (m)[0m
[gazebo-1] [WARN] [platform_velocity_controller]: Ignoring the received message (timestamp 14.0750000000) because it is older than the current time by 0.5130000000 seconds, which exceeds the allowed timeout (0.5000)
[gazebo-1] [WARN] [platform_velocity_controller]: Ignoring the received message (timestamp 14.0750000000) because it is older than the current time by 0.5200000000 seconds, which exceeds the allowed timeout (0.5000)
[gazebo-1] [WARN] [platform_velocity_controller]: Ignoring the received message (timestamp 14.0750000000) because it is older than the current time by 0.5260000000 seconds, which exceeds the allowed timeout (0.5000)
[gazebo-1] [WARN] [platform_velocity_controller]: Ignoring the received message (timestamp 14.0750000000) because it is older than the current time by 0.5320000000 seconds, which exceeds the allowed timeout (0.5000)
[gazebo-1] [WARN] [platform_velocity_controller]: Ignoring the received message (timestamp 14.0750000000) because it is older than the current time by 0.5370000000 seconds, which exceeds the allowed timeout (0.5000)
[gazebo-1] [WARN] [platform_velocity_controller]: Ignoring the received message (timestamp 14.0750000000) because it is older than the current time by 0.5450000000 seconds, which exceeds the allowed timeout (0.5000)
[gazebo-1] [WARN] [platform_velocity_controller]: Ignoring the received message (timestamp 14.0750000000) because it is older than the current time by 0.5520000000 seconds, which exceeds the allowed timeout (0.5000)
[gazebo-1] [WARN] [platform_velocity_controller]: Ignoring the received message (timestamp 14.0750000000) because it is older than the current time by 0.5570000000 seconds, which exceeds the allowed timeout (0.5000)
[gazebo-1] [WARN] [platform_velocity_controller]: Ignoring the received message (timestamp 14.0750000000) because it is older than the current time by 0.5640000000 seconds, which exceeds the allowed timeout (0.5000)
[gazebo-1] [WARN] [platform_velocity_controller]: Ignoring the received message (timestamp 14.0750000000) because it is older than the current time by 0.5710000000 seconds, which exceeds the allowed timeout (0.5000)
[gazebo-1] [WARN] [platform_velocity_controller]: Ignoring the received message (timestamp 14.0750000000) because it is older than the current time by 0.5770000000 seconds, which exceeds the allowed timeout (0.5000)
[gazebo-1] [WARN] [platform_velocity_controller]: Ignoring the received message (timestamp 14.0750000000) because it is older than the current time by 0.5830000000 seconds, which exceeds the allowed timeout (0.5000)
[gazebo-1] [WARN] [platform_velocity_controller]: Ignoring the received message (timestamp 14.0750000000) because it is older than the current time by 0.5890000000 seconds, which exceeds the allowed timeout (0.5000)
[gazebo-1] [WARN] [platform_velocity_controller]: Ignoring the received message (timestamp 14.0750000000) because it is older than the current time by 0.5970000000 seconds, which exceeds the allowed timeout (0.5000)
[gazebo-1] [WARN] [platform_velocity_controller]: Ignoring the received message (timestamp 14.0750000000) because it is older than the current time by 0.6030000000 seconds, which exceeds the allowed timeout (0.5000)
[gazebo-1] [WARN] [platform_velocity_controller]: Ignoring the received message (timestamp 14.0750000000) because it is older than the current time by 0.6100000000 seconds, which exceeds the allowed timeout (0.5000)
[gazebo-1] [WARN] [platform_velocity_controller]: Ignoring the received message (timestamp 14.0750000000) because it is older than the current time by 0.6180000000 seconds, which exceeds the allowed timeout (0.5000)
[gazebo-1] [WARN] [platform_velocity_controller]: Ignoring the received message (timestamp 14.0750000000) because it is older than the current time by 0.6250000000 seconds, which exceeds the allowed timeout (0.5000)
[gazebo-1] [WARN] [platform_velocity_controller]: Ignoring the received message (timestamp 14.0750000000) because it is older than the current time by 0.6300000000 seconds, which exceeds the allowed timeout (0.5000)
[gazebo-1] [WARN] [platform_velocity_controller]: Ignoring the received message (timestamp 14.0750000000) because it is older than the current time by 0.6370000000 seconds, which exceeds the allowed timeout (0.5000)
[barn_runner.py-31] [0m[INFO] [BARN_Runner]: Time: 92.02 (s), x: -2.01 (m), y: 9.09 (m)[0m
[gazebo-1] [WARN] [platform_velocity_controller]: Ignoring the received message (timestamp 14.0750000000) because it is older than the current time by 0.6430000000 seconds, which exceeds the allowed timeout (0.5000)
[gazebo-1] [WARN] [platform_velocity_controller]: Ignoring the received message (timestamp 14.0750000000) because it is older than the current time by 0.6490000000 seconds, which exceeds the allowed timeout (0.5000)
[gazebo-1] [WARN] [platform_velocity_controller]: Ignoring the received message (timestamp 14.0750000000) because it is older than the current time by 0.6530000000 seconds, which exceeds the allowed timeout (0.5000)
[gazebo-1] [WARN] [platform_velocity_controller]: Ignoring the received message (timestamp 14.0750000000) because it is older than the current time by 0.6600000000 seconds, which exceeds the allowed timeout (0.5000)
[gazebo-1] [WARN] [platform_velocity_controller]: Ignoring the received message (timestamp 14.0750000000) because it is older than the current time by 0.6670000000 seconds, which exceeds the allowed timeout (0.5000)
[gazebo-1] [WARN] [platform_velocity_controller]: Ignoring the received message (timestamp 14.0750000000) because it is older than the current time by 0.6740000000 seconds, which exceeds the allowed timeout (0.5000)
[gazebo-1] [WARN] [platform_velocity_controller]: Ignoring the received message (timestamp 14.0750000000) because it is older than the current time by 0.6780000000 seconds, which exceeds the allowed timeout (0.5000)
[gazebo-1] [WARN] [platform_velocity_controller]: Ignoring the received message (timestamp 14.0750000000) because it is older than the current time by 0.6840000000 seconds, which exceeds the allowed timeout (0.5000)
[gazebo-1] [WARN] [platform_velocity_controller]: Ignoring the received message (timestamp 14.0750000000) because it is older than the current time by 0.6900000000 seconds, which exceeds the allowed timeout (0.5000)
[gazebo-1] [WARN] [platform_velocity_controller]: Ignoring the received message (timestamp 14.0750000000) because it is older than the current time by 0.6970000000 seconds, which exceeds the allowed timeout (0.5000)
[gazebo-1] [WARN] [platform_velocity_controller]: Ignoring the received message (timestamp 14.0750000000) because it is older than the current time by 0.7030000000 seconds, which exceeds the allowed timeout (0.5000)
[gazebo-1] [WARN] [platform_velocity_controller]: Ignoring the received message (timestamp 14.0750000000) because it is older than the current time by 0.7070000000 seconds, which exceeds the allowed timeout (0.5000)
[gazebo-1] [WARN] [platform_velocity_controller]: Ignoring the received message (timestamp 14.0750000000) because it is older than the current time by 0.7150000000 seconds, which exceeds the allowed timeout (0.5000)
[gazebo-1] [WARN] [platform_velocity_controller]: Ignoring the received message (timestamp 14.0750000000) because it is older than the current time by 0.7220000000 seconds, which exceeds the allowed timeout (0.5000)
[gazebo-1] [WARN] [platform_velocity_controller]: Ignoring the received message (timestamp 14.0750000000) because it is older than the current time by 0.7280000000 seconds, which exceeds the allowed timeout (0.5000)
[gazebo-1] [WARN] [platform_velocity_controller]: Ignoring the received message (timestamp 14.0750000000) because it is older than the current time by 0.7330000000 seconds, which exceeds the allowed timeout (0.5000)
[gazebo-1] [WARN] [platform_velocity_controller]: Ignoring the received message (timestamp 14.0750000000) because it is older than the current time by 0.7410000000 seconds, which exceeds the allowed timeout (0.5000)
[gazebo-1] [WARN] [platform_velocity_controller]: Ignoring the received message (timestamp 14.0750000000) because it is older than the current time by 0.7480000000 seconds, which exceeds the allowed timeout (0.5000)
[gazebo-1] [WARN] [platform_velocity_controller]: Ignoring the received message (timestamp 14.0750000000) because it is older than the current time by 0.7550000000 seconds, which exceeds the allowed timeout (0.5000)
[gazebo-1] [WARN] [platform_velocity_controller]: Ignoring the received message (timestamp 14.0750000000) because it is older than the current time by 0.7600000000 seconds, which exceeds the allowed timeout (0.5000)
[barn_runner.py-31] [0m[INFO] [BARN_Runner]: Time: 93.03 (s), x: -2.01 (m), y: 9.09 (m)[0m
[gazebo-1] [WARN] [platform_velocity_controller]: Ignoring the received message (timestamp 14.0750000000) because it is older than the current time by 0.7660000000 seconds, which exceeds the allowed timeout (0.5000)
[gazebo-1] [WARN] [platform_velocity_controller]: Ignoring the received message (timestamp 14.0750000000) because it is older than the current time by 0.7730000000 seconds, which exceeds the allowed timeout (0.5000)
[gazebo-1] [WARN] [platform_velocity_controller]: Ignoring the received message (timestamp 14.0750000000) because it is older than the current time by 0.7790000000 seconds, which exceeds the allowed timeout (0.5000)
[gazebo-1] [WARN] [platform_velocity_controller]: Ignoring the received message (timestamp 14.0750000000) because it is older than the current time by 0.7850000000 seconds, which exceeds the allowed timeout (0.5000)
[gazebo-1] [WARN] [platform_velocity_controller]: Ignoring the received message (timestamp 14.0750000000) because it is older than the current time by 0.7920000000 seconds, which exceeds the allowed timeout (0.5000)
[gazebo-1] [WARN] [platform_velocity_controller]: Ignoring the received message (timestamp 14.0750000000) because it is older than the current time by 0.8000000000 seconds, which exceeds the allowed timeout (0.5000)
[gazebo-1] [WARN] [platform_velocity_controller]: Ignoring the received message (timestamp 14.0750000000) because it is older than the current time by 0.8040000000 seconds, which exceeds the allowed timeout (0.5000)
[gazebo-1] [WARN] [platform_velocity_controller]: Ignoring the received message (timestamp 14.0750000000) because it is older than the current time by 0.8110000000 seconds, which exceeds the allowed timeout (0.5000)
[gazebo-1] [WARN] [platform_velocity_controller]: Ignoring the received message (timestamp 14.0750000000) because it is older than the current time by 0.8180000000 seconds, which exceeds the allowed timeout (0.5000)
[gazebo-1] [WARN] [platform_velocity_controller]: Ignoring the received message (timestamp 14.0750000000) because it is older than the current time by 0.8250000000 seconds, which exceeds the allowed timeout (0.5000)
[gazebo-1] [WARN] [platform_velocity_controller]: Ignoring the received message (timestamp 14.0750000000) because it is older than the current time by 0.8310000000 seconds, which exceeds the allowed timeout (0.5000)
[gazebo-1] [WARN] [platform_velocity_controller]: Ignoring the received message (timestamp 14.0750000000) because it is older than the current time by 0.8350000000 seconds, which exceeds the allowed timeout (0.5000)
[gazebo-1] [WARN] [platform_velocity_controller]: Ignoring the received message (timestamp 14.0750000000) because it is older than the current time by 0.8410000000 seconds, which exceeds the allowed timeout (0.5000)
[gazebo-1] [WARN] [platform_velocity_controller]: Ignoring the received message (timestamp 14.0750000000) because it is older than the current time by 0.8480000000 seconds, which exceeds the allowed timeout (0.5000)
[gazebo-1] [WARN] [platform_velocity_controller]: Ignoring the received message (timestamp 14.0750000000) because it is older than the current time by 0.8530000000 seconds, which exceeds the allowed timeout (0.5000)
[gazebo-1] [WARN] [platform_velocity_controller]: Ignoring the received message (timestamp 14.0750000000) because it is older than the current time by 0.8580000000 seconds, which exceeds the allowed timeout (0.5000)
[gazebo-1] [WARN] [platform_velocity_controller]: Ignoring the received message (timestamp 14.0750000000) because it is older than the current time by 0.8650000000 seconds, which exceeds the allowed timeout (0.5000)
[gazebo-1] [WARN] [platform_velocity_controller]: Ignoring the received message (timestamp 14.0750000000) because it is older than the current time by 0.8730000000 seconds, which exceeds the allowed timeout (0.5000)
[gazebo-1] [WARN] [platform_velocity_controller]: Ignoring the received message (timestamp 14.0750000000) because it is older than the current time by 0.8780000000 seconds, which exceeds the allowed timeout (0.5000)
[gazebo-1] [WARN] [platform_velocity_controller]: Ignoring the received message (timestamp 14.0750000000) because it is older than the current time by 0.8830000000 seconds, which exceeds the allowed timeout (0.5000)
[gazebo-1] [WARN] [platform_velocity_controller]: Ignoring the received message (timestamp 14.0750000000) because it is older than the current time by 0.8900000000 seconds, which exceeds the allowed timeout (0.5000)
[barn_runner.py-31] [0m[INFO] [BARN_Runner]: Time: 94.04 (s), x: -2.01 (m), y: 9.09 (m)[0m
[gazebo-1] [WARN] [platform_velocity_controller]: Ignoring the received message (timestamp 14.0750000000) because it is older than the current time by 0.8960000000 seconds, which exceeds the allowed timeout (0.5000)
[gazebo-1] [WARN] [platform_velocity_controller]: Ignoring the received message (timestamp 14.0750000000) because it is older than the current time by 0.9020000000 seconds, which exceeds the allowed timeout (0.5000)
[gazebo-1] [WARN] [platform_velocity_controller]: Ignoring the received message (timestamp 14.0750000000) because it is older than the current time by 0.9080000000 seconds, which exceeds the allowed timeout (0.5000)
[gazebo-1] [WARN] [platform_velocity_controller]: Ignoring the received message (timestamp 14.0750000000) because it is older than the current time by 0.9150000000 seconds, which exceeds the allowed timeout (0.5000)
[gazebo-1] [WARN] [platform_velocity_controller]: Ignoring the received message (timestamp 14.0750000000) because it is older than the current time by 0.9220000000 seconds, which exceeds the allowed timeout (0.5000)
[gazebo-1] [WARN] [platform_velocity_controller]: Ignoring the received message (timestamp 14.0750000000) because it is older than the current time by 0.9280000000 seconds, which exceeds the allowed timeout (0.5000)
[gazebo-1] [WARN] [platform_velocity_controller]: Ignoring the received message (timestamp 14.0750000000) because it is older than the current time by 0.9320000000 seconds, which exceeds the allowed timeout (0.5000)
[gazebo-1] [WARN] [platform_velocity_controller]: Ignoring the received message (timestamp 14.0750000000) because it is older than the current time by 0.9390000000 seconds, which exceeds the allowed timeout (0.5000)
[gazebo-1] [WARN] [platform_velocity_controller]: Ignoring the received message (timestamp 14.0750000000) because it is older than the current time by 0.9460000000 seconds, which exceeds the allowed timeout (0.5000)
[gazebo-1] [WARN] [platform_velocity_controller]: Ignoring the received message (timestamp 14.0750000000) because it is older than the current time by 0.9530000000 seconds, which exceeds the allowed timeout (0.5000)
[gazebo-1] [WARN] [platform_velocity_controller]: Ignoring the received message (timestamp 14.0750000000) because it is older than the current time by 0.9570000000 seconds, which exceeds the allowed timeout (0.5000)
[gazebo-1] [WARN] [platform_velocity_controller]: Ignoring the received message (timestamp 14.0750000000) because it is older than the current time by 0.9630000000 seconds, which exceeds the allowed timeout (0.5000)
[gazebo-1] [WARN] [platform_velocity_controller]: Ignoring the received message (timestamp 14.0750000000) because it is older than the current time by 0.9710000000 seconds, which exceeds the allowed timeout (0.5000)
[gazebo-1] [WARN] [platform_velocity_controller]: Ignoring the received message (timestamp 14.0750000000) because it is older than the current time by 0.9780000000 seconds, which exceeds the allowed timeout (0.5000)
[gazebo-1] [WARN] [platform_velocity_controller]: Ignoring the received message (timestamp 14.0750000000) because it is older than the current time by 0.9830000000 seconds, which exceeds the allowed timeout (0.5000)
[gazebo-1] [WARN] [platform_velocity_controller]: Ignoring the received message (timestamp 14.0750000000) because it is older than the current time by 0.9880000000 seconds, which exceeds the allowed timeout (0.5000)
[gazebo-1] [WARN] [platform_velocity_controller]: Ignoring the received message (timestamp 14.0750000000) because it is older than the current time by 0.9950000000 seconds, which exceeds the allowed timeout (0.5000)
[barn_runner.py-31] [0m[INFO] [BARN_Runner]: Time: 95.05 (s), x: -2.01 (m), y: 9.09 (m)[0m
[barn_runner.py-31] [0m[INFO] [BARN_Runner]: Time: 96.07 (s), x: -2.01 (m), y: 9.09 (m)[0m
[barn_runner.py-31] [0m[INFO] [BARN_Runner]: Time: 97.08 (s), x: -2.01 (m), y: 9.09 (m)[0m
[barn_runner.py-31] [0m[INFO] [BARN_Runner]: Time: 98.09 (s), x: -2.01 (m), y: 9.09 (m)[0m
[barn_runner.py-31] [0m[INFO] [BARN_Runner]: Time: 99.11 (s), x: -2.01 (m), y: 9.09 (m)[0m
[barn_runner.py-31] [0m[INFO] [BARN_Runner]: Time: 100.13 (s), x: -2.01 (m), y: 9.09 (m)[0m
[barn_runner.py-31] [0m[INFO] [BARN_Runner]: Time: 101.13 (s), x: -2.01 (m), y: 9.09 (m)[0m
[barn_runner.py-31] [0m[INFO] [BARN_Runner]: Time: 102.14 (s), x: -2.01 (m), y: 9.09 (m)[0m
[barn_runner.py-31] [0m[INFO] [BARN_Runner]: Time: 103.16 (s), x: -2.01 (m), y: 9.09 (m)[0m
[barn_runner.py-31] [0m[INFO] [BARN_Runner]: Time: 104.17 (s), x: -2.01 (m), y: 9.09 (m)[0m
[barn_runner.py-31] [0m[INFO] [BARN_Runner]: Time: 105.18 (s), x: -2.01 (m), y: 9.09 (m)[0m
[barn_runner.py-31] [0m[INFO] [BARN_Runner]: Time: 106.19 (s), x: -2.01 (m), y: 9.09 (m)[0m
[barn_runner.py-31] [0m[INFO] [BARN_Runner]: Time: 107.20 (s), x: -2.01 (m), y: 9.09 (m)[0m
[barn_runner.py-31] [0m[INFO] [BARN_Runner]: Time: 108.22 (s), x: -2.01 (m), y: 9.09 (m)[0m
[barn_runner.py-31] [0m[INFO] [BARN_Runner]: Time: 109.22 (s), x: -2.01 (m), y: 9.09 (m)[0m
[barn_runner.py-31] [0m[INFO] [BARN_Runner]: Time: 110.23 (s), x: -2.01 (m), y: 9.09 (m)[0m
[barn_runner.py-31] [0m[INFO] [BARN_Runner]: Time: 111.24 (s), x: -2.01 (m), y: 9.09 (m)[0m
[barn_runner.py-31] [0m[INFO] [BARN_Runner]: Time: 112.25 (s), x: -2.01 (m), y: 9.09 (m)[0m
[barn_runner.py-31] [0m[INFO] [BARN_Runner]: Time: 113.25 (s), x: -2.01 (m), y: 9.09 (m)[0m
[barn_runner.py-31] [0m[INFO] [BARN_Runner]: Time: 114.26 (s), x: -2.01 (m), y: 9.09 (m)[0m
[barn_runner.py-31] [0m[INFO] [BARN_Runner]: Time: 115.26 (s), x: -2.01 (m), y: 9.09 (m)[0m
[barn_runner.py-31] [0m[INFO] [BARN_Runner]: Time: 116.28 (s), x: -2.01 (m), y: 9.09 (m)[0m
[barn_runner.py-31] [0m[INFO] [BARN_Runner]: Time: 117.29 (s), x: -2.01 (m), y: 9.09 (m)[0m
[barn_runner.py-31] [0m[INFO] [BARN_Runner]: Time: 118.30 (s), x: -2.01 (m), y: 9.09 (m)[0m
[barn_runner.py-31] [0m[INFO] [BARN_Runner]: Time: 119.30 (s), x: -2.01 (m), y: 9.09 (m)[0m
[barn_runner.py-31] [0m[INFO] [BARN_Runner]: Time: 120.30 (s), x: -2.01 (m), y: 9.09 (m)[0m
[barn_runner.py-31] [0m[INFO] [BARN_Runner]: Time: 121.32 (s), x: -2.01 (m), y: 9.09 (m)[0m
[barn_runner.py-31] [0m[INFO] [BARN_Runner]: Time: 122.32 (s), x: -2.01 (m), y: 9.09 (m)[0m
[barn_runner.py-31] [0m[INFO] [BARN_Runner]: Time: 123.35 (s), x: -2.01 (m), y: 9.09 (m)[0m
[barn_runner.py-31] [0m[INFO] [BARN_Runner]: Time: 124.35 (s), x: -2.01 (m), y: 9.09 (m)[0m
[barn_runner.py-31] [0m[INFO] [BARN_Runner]: Time: 125.36 (s), x: -2.01 (m), y: 9.09 (m)[0m
[barn_runner.py-31] [0m[INFO] [BARN_Runner]: Time: 126.38 (s), x: -2.01 (m), y: 9.09 (m)[0m
[barn_runner.py-31] [0m[INFO] [BARN_Runner]: Time: 127.39 (s), x: -2.01 (m), y: 9.09 (m)[0m
[behavior_server-35] [INFO] [behavior_server]: wait completed successfully
[controller_server-32] [INFO] [controller_server]: Received a goal, begin computing control effort.
[controller_server-32] [INFO] [controller_server]: Optimizer reset
[controller_server-32] [INFO] [controller_server]: Optimizer reset
[controller_server-32] [WARN] [controller_server]: Optimizer fail to compute path
[barn_runner.py-31] [0m[INFO] [BARN_Runner]: Time: 128.40 (s), x: -2.01 (m), y: 9.09 (m)[0m
[controller_server-32] [INFO] [controller_server]: Optimizer reset
[controller_server-32] [INFO] [controller_server]: Optimizer reset
[controller_server-32] [WARN] [controller_server]: Optimizer fail to compute path
[controller_server-32] [INFO] [controller_server]: Optimizer reset
[controller_server-32] [INFO] [controller_server]: Optimizer reset
[controller_server-32] [WARN] [controller_server]: Optimizer fail to compute path
[controller_server-32] [INFO] [controller_server]: Optimizer reset
[controller_server-32] [INFO] [controller_server]: Optimizer reset
[controller_server-32] [WARN] [controller_server]: Optimizer fail to compute path
[controller_server-32] [INFO] [controller_server]: Optimizer reset
[controller_server-32] [INFO] [controller_server]: Optimizer reset
[controller_server-32] [WARN] [controller_server]: Optimizer fail to compute path
[controller_server-32] [INFO] [controller_server]: Optimizer reset
[controller_server-32] [INFO] [controller_server]: Optimizer reset
[controller_server-32] [WARN] [controller_server]: Optimizer fail to compute path
[controller_server-32] [INFO] [controller_server]: Optimizer reset
[controller_server-32] [INFO] [controller_server]: Optimizer reset
[controller_server-32] [WARN] [controller_server]: Optimizer fail to compute path
[controller_server-32] [INFO] [controller_server]: Optimizer reset
[controller_server-32] [INFO] [controller_server]: Optimizer reset
[controller_server-32] [WARN] [controller_server]: Optimizer fail to compute path
[controller_server-32] [INFO] [controller_server]: Optimizer reset
[controller_server-32] [INFO] [controller_server]: Optimizer reset
[controller_server-32] [WARN] [controller_server]: Optimizer fail to compute path
[controller_server-32] [INFO] [controller_server]: Optimizer reset
[controller_server-32] [INFO] [controller_server]: Optimizer reset
[controller_server-32] [WARN] [controller_server]: Optimizer fail to compute path
[controller_server-32] [WARN] [controller_server]: Control loop missed its desired rate of 20.0000 Hz. Current loop rate is 250.0000 Hz.
[controller_server-32] [INFO] [controller_server]: Optimizer reset
[controller_server-32] [INFO] [controller_server]: Optimizer reset
[controller_server-32] [WARN] [controller_server]: Optimizer fail to compute path
[controller_server-32] [INFO] [controller_server]: Optimizer reset
[controller_server-32] [INFO] [controller_server]: Optimizer reset
[controller_server-32] [WARN] [controller_server]: Optimizer fail to compute path
[controller_server-32] [WARN] [controller_server]: Control loop missed its desired rate of 20.0000 Hz. Current loop rate is 200.0000 Hz.
[controller_server-32] [INFO] [controller_server]: Optimizer reset
[controller_server-32] [INFO] [controller_server]: Optimizer reset
[controller_server-32] [WARN] [controller_server]: Optimizer fail to compute path
[controller_server-32] [INFO] [controller_server]: Optimizer reset
[controller_server-32] [INFO] [controller_server]: Optimizer reset
[controller_server-32] [WARN] [controller_server]: Optimizer fail to compute path
[controller_server-32] [WARN] [controller_server]: Control loop missed its desired rate of 20.0000 Hz. Current loop rate is 333.3333 Hz.
[controller_server-32] [INFO] [controller_server]: Optimizer reset
[controller_server-32] [INFO] [controller_server]: Optimizer reset
[controller_server-32] [WARN] [controller_server]: Optimizer fail to compute path
[controller_server-32] [INFO] [controller_server]: Optimizer reset
[controller_server-32] [INFO] [controller_server]: Optimizer reset
[controller_server-32] [WARN] [controller_server]: Optimizer fail to compute path
[controller_server-32] [WARN] [controller_server]: Control loop missed its desired rate of 20.0000 Hz. Current loop rate is 500.0000 Hz.
[controller_server-32] [INFO] [controller_server]: Optimizer reset
[controller_server-32] [INFO] [controller_server]: Optimizer reset
[controller_server-32] [WARN] [controller_server]: Optimizer fail to compute path
[controller_server-32] [WARN] [controller_server]: Control loop missed its desired rate of 20.0000 Hz. Current loop rate is inf Hz.
[controller_server-32] [INFO] [controller_server]: Optimizer reset
[controller_server-32] [INFO] [controller_server]: Optimizer reset
[controller_server-32] [WARN] [controller_server]: Optimizer fail to compute path
[controller_server-32] [INFO] [controller_server]: Optimizer reset
[controller_server-32] [INFO] [controller_server]: Optimizer reset
[controller_server-32] [WARN] [controller_server]: Optimizer fail to compute path
[controller_server-32] [WARN] [controller_server]: Control loop missed its desired rate of 20.0000 Hz. Current loop rate is 1000.0000 Hz.
[controller_server-32] [INFO] [controller_server]: Optimizer reset
[controller_server-32] [INFO] [controller_server]: Optimizer reset
[controller_server-32] [WARN] [controller_server]: Optimizer fail to compute path
[barn_runner.py-31] [0m[INFO] [BARN_Runner]: Time: 129.42 (s), x: -2.01 (m), y: 9.09 (m)[0m
[controller_server-32] [INFO] [controller_server]: Passing new path to controller.
[controller_server-32] [INFO] [controller_server]: Optimizer reset
[controller_server-32] [INFO] [controller_server]: Optimizer reset
[controller_server-32] [WARN] [controller_server]: Optimizer fail to compute path
[controller_server-32] [INFO] [controller_server]: Optimizer reset
[controller_server-32] [INFO] [controller_server]: Optimizer reset
[controller_server-32] [WARN] [controller_server]: Optimizer fail to compute path
[controller_server-32] [WARN] [controller_server]: Control loop missed its desired rate of 20.0000 Hz. Current loop rate is 333.3333 Hz.
[controller_server-32] [INFO] [controller_server]: Optimizer reset
[controller_server-32] [INFO] [controller_server]: Optimizer reset
[controller_server-32] [WARN] [controller_server]: Optimizer fail to compute path
[controller_server-32] [WARN] [controller_server]: Control loop missed its desired rate of 20.0000 Hz. Current loop rate is 333.3333 Hz.
[controller_server-32] [INFO] [controller_server]: Optimizer reset
[controller_server-32] [INFO] [controller_server]: Optimizer reset
[controller_server-32] [WARN] [controller_server]: Optimizer fail to compute path
[controller_server-32] [WARN] [controller_server]: Control loop missed its desired rate of 20.0000 Hz. Current loop rate is 200.0000 Hz.
[controller_server-32] [INFO] [controller_server]: Optimizer reset
[controller_server-32] [INFO] [controller_server]: Optimizer reset
[controller_server-32] [WARN] [controller_server]: Optimizer fail to compute path
[controller_server-32] [INFO] [controller_server]: Optimizer reset
[controller_server-32] [INFO] [controller_server]: Optimizer reset
[controller_server-32] [WARN] [controller_server]: Optimizer fail to compute path
[controller_server-32] [INFO] [controller_server]: Optimizer reset
[controller_server-32] [INFO] [controller_server]: Optimizer reset
[controller_server-32] [WARN] [controller_server]: Optimizer fail to compute path
[controller_server-32] [INFO] [controller_server]: Optimizer reset
[controller_server-32] [INFO] [controller_server]: Optimizer reset
[controller_server-32] [WARN] [controller_server]: Optimizer fail to compute path
[controller_server-32] [WARN] [controller_server]: Control loop missed its desired rate of 20.0000 Hz. Current loop rate is 200.0000 Hz.
[controller_server-32] [INFO] [controller_server]: Optimizer reset
[controller_server-32] [INFO] [controller_server]: Optimizer reset
[controller_server-32] [WARN] [controller_server]: Optimizer fail to compute path
[controller_server-32] [WARN] [controller_server]: Control loop missed its desired rate of 20.0000 Hz. Current loop rate is 333.3333 Hz.
[controller_server-32] [INFO] [controller_server]: Optimizer reset
[controller_server-32] [INFO] [controller_server]: Optimizer reset
[controller_server-32] [WARN] [controller_server]: Optimizer fail to compute path
[controller_server-32] [WARN] [controller_server]: Control loop missed its desired rate of 20.0000 Hz. Current loop rate is 500.0000 Hz.
[controller_server-32] [INFO] [controller_server]: Optimizer reset
[controller_server-32] [INFO] [controller_server]: Optimizer reset
[controller_server-32] [WARN] [controller_server]: Optimizer fail to compute path
[controller_server-32] [INFO] [controller_server]: Optimizer reset
[controller_server-32] [INFO] [controller_server]: Optimizer reset
[controller_server-32] [WARN] [controller_server]: Optimizer fail to compute path
[controller_server-32] [INFO] [controller_server]: Optimizer reset
[controller_server-32] [INFO] [controller_server]: Optimizer reset
[controller_server-32] [WARN] [controller_server]: Optimizer fail to compute path
[controller_server-32] [INFO] [controller_server]: Optimizer reset
[controller_server-32] [INFO] [controller_server]: Optimizer reset
[controller_server-32] [WARN] [controller_server]: Optimizer fail to compute path
[controller_server-32] [WARN] [controller_server]: Control loop missed its desired rate of 20.0000 Hz. Current loop rate is 333.3333 Hz.
[controller_server-32] [INFO] [controller_server]: Optimizer reset
[controller_server-32] [INFO] [controller_server]: Optimizer reset
[controller_server-32] [WARN] [controller_server]: Optimizer fail to compute path
[controller_server-32] [INFO] [controller_server]: Optimizer reset
[controller_server-32] [INFO] [controller_server]: Optimizer reset
[controller_server-32] [WARN] [controller_server]: Optimizer fail to compute path
[controller_server-32] [INFO] [controller_server]: Optimizer reset
[controller_server-32] [INFO] [controller_server]: Optimizer reset
[controller_server-32] [WARN] [controller_server]: Optimizer fail to compute path
[controller_server-32] [INFO] [controller_server]: Optimizer reset
[barn_runner.py-31] [0m[INFO] [BARN_Runner]: Time: 130.43 (s), x: -2.01 (m), y: 9.09 (m)[0m
[controller_server-32] [INFO] [controller_server]: Optimizer reset
[controller_server-32] [WARN] [controller_server]: Optimizer fail to compute path
[controller_server-32] [INFO] [controller_server]: Passing new path to controller.
[controller_server-32] [INFO] [controller_server]: Optimizer reset
[controller_server-32] [INFO] [controller_server]: Optimizer reset
[controller_server-32] [WARN] [controller_server]: Optimizer fail to compute path
[controller_server-32] [INFO] [controller_server]: Optimizer reset
[controller_server-32] [INFO] [controller_server]: Optimizer reset
[controller_server-32] [WARN] [controller_server]: Optimizer fail to compute path
[controller_server-32] [INFO] [controller_server]: Optimizer reset
[controller_server-32] [INFO] [controller_server]: Optimizer reset
[controller_server-32] [WARN] [controller_server]: Optimizer fail to compute path
[controller_server-32] [INFO] [controller_server]: Optimizer reset
[controller_server-32] [INFO] [controller_server]: Optimizer reset
[controller_server-32] [WARN] [controller_server]: Optimizer fail to compute path
[controller_server-32] [WARN] [controller_server]: Control loop missed its desired rate of 20.0000 Hz. Current loop rate is 333.3333 Hz.
[controller_server-32] [INFO] [controller_server]: Optimizer reset
[controller_server-32] [INFO] [controller_server]: Optimizer reset
[controller_server-32] [WARN] [controller_server]: Optimizer fail to compute path
[controller_server-32] [INFO] [controller_server]: Optimizer reset
[controller_server-32] [INFO] [controller_server]: Optimizer reset
[controller_server-32] [WARN] [controller_server]: Optimizer fail to compute path
[controller_server-32] [INFO] [controller_server]: Optimizer reset
[controller_server-32] [INFO] [controller_server]: Optimizer reset
[controller_server-32] [WARN] [controller_server]: Optimizer fail to compute path
[controller_server-32] [INFO] [controller_server]: Optimizer reset
[controller_server-32] [INFO] [controller_server]: Optimizer reset
[controller_server-32] [WARN] [controller_server]: Optimizer fail to compute path
[controller_server-32] [WARN] [controller_server]: Control loop missed its desired rate of 20.0000 Hz. Current loop rate is 500.0000 Hz.
[controller_server-32] [INFO] [controller_server]: Optimizer reset
[controller_server-32] [INFO] [controller_server]: Optimizer reset
[controller_server-32] [WARN] [controller_server]: Optimizer fail to compute path
[controller_server-32] [WARN] [controller_server]: Control loop missed its desired rate of 20.0000 Hz. Current loop rate is 500.0000 Hz.
[controller_server-32] [INFO] [controller_server]: Optimizer reset
[controller_server-32] [INFO] [controller_server]: Optimizer reset
[controller_server-32] [WARN] [controller_server]: Optimizer fail to compute path
[controller_server-32] [WARN] [controller_server]: Control loop missed its desired rate of 20.0000 Hz. Current loop rate is 500.0000 Hz.
[controller_server-32] [INFO] [controller_server]: Optimizer reset
[controller_server-32] [INFO] [controller_server]: Optimizer reset
[controller_server-32] [WARN] [controller_server]: Optimizer fail to compute path
[controller_server-32] [INFO] [controller_server]: Optimizer reset
[controller_server-32] [INFO] [controller_server]: Optimizer reset
[controller_server-32] [WARN] [controller_server]: Optimizer fail to compute path
[controller_server-32] [INFO] [controller_server]: Optimizer reset
[controller_server-32] [INFO] [controller_server]: Optimizer reset
[controller_server-32] [WARN] [controller_server]: Optimizer fail to compute path
[controller_server-32] [WARN] [controller_server]: Control loop missed its desired rate of 20.0000 Hz. Current loop rate is 500.0000 Hz.
[controller_server-32] [INFO] [controller_server]: Optimizer reset
[controller_server-32] [INFO] [controller_server]: Optimizer reset
[controller_server-32] [WARN] [controller_server]: Optimizer fail to compute path
[controller_server-32] [INFO] [controller_server]: Optimizer reset
[controller_server-32] [INFO] [controller_server]: Optimizer reset
[controller_server-32] [WARN] [controller_server]: Optimizer fail to compute path
[controller_server-32] [WARN] [controller_server]: Control loop missed its desired rate of 20.0000 Hz. Current loop rate is 500.0000 Hz.
[controller_server-32] [INFO] [controller_server]: Optimizer reset
[controller_server-32] [INFO] [controller_server]: Optimizer reset
[controller_server-32] [WARN] [controller_server]: Optimizer fail to compute path
[controller_server-32] [WARN] [controller_server]: Control loop missed its desired rate of 20.0000 Hz. Current loop rate is 500.0000 Hz.
[controller_server-32] [INFO] [controller_server]: Optimizer reset
[controller_server-32] [INFO] [controller_server]: Optimizer reset
[controller_server-32] [WARN] [controller_server]: Optimizer fail to compute path
[controller_server-32] [INFO] [controller_server]: Optimizer reset
[controller_server-32] [INFO] [controller_server]: Optimizer reset
[controller_server-32] [WARN] [controller_server]: Optimizer fail to compute path
[controller_server-32] [INFO] [controller_server]: Passing new path to controller.
[barn_runner.py-31] [0m[INFO] [BARN_Runner]: Time: 131.44 (s), x: -2.01 (m), y: 9.09 (m)[0m
[controller_server-32] [INFO] [controller_server]: Optimizer reset
[controller_server-32] [INFO] [controller_server]: Optimizer reset
[controller_server-32] [WARN] [controller_server]: Optimizer fail to compute path
[controller_server-32] [INFO] [controller_server]: Optimizer reset
[controller_server-32] [INFO] [controller_server]: Optimizer reset
[controller_server-32] [WARN] [controller_server]: Optimizer fail to compute path
[controller_server-32] [WARN] [controller_server]: Control loop missed its desired rate of 20.0000 Hz. Current loop rate is 200.0000 Hz.
[controller_server-32] [INFO] [controller_server]: Optimizer reset
[controller_server-32] [INFO] [controller_server]: Optimizer reset
[controller_server-32] [WARN] [controller_server]: Optimizer fail to compute path
[controller_server-32] [WARN] [controller_server]: Control loop missed its desired rate of 20.0000 Hz. Current loop rate is 250.0000 Hz.
[controller_server-32] [INFO] [controller_server]: Optimizer reset
[controller_server-32] [INFO] [controller_server]: Optimizer reset
[controller_server-32] [WARN] [controller_server]: Optimizer fail to compute path
[controller_server-32] [INFO] [controller_server]: Optimizer reset
[controller_server-32] [INFO] [controller_server]: Optimizer reset
[controller_server-32] [WARN] [controller_server]: Optimizer fail to compute path
[controller_server-32] [INFO] [controller_server]: Optimizer reset
[controller_server-32] [INFO] [controller_server]: Optimizer reset
[controller_server-32] [WARN] [controller_server]: Optimizer fail to compute path
[controller_server-32] [WARN] [controller_server]: Control loop missed its desired rate of 20.0000 Hz. Current loop rate is 333.3333 Hz.
[controller_server-32] [INFO] [controller_server]: Optimizer reset
[controller_server-32] [INFO] [controller_server]: Optimizer reset
[controller_server-32] [WARN] [controller_server]: Optimizer fail to compute path
[controller_server-32] [WARN] [controller_server]: Control loop missed its desired rate of 20.0000 Hz. Current loop rate is 500.0000 Hz.
[controller_server-32] [INFO] [controller_server]: Optimizer reset
[controller_server-32] [INFO] [controller_server]: Optimizer reset
[controller_server-32] [WARN] [controller_server]: Optimizer fail to compute path
[controller_server-32] [INFO] [controller_server]: Optimizer reset
[controller_server-32] [INFO] [controller_server]: Optimizer reset
[controller_server-32] [WARN] [controller_server]: Optimizer fail to compute path
[controller_server-32] [INFO] [controller_server]: Optimizer reset
[controller_server-32] [INFO] [controller_server]: Optimizer reset
[controller_server-32] [WARN] [controller_server]: Optimizer fail to compute path
[controller_server-32] [INFO] [controller_server]: Optimizer reset
[controller_server-32] [INFO] [controller_server]: Optimizer reset
[controller_server-32] [WARN] [controller_server]: Optimizer fail to compute path
[controller_server-32] [WARN] [controller_server]: Control loop missed its desired rate of 20.0000 Hz. Current loop rate is 200.0000 Hz.
[controller_server-32] [INFO] [controller_server]: Optimizer reset
[controller_server-32] [INFO] [controller_server]: Optimizer reset
[controller_server-32] [WARN] [controller_server]: Optimizer fail to compute path
[controller_server-32] [WARN] [controller_server]: Control loop missed its desired rate of 20.0000 Hz. Current loop rate is 333.3333 Hz.
[controller_server-32] [INFO] [controller_server]: Optimizer reset
[controller_server-32] [INFO] [controller_server]: Optimizer reset
[controller_server-32] [WARN] [controller_server]: Optimizer fail to compute path
[controller_server-32] [INFO] [controller_server]: Optimizer reset
[controller_server-32] [INFO] [controller_server]: Optimizer reset
[controller_server-32] [WARN] [controller_server]: Optimizer fail to compute path
[controller_server-32] [INFO] [controller_server]: Optimizer reset
[controller_server-32] [INFO] [controller_server]: Optimizer reset
[controller_server-32] [WARN] [controller_server]: Optimizer fail to compute path
[controller_server-32] [INFO] [controller_server]: Optimizer reset
[controller_server-32] [INFO] [controller_server]: Optimizer reset
[controller_server-32] [WARN] [controller_server]: Optimizer fail to compute path
[controller_server-32] [WARN] [controller_server]: Control loop missed its desired rate of 20.0000 Hz. Current loop rate is inf Hz.
[controller_server-32] [INFO] [controller_server]: Optimizer reset
[controller_server-32] [INFO] [controller_server]: Optimizer reset
[controller_server-32] [WARN] [controller_server]: Optimizer fail to compute path
[controller_server-32] [WARN] [controller_server]: Control loop missed its desired rate of 20.0000 Hz. Current loop rate is 500.0000 Hz.
[controller_server-32] [INFO] [controller_server]: Optimizer reset
[barn_runner.py-31] [0m[INFO] [BARN_Runner]: Time: 132.44 (s), x: -2.01 (m), y: 9.09 (m)[0m
[controller_server-32] [INFO] [controller_server]: Optimizer reset
[controller_server-32] [WARN] [controller_server]: Optimizer fail to compute path
[controller_server-32] [WARN] [controller_server]: Control loop missed its desired rate of 20.0000 Hz. Current loop rate is 500.0000 Hz.
[controller_server-32] [INFO] [controller_server]: Passing new path to controller.
[controller_server-32] [INFO] [controller_server]: Optimizer reset
[controller_server-32] [INFO] [controller_server]: Optimizer reset
[controller_server-32] [WARN] [controller_server]: Optimizer fail to compute path
[controller_server-32] [INFO] [controller_server]: Optimizer reset
[controller_server-32] [INFO] [controller_server]: Optimizer reset
[controller_server-32] [WARN] [controller_server]: Optimizer fail to compute path
[controller_server-32] [INFO] [controller_server]: Optimizer reset
[controller_server-32] [INFO] [controller_server]: Optimizer reset
[controller_server-32] [WARN] [controller_server]: Optimizer fail to compute path
[controller_server-32] [WARN] [controller_server]: Control loop missed its desired rate of 20.0000 Hz. Current loop rate is 1000.0000 Hz.
[controller_server-32] [INFO] [controller_server]: Optimizer reset
[controller_server-32] [INFO] [controller_server]: Optimizer reset
[controller_server-32] [WARN] [controller_server]: Optimizer fail to compute path
[controller_server-32] [WARN] [controller_server]: Control loop missed its desired rate of 20.0000 Hz. Current loop rate is 333.3333 Hz.
[controller_server-32] [INFO] [controller_server]: Optimizer reset
[controller_server-32] [INFO] [controller_server]: Optimizer reset
[controller_server-32] [WARN] [controller_server]: Optimizer fail to compute path
[controller_server-32] [INFO] [controller_server]: Optimizer reset
[controller_server-32] [INFO] [controller_server]: Optimizer reset
[controller_server-32] [WARN] [controller_server]: Optimizer fail to compute path
[controller_server-32] [INFO] [controller_server]: Optimizer reset
[controller_server-32] [INFO] [controller_server]: Optimizer reset
[controller_server-32] [WARN] [controller_server]: Optimizer fail to compute path
[controller_server-32] [WARN] [controller_server]: Control loop missed its desired rate of 20.0000 Hz. Current loop rate is 333.3333 Hz.
[controller_server-32] [INFO] [controller_server]: Optimizer reset
[controller_server-32] [INFO] [controller_server]: Optimizer reset
[controller_server-32] [WARN] [controller_server]: Optimizer fail to compute path
[controller_server-32] [WARN] [controller_server]: Control loop missed its desired rate of 20.0000 Hz. Current loop rate is 333.3333 Hz.
[controller_server-32] [INFO] [controller_server]: Optimizer reset
[controller_server-32] [INFO] [controller_server]: Optimizer reset
[controller_server-32] [WARN] [controller_server]: Optimizer fail to compute path
[controller_server-32] [WARN] [controller_server]: Control loop missed its desired rate of 20.0000 Hz. Current loop rate is 1000.0000 Hz.
[controller_server-32] [INFO] [controller_server]: Optimizer reset
[controller_server-32] [INFO] [controller_server]: Optimizer reset
[controller_server-32] [WARN] [controller_server]: Optimizer fail to compute path
[controller_server-32] [WARN] [controller_server]: Control loop missed its desired rate of 20.0000 Hz. Current loop rate is 500.0000 Hz.
[controller_server-32] [INFO] [controller_server]: Optimizer reset
[controller_server-32] [INFO] [controller_server]: Optimizer reset
[controller_server-32] [WARN] [controller_server]: Optimizer fail to compute path
[controller_server-32] [INFO] [controller_server]: Optimizer reset
[controller_server-32] [INFO] [controller_server]: Optimizer reset
[controller_server-32] [WARN] [controller_server]: Optimizer fail to compute path
[controller_server-32] [INFO] [controller_server]: Optimizer reset
[controller_server-32] [INFO] [controller_server]: Optimizer reset
[controller_server-32] [WARN] [controller_server]: Optimizer fail to compute path
[controller_server-32] [INFO] [controller_server]: Optimizer reset
[controller_server-32] [INFO] [controller_server]: Optimizer reset
[controller_server-32] [WARN] [controller_server]: Optimizer fail to compute path
[controller_server-32] [WARN] [controller_server]: Control loop missed its desired rate of 20.0000 Hz. Current loop rate is 250.0000 Hz.
[controller_server-32] [INFO] [controller_server]: Optimizer reset
[controller_server-32] [INFO] [controller_server]: Optimizer reset
[controller_server-32] [WARN] [controller_server]: Optimizer fail to compute path
[controller_server-32] [WARN] [controller_server]: Control loop missed its desired rate of 20.0000 Hz. Current loop rate is 500.0000 Hz.
[controller_server-32] [INFO] [controller_server]: Optimizer reset
[controller_server-32] [INFO] [controller_server]: Optimizer reset
[controller_server-32] [WARN] [controller_server]: Optimizer fail to compute path
[controller_server-32] [INFO] [controller_server]: Optimizer reset
[controller_server-32] [INFO] [controller_server]: Optimizer reset
[controller_server-32] [WARN] [controller_server]: Optimizer fail to compute path
[controller_server-32] [WARN] [controller_server]: Control loop missed its desired rate of 20.0000 Hz. Current loop rate is 500.0000 Hz.
[controller_server-32] [INFO] [controller_server]: Optimizer reset
[barn_runner.py-31] [0m[INFO] [BARN_Runner]: Time: 133.46 (s), x: -2.01 (m), y: 9.09 (m)[0m
[controller_server-32] [INFO] [controller_server]: Optimizer reset
[controller_server-32] [WARN] [controller_server]: Optimizer fail to compute path
[controller_server-32] [WARN] [controller_server]: Control loop missed its desired rate of 20.0000 Hz. Current loop rate is inf Hz.
[controller_server-32] [INFO] [controller_server]: Passing new path to controller.
[controller_server-32] [INFO] [controller_server]: Optimizer reset
[controller_server-32] [INFO] [controller_server]: Optimizer reset
[controller_server-32] [WARN] [controller_server]: Optimizer fail to compute path
[controller_server-32] [WARN] [controller_server]: Control loop missed its desired rate of 20.0000 Hz. Current loop rate is 250.0000 Hz.
[controller_server-32] [INFO] [controller_server]: Optimizer reset
[controller_server-32] [INFO] [controller_server]: Optimizer reset
[controller_server-32] [WARN] [controller_server]: Optimizer fail to compute path
[controller_server-32] [INFO] [controller_server]: Optimizer reset
[controller_server-32] [INFO] [controller_server]: Optimizer reset
[controller_server-32] [WARN] [controller_server]: Optimizer fail to compute path
[controller_server-32] [INFO] [controller_server]: Optimizer reset
[controller_server-32] [INFO] [controller_server]: Optimizer reset
[controller_server-32] [WARN] [controller_server]: Optimizer fail to compute path
[controller_server-32] [INFO] [controller_server]: Optimizer reset
[controller_server-32] [INFO] [controller_server]: Optimizer reset
[controller_server-32] [WARN] [controller_server]: Optimizer fail to compute path
[controller_server-32] [INFO] [controller_server]: Optimizer reset
[controller_server-32] [INFO] [controller_server]: Optimizer reset
[controller_server-32] [WARN] [controller_server]: Optimizer fail to compute path
[controller_server-32] [INFO] [controller_server]: Optimizer reset
[controller_server-32] [INFO] [controller_server]: Optimizer reset
[controller_server-32] [WARN] [controller_server]: Optimizer fail to compute path
[controller_server-32] [WARN] [controller_server]: Control loop missed its desired rate of 20.0000 Hz. Current loop rate is 333.3333 Hz.
[controller_server-32] [INFO] [controller_server]: Optimizer reset
[controller_server-32] [INFO] [controller_server]: Optimizer reset
[controller_server-32] [WARN] [controller_server]: Optimizer fail to compute path
[controller_server-32] [INFO] [controller_server]: Optimizer reset
[controller_server-32] [INFO] [controller_server]: Optimizer reset
[controller_server-32] [WARN] [controller_server]: Optimizer fail to compute path
[controller_server-32] [WARN] [controller_server]: Control loop missed its desired rate of 20.0000 Hz. Current loop rate is 166.6667 Hz.
[controller_server-32] [INFO] [controller_server]: Optimizer reset
[controller_server-32] [INFO] [controller_server]: Optimizer reset
[controller_server-32] [WARN] [controller_server]: Optimizer fail to compute path
[controller_server-32] [INFO] [controller_server]: Optimizer reset
[controller_server-32] [INFO] [controller_server]: Optimizer reset
[controller_server-32] [WARN] [controller_server]: Optimizer fail to compute path
[controller_server-32] [WARN] [controller_server]: Control loop missed its desired rate of 20.0000 Hz. Current loop rate is 200.0000 Hz.
[controller_server-32] [INFO] [controller_server]: Optimizer reset
[controller_server-32] [INFO] [controller_server]: Optimizer reset
[controller_server-32] [WARN] [controller_server]: Optimizer fail to compute path
[controller_server-32] [WARN] [controller_server]: Control loop missed its desired rate of 20.0000 Hz. Current loop rate is 333.3333 Hz.
[controller_server-32] [INFO] [controller_server]: Optimizer reset
[controller_server-32] [INFO] [controller_server]: Optimizer reset
[controller_server-32] [WARN] [controller_server]: Optimizer fail to compute path
[controller_server-32] [WARN] [controller_server]: Control loop missed its desired rate of 20.0000 Hz. Current loop rate is 125.0000 Hz.
[controller_server-32] [INFO] [controller_server]: Optimizer reset
[controller_server-32] [INFO] [controller_server]: Optimizer reset
[controller_server-32] [WARN] [controller_server]: Optimizer fail to compute path
[controller_server-32] [WARN] [controller_server]: Control loop missed its desired rate of 20.0000 Hz. Current loop rate is 200.0000 Hz.
[controller_server-32] [INFO] [controller_server]: Optimizer reset
[controller_server-32] [INFO] [controller_server]: Optimizer reset
[controller_server-32] [WARN] [controller_server]: Optimizer fail to compute path
[controller_server-32] [WARN] [controller_server]: Control loop missed its desired rate of 20.0000 Hz. Current loop rate is 250.0000 Hz.
[barn_runner.py-31] [0m[INFO] [BARN_Runner]: Time: 134.46 (s), x: -2.01 (m), y: 9.09 (m)[0m
[controller_server-32] [INFO] [controller_server]: Optimizer reset
[controller_server-32] [INFO] [controller_server]: Optimizer reset
[controller_server-32] [WARN] [controller_server]: Optimizer fail to compute path
[controller_server-32] [WARN] [controller_server]: Control loop missed its desired rate of 20.0000 Hz. Current loop rate is 333.3333 Hz.
[controller_server-32] [INFO] [controller_server]: Passing new path to controller.
[controller_server-32] [INFO] [controller_server]: Optimizer reset
[controller_server-32] [INFO] [controller_server]: Optimizer reset
[controller_server-32] [WARN] [controller_server]: Optimizer fail to compute path
[controller_server-32] [WARN] [controller_server]: Control loop missed its desired rate of 20.0000 Hz. Current loop rate is 200.0000 Hz.
[controller_server-32] [INFO] [controller_server]: Optimizer reset
[controller_server-32] [INFO] [controller_server]: Optimizer reset
[controller_server-32] [WARN] [controller_server]: Optimizer fail to compute path
[controller_server-32] [WARN] [controller_server]: Control loop missed its desired rate of 20.0000 Hz. Current loop rate is 333.3333 Hz.
[controller_server-32] [INFO] [controller_server]: Optimizer reset
[controller_server-32] [INFO] [controller_server]: Optimizer reset
[controller_server-32] [WARN] [controller_server]: Optimizer fail to compute path
[controller_server-32] [INFO] [controller_server]: Optimizer reset
[controller_server-32] [INFO] [controller_server]: Optimizer reset
[controller_server-32] [WARN] [controller_server]: Optimizer fail to compute path
[controller_server-32] [INFO] [controller_server]: Optimizer reset
[controller_server-32] [INFO] [controller_server]: Optimizer reset
[controller_server-32] [WARN] [controller_server]: Optimizer fail to compute path
[controller_server-32] [INFO] [controller_server]: Optimizer reset
[controller_server-32] [INFO] [controller_server]: Optimizer reset
[controller_server-32] [WARN] [controller_server]: Optimizer fail to compute path
[controller_server-32] [INFO] [controller_server]: Optimizer reset
[controller_server-32] [INFO] [controller_server]: Optimizer reset
[controller_server-32] [WARN] [controller_server]: Optimizer fail to compute path
[controller_server-32] [WARN] [controller_server]: Control loop missed its desired rate of 20.0000 Hz. Current loop rate is 333.3333 Hz.
[controller_server-32] [INFO] [controller_server]: Optimizer reset
[controller_server-32] [INFO] [controller_server]: Optimizer reset
[controller_server-32] [WARN] [controller_server]: Optimizer fail to compute path
[controller_server-32] [INFO] [controller_server]: Optimizer reset
[controller_server-32] [INFO] [controller_server]: Optimizer reset
[controller_server-32] [WARN] [controller_server]: Optimizer fail to compute path
[controller_server-32] [INFO] [controller_server]: Optimizer reset
[controller_server-32] [INFO] [controller_server]: Optimizer reset
[controller_server-32] [WARN] [controller_server]: Optimizer fail to compute path
[controller_server-32] [ERROR] [controller_server]: Controller patience exceeded
[controller_server-32] [INFO] [controller_server]: Optimizer reset
[controller_server-32] [WARN] [controller_server]: [follow_path] [ActionServer] Aborting handle.
[controller_server-32] [INFO] [local_costmap.local_costmap]: Received request to clear entirely the local_costmap
[controller_server-32] [INFO] [controller_server]: Received a goal, begin computing control effort.
[controller_server-32] [INFO] [controller_server]: Optimizer reset
[controller_server-32] [INFO] [controller_server]: Optimizer reset
[controller_server-32] [WARN] [controller_server]: Optimizer fail to compute path
[controller_server-32] [WARN] [controller_server]: Control loop missed its desired rate of 20.0000 Hz. Current loop rate is 62.5000 Hz.
[controller_server-32] [INFO] [controller_server]: Optimizer reset
[controller_server-32] [INFO] [controller_server]: Optimizer reset
[controller_server-32] [WARN] [controller_server]: Optimizer fail to compute path
[controller_server-32] [INFO] [controller_server]: Optimizer reset
[controller_server-32] [INFO] [controller_server]: Optimizer reset
[controller_server-32] [WARN] [controller_server]: Optimizer fail to compute path
[controller_server-32] [INFO] [controller_server]: Optimizer reset
[controller_server-32] [INFO] [controller_server]: Optimizer reset
[controller_server-32] [WARN] [controller_server]: Optimizer fail to compute path
[controller_server-32] [INFO] [controller_server]: Optimizer reset
[barn_runner.py-31] [0m[INFO] [BARN_Runner]: Time: 135.48 (s), x: -2.01 (m), y: 9.09 (m)[0m
[controller_server-32] [INFO] [controller_server]: Optimizer reset
[controller_server-32] [WARN] [controller_server]: Optimizer fail to compute path
[controller_server-32] [INFO] [controller_server]: Optimizer reset
[controller_server-32] [INFO] [controller_server]: Optimizer reset
[controller_server-32] [WARN] [controller_server]: Optimizer fail to compute path
[controller_server-32] [INFO] [controller_server]: Passing new path to controller.
[controller_server-32] [INFO] [controller_server]: Optimizer reset
[controller_server-32] [INFO] [controller_server]: Optimizer reset
[controller_server-32] [WARN] [controller_server]: Optimizer fail to compute path
[controller_server-32] [INFO] [controller_server]: Optimizer reset
[controller_server-32] [INFO] [controller_server]: Optimizer reset
[controller_server-32] [WARN] [controller_server]: Optimizer fail to compute path
[controller_server-32] [INFO] [controller_server]: Optimizer reset
[controller_server-32] [INFO] [controller_server]: Optimizer reset
[controller_server-32] [WARN] [controller_server]: Optimizer fail to compute path
[controller_server-32] [INFO] [controller_server]: Optimizer reset
[controller_server-32] [INFO] [controller_server]: Optimizer reset
[controller_server-32] [WARN] [controller_server]: Optimizer fail to compute path
[controller_server-32] [INFO] [controller_server]: Optimizer reset
[controller_server-32] [INFO] [controller_server]: Optimizer reset
[controller_server-32] [WARN] [controller_server]: Optimizer fail to compute path
[controller_server-32] [WARN] [controller_server]: Control loop missed its desired rate of 20.0000 Hz. Current loop rate is 250.0000 Hz.
[controller_server-32] [INFO] [controller_server]: Optimizer reset
[controller_server-32] [INFO] [controller_server]: Optimizer reset
[controller_server-32] [WARN] [controller_server]: Optimizer fail to compute path
[controller_server-32] [INFO] [controller_server]: Optimizer reset
[controller_server-32] [INFO] [controller_server]: Optimizer reset
[controller_server-32] [WARN] [controller_server]: Optimizer fail to compute path
[controller_server-32] [WARN] [controller_server]: Control loop missed its desired rate of 20.0000 Hz. Current loop rate is 500.0000 Hz.
[controller_server-32] [INFO] [controller_server]: Optimizer reset
[controller_server-32] [INFO] [controller_server]: Optimizer reset
[controller_server-32] [WARN] [controller_server]: Optimizer fail to compute path
[controller_server-32] [INFO] [controller_server]: Optimizer reset
[controller_server-32] [INFO] [controller_server]: Optimizer reset
[controller_server-32] [WARN] [controller_server]: Optimizer fail to compute path
[controller_server-32] [INFO] [controller_server]: Optimizer reset
[controller_server-32] [INFO] [controller_server]: Optimizer reset
[controller_server-32] [WARN] [controller_server]: Optimizer fail to compute path
[controller_server-32] [INFO] [controller_server]: Optimizer reset
[controller_server-32] [INFO] [controller_server]: Optimizer reset
[controller_server-32] [WARN] [controller_server]: Optimizer fail to compute path
[controller_server-32] [INFO] [controller_server]: Optimizer reset
[controller_server-32] [INFO] [controller_server]: Optimizer reset
[controller_server-32] [WARN] [controller_server]: Optimizer fail to compute path
[controller_server-32] [INFO] [controller_server]: Optimizer reset
[controller_server-32] [INFO] [controller_server]: Optimizer reset
[controller_server-32] [WARN] [controller_server]: Optimizer fail to compute path
[controller_server-32] [INFO] [controller_server]: Optimizer reset
[controller_server-32] [INFO] [controller_server]: Optimizer reset
[controller_server-32] [WARN] [controller_server]: Optimizer fail to compute path
[controller_server-32] [INFO] [controller_server]: Optimizer reset
[controller_server-32] [INFO] [controller_server]: Optimizer reset
[controller_server-32] [WARN] [controller_server]: Optimizer fail to compute path
[controller_server-32] [INFO] [controller_server]: Optimizer reset
[controller_server-32] [INFO] [controller_server]: Optimizer reset
[controller_server-32] [WARN] [controller_server]: Optimizer fail to compute path
[controller_server-32] [INFO] [controller_server]: Optimizer reset
[controller_server-32] [INFO] [controller_server]: Optimizer reset
[controller_server-32] [WARN] [controller_server]: Optimizer fail to compute path
[controller_server-32] [INFO] [controller_server]: Optimizer reset
[controller_server-32] [INFO] [controller_server]: Optimizer reset
[controller_server-32] [WARN] [controller_server]: Optimizer fail to compute path
[controller_server-32] [WARN] [controller_server]: Control loop missed its desired rate of 20.0000 Hz. Current loop rate is 500.0000 Hz.
[barn_runner.py-31] [0m[INFO] [BARN_Runner]: Time: 136.48 (s), x: -2.01 (m), y: 9.09 (m)[0m
[controller_server-32] [INFO] [controller_server]: Optimizer reset
[controller_server-32] [INFO] [controller_server]: Optimizer reset
[controller_server-32] [WARN] [controller_server]: Optimizer fail to compute path
[controller_server-32] [WARN] [controller_server]: Control loop missed its desired rate of 20.0000 Hz. Current loop rate is 500.0000 Hz.
[controller_server-32] [INFO] [controller_server]: Optimizer reset
[controller_server-32] [INFO] [controller_server]: Optimizer reset
[controller_server-32] [WARN] [controller_server]: Optimizer fail to compute path
[controller_server-32] [INFO] [controller_server]: Passing new path to controller.
[controller_server-32] [INFO] [controller_server]: Optimizer reset
[controller_server-32] [INFO] [controller_server]: Optimizer reset
[controller_server-32] [WARN] [controller_server]: Optimizer fail to compute path
[controller_server-32] [WARN] [controller_server]: Control loop missed its desired rate of 20.0000 Hz. Current loop rate is 333.3333 Hz.
[controller_server-32] [INFO] [controller_server]: Optimizer reset
[controller_server-32] [INFO] [controller_server]: Optimizer reset
[controller_server-32] [WARN] [controller_server]: Optimizer fail to compute path
[controller_server-32] [INFO] [controller_server]: Optimizer reset
[controller_server-32] [INFO] [controller_server]: Optimizer reset
[controller_server-32] [WARN] [controller_server]: Optimizer fail to compute path
[controller_server-32] [INFO] [controller_server]: Optimizer reset
[controller_server-32] [INFO] [controller_server]: Optimizer reset
[controller_server-32] [WARN] [controller_server]: Optimizer fail to compute path
[controller_server-32] [INFO] [controller_server]: Optimizer reset
[controller_server-32] [INFO] [controller_server]: Optimizer reset
[controller_server-32] [WARN] [controller_server]: Optimizer fail to compute path
[controller_server-32] [INFO] [controller_server]: Optimizer reset
[controller_server-32] [INFO] [controller_server]: Optimizer reset
[controller_server-32] [WARN] [controller_server]: Optimizer fail to compute path
[controller_server-32] [INFO] [controller_server]: Optimizer reset
[controller_server-32] [INFO] [controller_server]: Optimizer reset
[controller_server-32] [WARN] [controller_server]: Optimizer fail to compute path
[controller_server-32] [INFO] [controller_server]: Optimizer reset
[controller_server-32] [INFO] [controller_server]: Optimizer reset
[controller_server-32] [WARN] [controller_server]: Optimizer fail to compute path
[controller_server-32] [INFO] [controller_server]: Optimizer reset
[controller_server-32] [INFO] [controller_server]: Optimizer reset
[controller_server-32] [WARN] [controller_server]: Optimizer fail to compute path
[controller_server-32] [INFO] [controller_server]: Optimizer reset
[controller_server-32] [INFO] [controller_server]: Optimizer reset
[controller_server-32] [WARN] [controller_server]: Optimizer fail to compute path
[controller_server-32] [INFO] [controller_server]: Optimizer reset
[controller_server-32] [INFO] [controller_server]: Optimizer reset
[controller_server-32] [WARN] [controller_server]: Optimizer fail to compute path
[controller_server-32] [INFO] [controller_server]: Optimizer reset
[controller_server-32] [INFO] [controller_server]: Optimizer reset
[controller_server-32] [WARN] [controller_server]: Optimizer fail to compute path
[controller_server-32] [INFO] [controller_server]: Optimizer reset
[controller_server-32] [INFO] [controller_server]: Optimizer reset
[controller_server-32] [WARN] [controller_server]: Optimizer fail to compute path
[controller_server-32] [INFO] [controller_server]: Optimizer reset
[controller_server-32] [INFO] [controller_server]: Optimizer reset
[controller_server-32] [WARN] [controller_server]: Optimizer fail to compute path
[controller_server-32] [INFO] [controller_server]: Optimizer reset
[controller_server-32] [INFO] [controller_server]: Optimizer reset
[controller_server-32] [WARN] [controller_server]: Optimizer fail to compute path
[controller_server-32] [INFO] [controller_server]: Optimizer reset
[controller_server-32] [INFO] [controller_server]: Optimizer reset
[controller_server-32] [WARN] [controller_server]: Optimizer fail to compute path
[controller_server-32] [INFO] [controller_server]: Optimizer reset
[controller_server-32] [INFO] [controller_server]: Optimizer reset
[controller_server-32] [WARN] [controller_server]: Optimizer fail to compute path
[controller_server-32] [INFO] [controller_server]: Optimizer reset
[controller_server-32] [INFO] [controller_server]: Optimizer reset
[controller_server-32] [WARN] [controller_server]: Optimizer fail to compute path
[controller_server-32] [INFO] [controller_server]: Optimizer reset
[barn_runner.py-31] [0m[INFO] [BARN_Runner]: Time: 137.51 (s), x: -2.01 (m), y: 9.09 (m)[0m
[controller_server-32] [INFO] [controller_server]: Optimizer reset
[controller_server-32] [WARN] [controller_server]: Optimizer fail to compute path
[controller_server-32] [INFO] [controller_server]: Optimizer reset
[controller_server-32] [INFO] [controller_server]: Optimizer reset
[controller_server-32] [WARN] [controller_server]: Optimizer fail to compute path
[controller_server-32] [INFO] [controller_server]: Optimizer reset
[controller_server-32] [INFO] [controller_server]: Optimizer reset
[controller_server-32] [WARN] [controller_server]: Optimizer fail to compute path
[controller_server-32] [INFO] [controller_server]: Passing new path to controller.
[controller_server-32] [INFO] [controller_server]: Optimizer reset
[controller_server-32] [INFO] [controller_server]: Optimizer reset
[controller_server-32] [WARN] [controller_server]: Optimizer fail to compute path
[controller_server-32] [INFO] [controller_server]: Optimizer reset
[controller_server-32] [INFO] [controller_server]: Optimizer reset
[controller_server-32] [WARN] [controller_server]: Optimizer fail to compute path
[controller_server-32] [INFO] [controller_server]: Optimizer reset
[controller_server-32] [INFO] [controller_server]: Optimizer reset
[controller_server-32] [WARN] [controller_server]: Optimizer fail to compute path
[controller_server-32] [INFO] [controller_server]: Optimizer reset
[controller_server-32] [INFO] [controller_server]: Optimizer reset
[controller_server-32] [WARN] [controller_server]: Optimizer fail to compute path
[controller_server-32] [INFO] [controller_server]: Optimizer reset
[controller_server-32] [INFO] [controller_server]: Optimizer reset
[controller_server-32] [WARN] [controller_server]: Optimizer fail to compute path
[controller_server-32] [INFO] [controller_server]: Optimizer reset
[controller_server-32] [INFO] [controller_server]: Optimizer reset
[controller_server-32] [WARN] [controller_server]: Optimizer fail to compute path
[controller_server-32] [INFO] [controller_server]: Optimizer reset
[controller_server-32] [INFO] [controller_server]: Optimizer reset
[controller_server-32] [WARN] [controller_server]: Optimizer fail to compute path
[controller_server-32] [WARN] [controller_server]: Control loop missed its desired rate of 20.0000 Hz. Current loop rate is 250.0000 Hz.
[controller_server-32] [INFO] [controller_server]: Optimizer reset
[controller_server-32] [INFO] [controller_server]: Optimizer reset
[controller_server-32] [WARN] [controller_server]: Optimizer fail to compute path
[controller_server-32] [WARN] [controller_server]: Control loop missed its desired rate of 20.0000 Hz. Current loop rate is 250.0000 Hz.
[controller_server-32] [INFO] [controller_server]: Optimizer reset
[controller_server-32] [INFO] [controller_server]: Optimizer reset
[controller_server-32] [WARN] [controller_server]: Optimizer fail to compute path
[controller_server-32] [WARN] [controller_server]: Control loop missed its desired rate of 20.0000 Hz. Current loop rate is 200.0000 Hz.
[controller_server-32] [INFO] [controller_server]: Optimizer reset
[controller_server-32] [INFO] [controller_server]: Optimizer reset
[controller_server-32] [WARN] [controller_server]: Optimizer fail to compute path
[controller_server-32] [INFO] [controller_server]: Optimizer reset
[controller_server-32] [INFO] [controller_server]: Optimizer reset
[controller_server-32] [WARN] [controller_server]: Optimizer fail to compute path
[controller_server-32] [INFO] [controller_server]: Optimizer reset
[controller_server-32] [INFO] [controller_server]: Optimizer reset
[controller_server-32] [WARN] [controller_server]: Optimizer fail to compute path
[controller_server-32] [WARN] [controller_server]: Control loop missed its desired rate of 20.0000 Hz. Current loop rate is 333.3333 Hz.
[controller_server-32] [INFO] [controller_server]: Optimizer reset
[controller_server-32] [INFO] [controller_server]: Optimizer reset
[controller_server-32] [WARN] [controller_server]: Optimizer fail to compute path
[controller_server-32] [WARN] [controller_server]: Control loop missed its desired rate of 20.0000 Hz. Current loop rate is 500.0000 Hz.
[controller_server-32] [INFO] [controller_server]: Optimizer reset
[controller_server-32] [INFO] [controller_server]: Optimizer reset
[controller_server-32] [WARN] [controller_server]: Optimizer fail to compute path
[controller_server-32] [INFO] [controller_server]: Optimizer reset
[controller_server-32] [INFO] [controller_server]: Optimizer reset
[controller_server-32] [WARN] [controller_server]: Optimizer fail to compute path
[controller_server-32] [INFO] [controller_server]: Optimizer reset
[barn_runner.py-31] [0m[INFO] [BARN_Runner]: Time: 138.51 (s), x: -2.01 (m), y: 9.09 (m)[0m
[controller_server-32] [INFO] [controller_server]: Optimizer reset
[controller_server-32] [WARN] [controller_server]: Optimizer fail to compute path
[controller_server-32] [INFO] [controller_server]: Optimizer reset
[controller_server-32] [INFO] [controller_server]: Optimizer reset
[controller_server-32] [WARN] [controller_server]: Optimizer fail to compute path
[controller_server-32] [WARN] [controller_server]: Control loop missed its desired rate of 20.0000 Hz. Current loop rate is 333.3333 Hz.
[controller_server-32] [INFO] [controller_server]: Optimizer reset
[controller_server-32] [INFO] [controller_server]: Optimizer reset
[controller_server-32] [WARN] [controller_server]: Optimizer fail to compute path
[controller_server-32] [WARN] [controller_server]: Control loop missed its desired rate of 20.0000 Hz. Current loop rate is 333.3333 Hz.
[controller_server-32] [INFO] [controller_server]: Passing new path to controller.
[controller_server-32] [INFO] [controller_server]: Optimizer reset
[controller_server-32] [INFO] [controller_server]: Optimizer reset
[controller_server-32] [WARN] [controller_server]: Optimizer fail to compute path
[controller_server-32] [INFO] [controller_server]: Optimizer reset
[controller_server-32] [INFO] [controller_server]: Optimizer reset
[controller_server-32] [WARN] [controller_server]: Optimizer fail to compute path
[controller_server-32] [WARN] [controller_server]: Control loop missed its desired rate of 20.0000 Hz. Current loop rate is 500.0000 Hz.
[controller_server-32] [INFO] [controller_server]: Optimizer reset
[controller_server-32] [INFO] [controller_server]: Optimizer reset
[controller_server-32] [WARN] [controller_server]: Optimizer fail to compute path
[controller_server-32] [WARN] [controller_server]: Control loop missed its desired rate of 20.0000 Hz. Current loop rate is 200.0000 Hz.
[controller_server-32] [INFO] [controller_server]: Optimizer reset
[controller_server-32] [INFO] [controller_server]: Optimizer reset
[controller_server-32] [WARN] [controller_server]: Optimizer fail to compute path
[controller_server-32] [INFO] [controller_server]: Optimizer reset
[controller_server-32] [INFO] [controller_server]: Optimizer reset
[controller_server-32] [WARN] [controller_server]: Optimizer fail to compute path
[controller_server-32] [INFO] [controller_server]: Optimizer reset
[controller_server-32] [INFO] [controller_server]: Optimizer reset
[controller_server-32] [WARN] [controller_server]: Optimizer fail to compute path
[controller_server-32] [INFO] [controller_server]: Optimizer reset
[controller_server-32] [INFO] [controller_server]: Optimizer reset
[controller_server-32] [WARN] [controller_server]: Optimizer fail to compute path
[controller_server-32] [INFO] [controller_server]: Optimizer reset
[controller_server-32] [INFO] [controller_server]: Optimizer reset
[controller_server-32] [WARN] [controller_server]: Optimizer fail to compute path
[controller_server-32] [WARN] [controller_server]: Control loop missed its desired rate of 20.0000 Hz. Current loop rate is 333.3333 Hz.
[controller_server-32] [INFO] [controller_server]: Optimizer reset
[controller_server-32] [INFO] [controller_server]: Optimizer reset
[controller_server-32] [WARN] [controller_server]: Optimizer fail to compute path
[controller_server-32] [WARN] [controller_server]: Control loop missed its desired rate of 20.0000 Hz. Current loop rate is 200.0000 Hz.
[controller_server-32] [INFO] [controller_server]: Optimizer reset
[controller_server-32] [INFO] [controller_server]: Optimizer reset
[controller_server-32] [WARN] [controller_server]: Optimizer fail to compute path
[controller_server-32] [INFO] [controller_server]: Optimizer reset
[controller_server-32] [INFO] [controller_server]: Optimizer reset
[controller_server-32] [WARN] [controller_server]: Optimizer fail to compute path
[controller_server-32] [INFO] [controller_server]: Optimizer reset
[controller_server-32] [INFO] [controller_server]: Optimizer reset
[controller_server-32] [WARN] [controller_server]: Optimizer fail to compute path
[controller_server-32] [INFO] [controller_server]: Optimizer reset
[controller_server-32] [INFO] [controller_server]: Optimizer reset
[controller_server-32] [WARN] [controller_server]: Optimizer fail to compute path
[controller_server-32] [WARN] [controller_server]: Control loop missed its desired rate of 20.0000 Hz. Current loop rate is 500.0000 Hz.
[controller_server-32] [INFO] [controller_server]: Optimizer reset
[controller_server-32] [INFO] [controller_server]: Optimizer reset
[controller_server-32] [WARN] [controller_server]: Optimizer fail to compute path
[controller_server-32] [INFO] [controller_server]: Optimizer reset
[controller_server-32] [INFO] [controller_server]: Optimizer reset
[controller_server-32] [WARN] [controller_server]: Optimizer fail to compute path
[controller_server-32] [INFO] [controller_server]: Optimizer reset
[controller_server-32] [INFO] [controller_server]: Optimizer reset
[controller_server-32] [WARN] [controller_server]: Optimizer fail to compute path
[controller_server-32] [INFO] [controller_server]: Optimizer reset
[controller_server-32] [INFO] [controller_server]: Optimizer reset
[controller_server-32] [WARN] [controller_server]: Optimizer fail to compute path
[barn_runner.py-31] [0m[INFO] [BARN_Runner]: Time: 139.53 (s), x: -2.01 (m), y: 9.09 (m)[0m
[controller_server-32] [INFO] [controller_server]: Optimizer reset
[controller_server-32] [INFO] [controller_server]: Optimizer reset
[controller_server-32] [WARN] [controller_server]: Optimizer fail to compute path
[controller_server-32] [WARN] [controller_server]: Control loop missed its desired rate of 20.0000 Hz. Current loop rate is 200.0000 Hz.
[controller_server-32] [INFO] [controller_server]: Optimizer reset
[controller_server-32] [INFO] [controller_server]: Optimizer reset
[controller_server-32] [WARN] [controller_server]: Optimizer fail to compute path
[controller_server-32] [INFO] [controller_server]: Optimizer reset
[controller_server-32] [INFO] [controller_server]: Optimizer reset
[controller_server-32] [WARN] [controller_server]: Optimizer fail to compute path
[controller_server-32] [WARN] [controller_server]: Control loop missed its desired rate of 20.0000 Hz. Current loop rate is 500.0000 Hz.
[controller_server-32] [INFO] [controller_server]: Passing new path to controller.
[controller_server-32] [INFO] [controller_server]: Optimizer reset
[controller_server-32] [INFO] [controller_server]: Optimizer reset
[controller_server-32] [WARN] [controller_server]: Optimizer fail to compute path
[controller_server-32] [WARN] [controller_server]: Control loop missed its desired rate of 20.0000 Hz. Current loop rate is 333.3333 Hz.
[controller_server-32] [INFO] [controller_server]: Optimizer reset
[controller_server-32] [INFO] [controller_server]: Optimizer reset
[controller_server-32] [WARN] [controller_server]: Optimizer fail to compute path
[controller_server-32] [INFO] [controller_server]: Optimizer reset
[controller_server-32] [INFO] [controller_server]: Optimizer reset
[controller_server-32] [WARN] [controller_server]: Optimizer fail to compute path
[controller_server-32] [INFO] [controller_server]: Optimizer reset
[controller_server-32] [INFO] [controller_server]: Optimizer reset
[controller_server-32] [WARN] [controller_server]: Optimizer fail to compute path
[controller_server-32] [INFO] [controller_server]: Optimizer reset
[controller_server-32] [INFO] [controller_server]: Optimizer reset
[controller_server-32] [WARN] [controller_server]: Optimizer fail to compute path
[controller_server-32] [INFO] [controller_server]: Optimizer reset
[controller_server-32] [INFO] [controller_server]: Optimizer reset
[controller_server-32] [WARN] [controller_server]: Optimizer fail to compute path
[controller_server-32] [INFO] [controller_server]: Optimizer reset
[controller_server-32] [INFO] [controller_server]: Optimizer reset
[controller_server-32] [WARN] [controller_server]: Optimizer fail to compute path
[controller_server-32] [WARN] [controller_server]: Control loop missed its desired rate of 20.0000 Hz. Current loop rate is 333.3333 Hz.
[controller_server-32] [INFO] [controller_server]: Optimizer reset
[controller_server-32] [INFO] [controller_server]: Optimizer reset
[controller_server-32] [WARN] [controller_server]: Optimizer fail to compute path
[controller_server-32] [WARN] [controller_server]: Control loop missed its desired rate of 20.0000 Hz. Current loop rate is 250.0000 Hz.
[controller_server-32] [INFO] [controller_server]: Optimizer reset
[controller_server-32] [INFO] [controller_server]: Optimizer reset
[controller_server-32] [WARN] [controller_server]: Optimizer fail to compute path
[controller_server-32] [INFO] [controller_server]: Optimizer reset
[controller_server-32] [INFO] [controller_server]: Optimizer reset
[controller_server-32] [WARN] [controller_server]: Optimizer fail to compute path
[controller_server-32] [WARN] [controller_server]: Control loop missed its desired rate of 20.0000 Hz. Current loop rate is 333.3333 Hz.
[controller_server-32] [INFO] [controller_server]: Optimizer reset
[controller_server-32] [INFO] [controller_server]: Optimizer reset
[controller_server-32] [WARN] [controller_server]: Optimizer fail to compute path
[controller_server-32] [INFO] [controller_server]: Optimizer reset
[controller_server-32] [INFO] [controller_server]: Optimizer reset
[controller_server-32] [WARN] [controller_server]: Optimizer fail to compute path
[controller_server-32] [WARN] [controller_server]: Control loop missed its desired rate of 20.0000 Hz. Current loop rate is 333.3333 Hz.
[controller_server-32] [INFO] [controller_server]: Optimizer reset
[controller_server-32] [INFO] [controller_server]: Optimizer reset
[controller_server-32] [WARN] [controller_server]: Optimizer fail to compute path
[controller_server-32] [INFO] [controller_server]: Optimizer reset
[controller_server-32] [INFO] [controller_server]: Optimizer reset
[controller_server-32] [WARN] [controller_server]: Optimizer fail to compute path
[controller_server-32] [INFO] [controller_server]: Optimizer reset
[controller_server-32] [INFO] [controller_server]: Optimizer reset
[controller_server-32] [WARN] [controller_server]: Optimizer fail to compute path
[barn_runner.py-31] [0m[INFO] [BARN_Runner]: Time: 140.54 (s), x: -2.01 (m), y: 9.09 (m)[0m
[controller_server-32] [INFO] [controller_server]: Optimizer reset
[controller_server-32] [INFO] [controller_server]: Optimizer reset
[controller_server-32] [WARN] [controller_server]: Optimizer fail to compute path
[controller_server-32] [WARN] [controller_server]: Control loop missed its desired rate of 20.0000 Hz. Current loop rate is 333.3333 Hz.
[controller_server-32] [INFO] [controller_server]: Optimizer reset
[controller_server-32] [INFO] [controller_server]: Optimizer reset
[controller_server-32] [WARN] [controller_server]: Optimizer fail to compute path
[controller_server-32] [INFO] [controller_server]: Optimizer reset
[controller_server-32] [INFO] [controller_server]: Optimizer reset
[controller_server-32] [WARN] [controller_server]: Optimizer fail to compute path
[controller_server-32] [INFO] [controller_server]: Optimizer reset
[controller_server-32] [INFO] [controller_server]: Optimizer reset
[controller_server-32] [WARN] [controller_server]: Optimizer fail to compute path
[controller_server-32] [WARN] [controller_server]: Control loop missed its desired rate of 20.0000 Hz. Current loop rate is 1000.0000 Hz.
[controller_server-32] [INFO] [controller_server]: Passing new path to controller.
[controller_server-32] [INFO] [controller_server]: Optimizer reset
[controller_server-32] [INFO] [controller_server]: Optimizer reset
[controller_server-32] [WARN] [controller_server]: Optimizer fail to compute path
[controller_server-32] [ERROR] [controller_server]: Controller patience exceeded
[controller_server-32] [INFO] [controller_server]: Optimizer reset
[controller_server-32] [WARN] [controller_server]: [follow_path] [ActionServer] Aborting handle.
[behavior_server-35] [INFO] [behavior_server]: Running backup
[behavior_server-35] [WARN] [behavior_server]: Collision Ahead - Exiting DriveOnHeading
[behavior_server-35] [WARN] [behavior_server]: backup failed
[behavior_server-35] [WARN] [behavior_server]: [backup] [ActionServer] Aborting handle.
[controller_server-32] [INFO] [local_costmap.local_costmap]: Received request to clear entirely the local_costmap
[planner_server-34] [INFO] [global_costmap.global_costmap]: Received request to clear entirely the global_costmap
[controller_server-32] [INFO] [controller_server]: Received a goal, begin computing control effort.
[barn_runner.py-31] [0m[INFO] [BARN_Runner]: Time: 141.56 (s), x: -2.01 (m), y: 9.09 (m)[0m
[controller_server-32] [INFO] [controller_server]: Optimizer reset
[controller_server-32] [INFO] [controller_server]: Optimizer reset
[controller_server-32] [WARN] [controller_server]: Optimizer fail to compute path
[controller_server-32] [INFO] [controller_server]: Optimizer reset
[controller_server-32] [INFO] [controller_server]: Optimizer reset
[controller_server-32] [WARN] [controller_server]: Optimizer fail to compute path
[controller_server-32] [INFO] [controller_server]: Optimizer reset
[controller_server-32] [INFO] [controller_server]: Optimizer reset
[controller_server-32] [WARN] [controller_server]: Optimizer fail to compute path
[controller_server-32] [INFO] [controller_server]: Optimizer reset
[controller_server-32] [INFO] [controller_server]: Optimizer reset
[controller_server-32] [WARN] [controller_server]: Optimizer fail to compute path
[controller_server-32] [INFO] [controller_server]: Optimizer reset
[controller_server-32] [INFO] [controller_server]: Optimizer reset
[controller_server-32] [WARN] [controller_server]: Optimizer fail to compute path
[controller_server-32] [INFO] [controller_server]: Optimizer reset
[controller_server-32] [INFO] [controller_server]: Optimizer reset
[controller_server-32] [WARN] [controller_server]: Optimizer fail to compute path
[controller_server-32] [INFO] [controller_server]: Optimizer reset
[controller_server-32] [INFO] [controller_server]: Optimizer reset
[controller_server-32] [WARN] [controller_server]: Optimizer fail to compute path
[controller_server-32] [INFO] [controller_server]: Optimizer reset
[controller_server-32] [INFO] [controller_server]: Optimizer reset
[controller_server-32] [WARN] [controller_server]: Optimizer fail to compute path
[controller_server-32] [WARN] [controller_server]: Control loop missed its desired rate of 20.0000 Hz. Current loop rate is 200.0000 Hz.
[controller_server-32] [INFO] [controller_server]: Optimizer reset
[controller_server-32] [INFO] [controller_server]: Optimizer reset
[controller_server-32] [WARN] [controller_server]: Optimizer fail to compute path
[controller_server-32] [INFO] [controller_server]: Optimizer reset
[controller_server-32] [INFO] [controller_server]: Optimizer reset
[controller_server-32] [WARN] [controller_server]: Optimizer fail to compute path
[controller_server-32] [INFO] [controller_server]: Optimizer reset
[controller_server-32] [INFO] [controller_server]: Optimizer reset
[controller_server-32] [WARN] [controller_server]: Optimizer fail to compute path
[controller_server-32] [INFO] [controller_server]: Optimizer reset
[controller_server-32] [INFO] [controller_server]: Optimizer reset
[controller_server-32] [WARN] [controller_server]: Optimizer fail to compute path
[controller_server-32] [INFO] [controller_server]: Optimizer reset
[controller_server-32] [INFO] [controller_server]: Optimizer reset
[controller_server-32] [WARN] [controller_server]: Optimizer fail to compute path
[controller_server-32] [INFO] [controller_server]: Optimizer reset
[controller_server-32] [INFO] [controller_server]: Optimizer reset
[controller_server-32] [WARN] [controller_server]: Optimizer fail to compute path
[controller_server-32] [INFO] [controller_server]: Optimizer reset
[controller_server-32] [INFO] [controller_server]: Optimizer reset
[controller_server-32] [WARN] [controller_server]: Optimizer fail to compute path
[controller_server-32] [INFO] [controller_server]: Optimizer reset
[controller_server-32] [INFO] [controller_server]: Optimizer reset
[controller_server-32] [WARN] [controller_server]: Optimizer fail to compute path
[controller_server-32] [INFO] [controller_server]: Optimizer reset
[controller_server-32] [INFO] [controller_server]: Optimizer reset
[controller_server-32] [WARN] [controller_server]: Optimizer fail to compute path
[controller_server-32] [INFO] [controller_server]: Optimizer reset
[controller_server-32] [INFO] [controller_server]: Optimizer reset
[controller_server-32] [WARN] [controller_server]: Optimizer fail to compute path
[controller_server-32] [INFO] [controller_server]: Optimizer reset
[controller_server-32] [INFO] [controller_server]: Optimizer reset
[controller_server-32] [WARN] [controller_server]: Optimizer fail to compute path
[controller_server-32] [INFO] [controller_server]: Optimizer reset
[controller_server-32] [INFO] [controller_server]: Optimizer reset
[controller_server-32] [WARN] [controller_server]: Optimizer fail to compute path
[controller_server-32] [INFO] [controller_server]: Optimizer reset
[barn_runner.py-31] [0m[INFO] [BARN_Runner]: Time: 142.57 (s), x: -2.01 (m), y: 9.09 (m)[0m
[controller_server-32] [INFO] [controller_server]: Optimizer reset
[controller_server-32] [WARN] [controller_server]: Optimizer fail to compute path
[controller_server-32] [INFO] [controller_server]: Passing new path to controller.
[controller_server-32] [INFO] [controller_server]: Optimizer reset
[controller_server-32] [INFO] [controller_server]: Optimizer reset
[controller_server-32] [WARN] [controller_server]: Optimizer fail to compute path
[controller_server-32] [INFO] [controller_server]: Optimizer reset
[controller_server-32] [INFO] [controller_server]: Optimizer reset
[controller_server-32] [WARN] [controller_server]: Optimizer fail to compute path
[controller_server-32] [INFO] [controller_server]: Optimizer reset
[controller_server-32] [INFO] [controller_server]: Optimizer reset
[controller_server-32] [WARN] [controller_server]: Optimizer fail to compute path
[controller_server-32] [INFO] [controller_server]: Optimizer reset
[controller_server-32] [INFO] [controller_server]: Optimizer reset
[controller_server-32] [WARN] [controller_server]: Optimizer fail to compute path
[controller_server-32] [INFO] [controller_server]: Optimizer reset
[controller_server-32] [INFO] [controller_server]: Optimizer reset
[controller_server-32] [WARN] [controller_server]: Optimizer fail to compute path
[controller_server-32] [INFO] [controller_server]: Optimizer reset
[controller_server-32] [INFO] [controller_server]: Optimizer reset
[controller_server-32] [WARN] [controller_server]: Optimizer fail to compute path
[controller_server-32] [INFO] [controller_server]: Optimizer reset
[controller_server-32] [INFO] [controller_server]: Optimizer reset
[controller_server-32] [WARN] [controller_server]: Optimizer fail to compute path
[controller_server-32] [INFO] [controller_server]: Optimizer reset
[controller_server-32] [INFO] [controller_server]: Optimizer reset
[controller_server-32] [WARN] [controller_server]: Optimizer fail to compute path
[controller_server-32] [INFO] [controller_server]: Optimizer reset
[controller_server-32] [INFO] [controller_server]: Optimizer reset
[controller_server-32] [WARN] [controller_server]: Optimizer fail to compute path
[controller_server-32] [INFO] [controller_server]: Optimizer reset
[controller_server-32] [INFO] [controller_server]: Optimizer reset
[controller_server-32] [WARN] [controller_server]: Optimizer fail to compute path
[controller_server-32] [INFO] [controller_server]: Optimizer reset
[controller_server-32] [INFO] [controller_server]: Optimizer reset
[controller_server-32] [WARN] [controller_server]: Optimizer fail to compute path
[controller_server-32] [INFO] [controller_server]: Optimizer reset
[controller_server-32] [INFO] [controller_server]: Optimizer reset
[controller_server-32] [WARN] [controller_server]: Optimizer fail to compute path
[controller_server-32] [INFO] [controller_server]: Optimizer reset
[controller_server-32] [INFO] [controller_server]: Optimizer reset
[controller_server-32] [WARN] [controller_server]: Optimizer fail to compute path
[controller_server-32] [INFO] [controller_server]: Optimizer reset
[controller_server-32] [INFO] [controller_server]: Optimizer reset
[controller_server-32] [WARN] [controller_server]: Optimizer fail to compute path
[controller_server-32] [INFO] [controller_server]: Optimizer reset
[controller_server-32] [INFO] [controller_server]: Optimizer reset
[controller_server-32] [WARN] [controller_server]: Optimizer fail to compute path
[controller_server-32] [INFO] [controller_server]: Optimizer reset
[controller_server-32] [INFO] [controller_server]: Optimizer reset
[controller_server-32] [WARN] [controller_server]: Optimizer fail to compute path
[controller_server-32] [INFO] [controller_server]: Optimizer reset
[controller_server-32] [INFO] [controller_server]: Optimizer reset
[controller_server-32] [WARN] [controller_server]: Optimizer fail to compute path
[controller_server-32] [INFO] [controller_server]: Optimizer reset
[controller_server-32] [INFO] [controller_server]: Optimizer reset
[controller_server-32] [WARN] [controller_server]: Optimizer fail to compute path
[controller_server-32] [INFO] [controller_server]: Optimizer reset
[controller_server-32] [INFO] [controller_server]: Optimizer reset
[controller_server-32] [WARN] [controller_server]: Optimizer fail to compute path
[controller_server-32] [INFO] [controller_server]: Optimizer reset
[controller_server-32] [INFO] [controller_server]: Optimizer reset
[controller_server-32] [WARN] [controller_server]: Optimizer fail to compute path
[barn_runner.py-31] [0m[INFO] [BARN_Runner]: Time: 143.58 (s), x: -2.01 (m), y: 9.09 (m)[0m
[controller_server-32] [INFO] [controller_server]: Optimizer reset
[controller_server-32] [INFO] [controller_server]: Optimizer reset
[controller_server-32] [WARN] [controller_server]: Optimizer fail to compute path
[controller_server-32] [INFO] [controller_server]: Passing new path to controller.
[controller_server-32] [INFO] [controller_server]: Optimizer reset
[controller_server-32] [INFO] [controller_server]: Optimizer reset
[controller_server-32] [WARN] [controller_server]: Optimizer fail to compute path
[controller_server-32] [INFO] [controller_server]: Optimizer reset
[controller_server-32] [INFO] [controller_server]: Optimizer reset
[controller_server-32] [WARN] [controller_server]: Optimizer fail to compute path
[controller_server-32] [INFO] [controller_server]: Optimizer reset
[controller_server-32] [INFO] [controller_server]: Optimizer reset
[controller_server-32] [WARN] [controller_server]: Optimizer fail to compute path
[controller_server-32] [INFO] [controller_server]: Optimizer reset
[controller_server-32] [INFO] [controller_server]: Optimizer reset
[controller_server-32] [WARN] [controller_server]: Optimizer fail to compute path
[controller_server-32] [INFO] [controller_server]: Optimizer reset
[controller_server-32] [INFO] [controller_server]: Optimizer reset
[controller_server-32] [WARN] [controller_server]: Optimizer fail to compute path
[controller_server-32] [INFO] [controller_server]: Optimizer reset
[controller_server-32] [INFO] [controller_server]: Optimizer reset
[controller_server-32] [WARN] [controller_server]: Optimizer fail to compute path
[controller_server-32] [INFO] [controller_server]: Optimizer reset
[controller_server-32] [INFO] [controller_server]: Optimizer reset
[controller_server-32] [WARN] [controller_server]: Optimizer fail to compute path
[controller_server-32] [INFO] [controller_server]: Optimizer reset
[controller_server-32] [INFO] [controller_server]: Optimizer reset
[controller_server-32] [WARN] [controller_server]: Optimizer fail to compute path
[controller_server-32] [INFO] [controller_server]: Optimizer reset
[controller_server-32] [INFO] [controller_server]: Optimizer reset
[controller_server-32] [WARN] [controller_server]: Optimizer fail to compute path
[controller_server-32] [INFO] [controller_server]: Optimizer reset
[controller_server-32] [INFO] [controller_server]: Optimizer reset
[controller_server-32] [WARN] [controller_server]: Optimizer fail to compute path
[controller_server-32] [INFO] [controller_server]: Optimizer reset
[controller_server-32] [INFO] [controller_server]: Optimizer reset
[controller_server-32] [WARN] [controller_server]: Optimizer fail to compute path
[controller_server-32] [INFO] [controller_server]: Optimizer reset
[controller_server-32] [INFO] [controller_server]: Optimizer reset
[controller_server-32] [WARN] [controller_server]: Optimizer fail to compute path
[controller_server-32] [INFO] [controller_server]: Optimizer reset
[controller_server-32] [INFO] [controller_server]: Optimizer reset
[controller_server-32] [WARN] [controller_server]: Optimizer fail to compute path
[controller_server-32] [INFO] [controller_server]: Optimizer reset
[controller_server-32] [INFO] [controller_server]: Optimizer reset
[controller_server-32] [WARN] [controller_server]: Optimizer fail to compute path
[controller_server-32] [INFO] [controller_server]: Optimizer reset
[controller_server-32] [INFO] [controller_server]: Optimizer reset
[controller_server-32] [WARN] [controller_server]: Optimizer fail to compute path
[controller_server-32] [INFO] [controller_server]: Optimizer reset
[controller_server-32] [INFO] [controller_server]: Optimizer reset
[controller_server-32] [WARN] [controller_server]: Optimizer fail to compute path
[controller_server-32] [INFO] [controller_server]: Optimizer reset
[controller_server-32] [INFO] [controller_server]: Optimizer reset
[controller_server-32] [WARN] [controller_server]: Optimizer fail to compute path
[controller_server-32] [INFO] [controller_server]: Optimizer reset
[controller_server-32] [INFO] [controller_server]: Optimizer reset
[controller_server-32] [WARN] [controller_server]: Optimizer fail to compute path
[controller_server-32] [INFO] [controller_server]: Optimizer reset
[controller_server-32] [INFO] [controller_server]: Optimizer reset
[controller_server-32] [WARN] [controller_server]: Optimizer fail to compute path
[barn_runner.py-31] [0m[INFO] [BARN_Runner]: Time: 144.59 (s), x: -2.01 (m), y: 9.09 (m)[0m
[controller_server-32] [INFO] [controller_server]: Optimizer reset
[controller_server-32] [INFO] [controller_server]: Optimizer reset
[controller_server-32] [WARN] [controller_server]: Optimizer fail to compute path
[controller_server-32] [INFO] [controller_server]: Passing new path to controller.
[controller_server-32] [INFO] [controller_server]: Optimizer reset
[controller_server-32] [INFO] [controller_server]: Optimizer reset
[controller_server-32] [WARN] [controller_server]: Optimizer fail to compute path
[controller_server-32] [INFO] [controller_server]: Optimizer reset
[controller_server-32] [INFO] [controller_server]: Optimizer reset
[controller_server-32] [WARN] [controller_server]: Optimizer fail to compute path
[controller_server-32] [INFO] [controller_server]: Optimizer reset
[controller_server-32] [INFO] [controller_server]: Optimizer reset
[controller_server-32] [WARN] [controller_server]: Optimizer fail to compute path
[controller_server-32] [INFO] [controller_server]: Optimizer reset
[controller_server-32] [INFO] [controller_server]: Optimizer reset
[controller_server-32] [WARN] [controller_server]: Optimizer fail to compute path
[controller_server-32] [INFO] [controller_server]: Optimizer reset
[controller_server-32] [INFO] [controller_server]: Optimizer reset
[controller_server-32] [WARN] [controller_server]: Optimizer fail to compute path
[controller_server-32] [INFO] [controller_server]: Optimizer reset
[controller_server-32] [INFO] [controller_server]: Optimizer reset
[controller_server-32] [WARN] [controller_server]: Optimizer fail to compute path
[controller_server-32] [INFO] [controller_server]: Optimizer reset
[controller_server-32] [INFO] [controller_server]: Optimizer reset
[controller_server-32] [WARN] [controller_server]: Optimizer fail to compute path
[controller_server-32] [INFO] [controller_server]: Optimizer reset
[controller_server-32] [INFO] [controller_server]: Optimizer reset
[controller_server-32] [WARN] [controller_server]: Optimizer fail to compute path
[controller_server-32] [INFO] [controller_server]: Optimizer reset
[controller_server-32] [INFO] [controller_server]: Optimizer reset
[controller_server-32] [WARN] [controller_server]: Optimizer fail to compute path
[controller_server-32] [INFO] [controller_server]: Optimizer reset
[controller_server-32] [INFO] [controller_server]: Optimizer reset
[controller_server-32] [WARN] [controller_server]: Optimizer fail to compute path
[controller_server-32] [INFO] [controller_server]: Optimizer reset
[controller_server-32] [INFO] [controller_server]: Optimizer reset
[controller_server-32] [WARN] [controller_server]: Optimizer fail to compute path
[controller_server-32] [INFO] [controller_server]: Optimizer reset
[controller_server-32] [INFO] [controller_server]: Optimizer reset
[controller_server-32] [WARN] [controller_server]: Optimizer fail to compute path
[controller_server-32] [INFO] [controller_server]: Optimizer reset
[controller_server-32] [INFO] [controller_server]: Optimizer reset
[controller_server-32] [WARN] [controller_server]: Optimizer fail to compute path
[controller_server-32] [INFO] [controller_server]: Optimizer reset
[controller_server-32] [INFO] [controller_server]: Optimizer reset
[controller_server-32] [WARN] [controller_server]: Optimizer fail to compute path
[controller_server-32] [INFO] [controller_server]: Optimizer reset
[controller_server-32] [INFO] [controller_server]: Optimizer reset
[controller_server-32] [WARN] [controller_server]: Optimizer fail to compute path
[controller_server-32] [INFO] [controller_server]: Optimizer reset
[controller_server-32] [INFO] [controller_server]: Optimizer reset
[controller_server-32] [WARN] [controller_server]: Optimizer fail to compute path
[controller_server-32] [INFO] [controller_server]: Optimizer reset
[controller_server-32] [INFO] [controller_server]: Optimizer reset
[controller_server-32] [WARN] [controller_server]: Optimizer fail to compute path
[controller_server-32] [INFO] [controller_server]: Optimizer reset
[controller_server-32] [INFO] [controller_server]: Optimizer reset
[controller_server-32] [WARN] [controller_server]: Optimizer fail to compute path
[controller_server-32] [ERROR] [controller_server]: Controller patience exceeded
[controller_server-32] [INFO] [controller_server]: Optimizer reset
[controller_server-32] [WARN] [controller_server]: [follow_path] [ActionServer] Aborting handle.
[controller_server-32] [INFO] [local_costmap.local_costmap]: Received request to clear entirely the local_costmap
[controller_server-32] [INFO] [controller_server]: Received a goal, begin computing control effort.
[barn_runner.py-31] [0m[INFO] [BARN_Runner]: Time: 145.59 (s), x: -2.01 (m), y: 9.09 (m)[0m
[controller_server-32] [INFO] [controller_server]: Passing new path to controller.
[controller_server-32] [INFO] [controller_server]: Optimizer reset
[controller_server-32] [INFO] [controller_server]: Optimizer reset
[controller_server-32] [WARN] [controller_server]: Optimizer fail to compute path
[controller_server-32] [WARN] [controller_server]: Control loop missed its desired rate of 20.0000 Hz. Current loop rate is 58.8235 Hz.
[controller_server-32] [INFO] [controller_server]: Optimizer reset
[controller_server-32] [INFO] [controller_server]: Optimizer reset
[controller_server-32] [WARN] [controller_server]: Optimizer fail to compute path
[controller_server-32] [INFO] [controller_server]: Optimizer reset
[controller_server-32] [INFO] [controller_server]: Optimizer reset
[controller_server-32] [WARN] [controller_server]: Optimizer fail to compute path
[controller_server-32] [INFO] [controller_server]: Optimizer reset
[controller_server-32] [INFO] [controller_server]: Optimizer reset
[controller_server-32] [WARN] [controller_server]: Optimizer fail to compute path
[controller_server-32] [INFO] [controller_server]: Optimizer reset
[controller_server-32] [INFO] [controller_server]: Optimizer reset
[controller_server-32] [WARN] [controller_server]: Optimizer fail to compute path
[controller_server-32] [INFO] [controller_server]: Optimizer reset
[controller_server-32] [INFO] [controller_server]: Optimizer reset
[controller_server-32] [WARN] [controller_server]: Optimizer fail to compute path
[controller_server-32] [INFO] [controller_server]: Optimizer reset
[controller_server-32] [INFO] [controller_server]: Optimizer reset
[controller_server-32] [WARN] [controller_server]: Optimizer fail to compute path
[controller_server-32] [INFO] [controller_server]: Optimizer reset
[controller_server-32] [INFO] [controller_server]: Optimizer reset
[controller_server-32] [WARN] [controller_server]: Optimizer fail to compute path
[controller_server-32] [INFO] [controller_server]: Optimizer reset
[controller_server-32] [INFO] [controller_server]: Optimizer reset
[controller_server-32] [WARN] [controller_server]: Optimizer fail to compute path
[controller_server-32] [INFO] [controller_server]: Optimizer reset
[controller_server-32] [INFO] [controller_server]: Optimizer reset
[controller_server-32] [WARN] [controller_server]: Optimizer fail to compute path
[controller_server-32] [INFO] [controller_server]: Optimizer reset
[controller_server-32] [INFO] [controller_server]: Optimizer reset
[controller_server-32] [WARN] [controller_server]: Optimizer fail to compute path
[controller_server-32] [INFO] [controller_server]: Optimizer reset
[controller_server-32] [INFO] [controller_server]: Optimizer reset
[controller_server-32] [WARN] [controller_server]: Optimizer fail to compute path
[controller_server-32] [INFO] [controller_server]: Optimizer reset
[controller_server-32] [INFO] [controller_server]: Optimizer reset
[controller_server-32] [WARN] [controller_server]: Optimizer fail to compute path
[controller_server-32] [INFO] [controller_server]: Optimizer reset
[controller_server-32] [INFO] [controller_server]: Optimizer reset
[controller_server-32] [WARN] [controller_server]: Optimizer fail to compute path
[controller_server-32] [INFO] [controller_server]: Optimizer reset
[controller_server-32] [INFO] [controller_server]: Optimizer reset
[controller_server-32] [WARN] [controller_server]: Optimizer fail to compute path
[controller_server-32] [INFO] [controller_server]: Optimizer reset
[controller_server-32] [INFO] [controller_server]: Optimizer reset
[controller_server-32] [WARN] [controller_server]: Optimizer fail to compute path
[controller_server-32] [INFO] [controller_server]: Optimizer reset
[controller_server-32] [INFO] [controller_server]: Optimizer reset
[controller_server-32] [WARN] [controller_server]: Optimizer fail to compute path
[controller_server-32] [INFO] [controller_server]: Optimizer reset
[controller_server-32] [INFO] [controller_server]: Optimizer reset
[controller_server-32] [WARN] [controller_server]: Optimizer fail to compute path
[barn_runner.py-31] [0m[INFO] [BARN_Runner]: Time: 146.60 (s), x: -2.01 (m), y: 9.09 (m)[0m
[controller_server-32] [INFO] [controller_server]: Optimizer reset
[controller_server-32] [INFO] [controller_server]: Optimizer reset
[controller_server-32] [WARN] [controller_server]: Optimizer fail to compute path
[controller_server-32] [WARN] [controller_server]: Control loop missed its desired rate of 20.0000 Hz. Current loop rate is 250.0000 Hz.
[controller_server-32] [INFO] [controller_server]: Optimizer reset
[controller_server-32] [INFO] [controller_server]: Optimizer reset
[controller_server-32] [WARN] [controller_server]: Optimizer fail to compute path
[controller_server-32] [INFO] [controller_server]: Passing new path to controller.
[controller_server-32] [INFO] [controller_server]: Optimizer reset
[controller_server-32] [INFO] [controller_server]: Optimizer reset
[controller_server-32] [WARN] [controller_server]: Optimizer fail to compute path
[controller_server-32] [INFO] [controller_server]: Optimizer reset
[controller_server-32] [INFO] [controller_server]: Optimizer reset
[controller_server-32] [WARN] [controller_server]: Optimizer fail to compute path
[controller_server-32] [INFO] [controller_server]: Optimizer reset
[controller_server-32] [INFO] [controller_server]: Optimizer reset
[controller_server-32] [WARN] [controller_server]: Optimizer fail to compute path
[controller_server-32] [INFO] [controller_server]: Optimizer reset
[controller_server-32] [INFO] [controller_server]: Optimizer reset
[controller_server-32] [WARN] [controller_server]: Optimizer fail to compute path
[controller_server-32] [INFO] [controller_server]: Optimizer reset
[controller_server-32] [INFO] [controller_server]: Optimizer reset
[controller_server-32] [WARN] [controller_server]: Optimizer fail to compute path
[controller_server-32] [INFO] [controller_server]: Optimizer reset
[controller_server-32] [INFO] [controller_server]: Optimizer reset
[controller_server-32] [WARN] [controller_server]: Optimizer fail to compute path
[controller_server-32] [INFO] [controller_server]: Optimizer reset
[controller_server-32] [INFO] [controller_server]: Optimizer reset
[controller_server-32] [WARN] [controller_server]: Optimizer fail to compute path
[controller_server-32] [INFO] [controller_server]: Optimizer reset
[controller_server-32] [INFO] [controller_server]: Optimizer reset
[controller_server-32] [WARN] [controller_server]: Optimizer fail to compute path
[controller_server-32] [INFO] [controller_server]: Optimizer reset
[controller_server-32] [INFO] [controller_server]: Optimizer reset
[controller_server-32] [WARN] [controller_server]: Optimizer fail to compute path
[controller_server-32] [INFO] [controller_server]: Optimizer reset
[controller_server-32] [INFO] [controller_server]: Optimizer reset
[controller_server-32] [WARN] [controller_server]: Optimizer fail to compute path
[controller_server-32] [INFO] [controller_server]: Optimizer reset
[controller_server-32] [INFO] [controller_server]: Optimizer reset
[controller_server-32] [WARN] [controller_server]: Optimizer fail to compute path
[controller_server-32] [INFO] [controller_server]: Optimizer reset
[controller_server-32] [INFO] [controller_server]: Optimizer reset
[controller_server-32] [WARN] [controller_server]: Optimizer fail to compute path
[controller_server-32] [INFO] [controller_server]: Optimizer reset
[controller_server-32] [INFO] [controller_server]: Optimizer reset
[controller_server-32] [WARN] [controller_server]: Optimizer fail to compute path
[controller_server-32] [INFO] [controller_server]: Optimizer reset
[controller_server-32] [INFO] [controller_server]: Optimizer reset
[controller_server-32] [WARN] [controller_server]: Optimizer fail to compute path
[controller_server-32] [INFO] [controller_server]: Optimizer reset
[controller_server-32] [INFO] [controller_server]: Optimizer reset
[controller_server-32] [WARN] [controller_server]: Optimizer fail to compute path
[controller_server-32] [INFO] [controller_server]: Optimizer reset
[controller_server-32] [INFO] [controller_server]: Optimizer reset
[controller_server-32] [WARN] [controller_server]: Optimizer fail to compute path
[controller_server-32] [INFO] [controller_server]: Optimizer reset
[controller_server-32] [INFO] [controller_server]: Optimizer reset
[controller_server-32] [WARN] [controller_server]: Optimizer fail to compute path
[controller_server-32] [INFO] [controller_server]: Optimizer reset
[controller_server-32] [INFO] [controller_server]: Optimizer reset
[controller_server-32] [WARN] [controller_server]: Optimizer fail to compute path
[barn_runner.py-31] [0m[INFO] [BARN_Runner]: Time: 147.62 (s), x: -2.01 (m), y: 9.09 (m)[0m
[controller_server-32] [INFO] [controller_server]: Optimizer reset
[controller_server-32] [INFO] [controller_server]: Optimizer reset
[controller_server-32] [WARN] [controller_server]: Optimizer fail to compute path
[controller_server-32] [INFO] [controller_server]: Optimizer reset
[controller_server-32] [INFO] [controller_server]: Optimizer reset
[controller_server-32] [WARN] [controller_server]: Optimizer fail to compute path
[controller_server-32] [INFO] [controller_server]: Optimizer reset
[controller_server-32] [INFO] [controller_server]: Optimizer reset
[controller_server-32] [WARN] [controller_server]: Optimizer fail to compute path
[controller_server-32] [INFO] [controller_server]: Passing new path to controller.
[controller_server-32] [INFO] [controller_server]: Optimizer reset
[controller_server-32] [INFO] [controller_server]: Optimizer reset
[controller_server-32] [WARN] [controller_server]: Optimizer fail to compute path
[controller_server-32] [INFO] [controller_server]: Optimizer reset
[controller_server-32] [INFO] [controller_server]: Optimizer reset
[controller_server-32] [WARN] [controller_server]: Optimizer fail to compute path
[controller_server-32] [INFO] [controller_server]: Optimizer reset
[controller_server-32] [INFO] [controller_server]: Optimizer reset
[controller_server-32] [WARN] [controller_server]: Optimizer fail to compute path
[controller_server-32] [INFO] [controller_server]: Optimizer reset
[controller_server-32] [INFO] [controller_server]: Optimizer reset
[controller_server-32] [WARN] [controller_server]: Optimizer fail to compute path
[controller_server-32] [INFO] [controller_server]: Optimizer reset
[controller_server-32] [INFO] [controller_server]: Optimizer reset
[controller_server-32] [WARN] [controller_server]: Optimizer fail to compute path
[controller_server-32] [INFO] [controller_server]: Optimizer reset
[controller_server-32] [INFO] [controller_server]: Optimizer reset
[controller_server-32] [WARN] [controller_server]: Optimizer fail to compute path
[controller_server-32] [INFO] [controller_server]: Optimizer reset
[controller_server-32] [INFO] [controller_server]: Optimizer reset
[controller_server-32] [WARN] [controller_server]: Optimizer fail to compute path
[controller_server-32] [INFO] [controller_server]: Optimizer reset
[controller_server-32] [INFO] [controller_server]: Optimizer reset
[controller_server-32] [WARN] [controller_server]: Optimizer fail to compute path
[controller_server-32] [INFO] [controller_server]: Optimizer reset
[controller_server-32] [INFO] [controller_server]: Optimizer reset
[controller_server-32] [WARN] [controller_server]: Optimizer fail to compute path
[controller_server-32] [INFO] [controller_server]: Optimizer reset
[controller_server-32] [INFO] [controller_server]: Optimizer reset
[controller_server-32] [WARN] [controller_server]: Optimizer fail to compute path
[controller_server-32] [INFO] [controller_server]: Optimizer reset
[controller_server-32] [INFO] [controller_server]: Optimizer reset
[controller_server-32] [WARN] [controller_server]: Optimizer fail to compute path
[controller_server-32] [INFO] [controller_server]: Optimizer reset
[controller_server-32] [INFO] [controller_server]: Optimizer reset
[controller_server-32] [WARN] [controller_server]: Optimizer fail to compute path
[controller_server-32] [INFO] [controller_server]: Optimizer reset
[controller_server-32] [INFO] [controller_server]: Optimizer reset
[controller_server-32] [WARN] [controller_server]: Optimizer fail to compute path
[controller_server-32] [INFO] [controller_server]: Optimizer reset
[controller_server-32] [INFO] [controller_server]: Optimizer reset
[controller_server-32] [WARN] [controller_server]: Optimizer fail to compute path
[controller_server-32] [INFO] [controller_server]: Optimizer reset
[controller_server-32] [INFO] [controller_server]: Optimizer reset
[controller_server-32] [WARN] [controller_server]: Optimizer fail to compute path
[controller_server-32] [INFO] [controller_server]: Optimizer reset
[controller_server-32] [INFO] [controller_server]: Optimizer reset
[controller_server-32] [WARN] [controller_server]: Optimizer fail to compute path
[controller_server-32] [INFO] [controller_server]: Optimizer reset
[controller_server-32] [INFO] [controller_server]: Optimizer reset
[controller_server-32] [WARN] [controller_server]: Optimizer fail to compute path
[controller_server-32] [INFO] [controller_server]: Optimizer reset
[barn_runner.py-31] [0m[INFO] [BARN_Runner]: Time: 148.63 (s), x: -2.01 (m), y: 9.09 (m)[0m
[controller_server-32] [INFO] [controller_server]: Optimizer reset
[controller_server-32] [WARN] [controller_server]: Optimizer fail to compute path
[controller_server-32] [INFO] [controller_server]: Optimizer reset
[controller_server-32] [INFO] [controller_server]: Optimizer reset
[controller_server-32] [WARN] [controller_server]: Optimizer fail to compute path
[controller_server-32] [INFO] [controller_server]: Optimizer reset
[controller_server-32] [INFO] [controller_server]: Optimizer reset
[controller_server-32] [WARN] [controller_server]: Optimizer fail to compute path
[controller_server-32] [INFO] [controller_server]: Passing new path to controller.
[controller_server-32] [INFO] [controller_server]: Optimizer reset
[controller_server-32] [INFO] [controller_server]: Optimizer reset
[controller_server-32] [WARN] [controller_server]: Optimizer fail to compute path
[controller_server-32] [INFO] [controller_server]: Optimizer reset
[controller_server-32] [INFO] [controller_server]: Optimizer reset
[controller_server-32] [WARN] [controller_server]: Optimizer fail to compute path
[controller_server-32] [INFO] [controller_server]: Optimizer reset
[controller_server-32] [INFO] [controller_server]: Optimizer reset
[controller_server-32] [WARN] [controller_server]: Optimizer fail to compute path
[controller_server-32] [INFO] [controller_server]: Optimizer reset
[controller_server-32] [INFO] [controller_server]: Optimizer reset
[controller_server-32] [WARN] [controller_server]: Optimizer fail to compute path
[controller_server-32] [INFO] [controller_server]: Optimizer reset
[controller_server-32] [INFO] [controller_server]: Optimizer reset
[controller_server-32] [WARN] [controller_server]: Optimizer fail to compute path
[controller_server-32] [WARN] [controller_server]: Control loop missed its desired rate of 20.0000 Hz. Current loop rate is 200.0000 Hz.
[controller_server-32] [INFO] [controller_server]: Optimizer reset
[controller_server-32] [INFO] [controller_server]: Optimizer reset
[controller_server-32] [WARN] [controller_server]: Optimizer fail to compute path
[controller_server-32] [WARN] [controller_server]: Control loop missed its desired rate of 20.0000 Hz. Current loop rate is 200.0000 Hz.
[controller_server-32] [INFO] [controller_server]: Optimizer reset
[controller_server-32] [INFO] [controller_server]: Optimizer reset
[controller_server-32] [WARN] [controller_server]: Optimizer fail to compute path
[controller_server-32] [INFO] [controller_server]: Optimizer reset
[controller_server-32] [INFO] [controller_server]: Optimizer reset
[controller_server-32] [WARN] [controller_server]: Optimizer fail to compute path
[controller_server-32] [INFO] [controller_server]: Optimizer reset
[controller_server-32] [INFO] [controller_server]: Optimizer reset
[controller_server-32] [WARN] [controller_server]: Optimizer fail to compute path
[controller_server-32] [INFO] [controller_server]: Optimizer reset
[controller_server-32] [INFO] [controller_server]: Optimizer reset
[controller_server-32] [WARN] [controller_server]: Optimizer fail to compute path
[controller_server-32] [INFO] [controller_server]: Optimizer reset
[controller_server-32] [INFO] [controller_server]: Optimizer reset
[controller_server-32] [WARN] [controller_server]: Optimizer fail to compute path
[controller_server-32] [ERROR] [controller_server]: Controller patience exceeded
[controller_server-32] [INFO] [controller_server]: Optimizer reset
[controller_server-32] [WARN] [controller_server]: [follow_path] [ActionServer] Aborting handle.
[behavior_server-35] [INFO] [behavior_server]: Running spin
[behavior_server-35] [INFO] [behavior_server]: Turning 1.57 for spin behavior.
[behavior_server-35] [WARN] [behavior_server]: Collision Ahead - Exiting Spin
[behavior_server-35] [WARN] [behavior_server]: spin failed
[behavior_server-35] [WARN] [behavior_server]: [spin] [ActionServer] Aborting handle.
[barn_runner.py-31] [0m[INFO] [BARN_Runner]: Time: 149.63 (s), x: -2.01 (m), y: 9.09 (m)[0m
[behavior_server-35] [INFO] [behavior_server]: Running wait
[barn_runner.py-31] [0m[INFO] [BARN_Runner]: Time: 150.64 (s), x: -2.01 (m), y: 9.09 (m)[0m
[barn_runner.py-31] [0m[INFO] [BARN_Runner]: Time: 151.66 (s), x: -2.01 (m), y: 9.09 (m)[0m
[barn_runner.py-31] [0m[INFO] [BARN_Runner]: Time: 152.67 (s), x: -2.01 (m), y: 9.09 (m)[0m
[gazebo-1] [WARN] [platform_velocity_controller]: Ignoring the received message (timestamp 20.4050000000) because it is older than the current time by 0.5050000000 seconds, which exceeds the allowed timeout (0.5000)
[gazebo-1] [WARN] [platform_velocity_controller]: Ignoring the received message (timestamp 20.4050000000) because it is older than the current time by 0.5100000000 seconds, which exceeds the allowed timeout (0.5000)
[gazebo-1] [WARN] [platform_velocity_controller]: Ignoring the received message (timestamp 20.4050000000) because it is older than the current time by 0.5160000000 seconds, which exceeds the allowed timeout (0.5000)
[gazebo-1] [WARN] [platform_velocity_controller]: Ignoring the received message (timestamp 20.4050000000) because it is older than the current time by 0.5210000000 seconds, which exceeds the allowed timeout (0.5000)
[barn_runner.py-31] [0m[INFO] [BARN_Runner]: Time: 153.68 (s), x: -2.01 (m), y: 9.09 (m)[0m
[gazebo-1] [WARN] [platform_velocity_controller]: Ignoring the received message (timestamp 20.4050000000) because it is older than the current time by 0.5280000000 seconds, which exceeds the allowed timeout (0.5000)
[gazebo-1] [WARN] [platform_velocity_controller]: Ignoring the received message (timestamp 20.4050000000) because it is older than the current time by 0.5330000000 seconds, which exceeds the allowed timeout (0.5000)
[gazebo-1] [WARN] [platform_velocity_controller]: Ignoring the received message (timestamp 20.4050000000) because it is older than the current time by 0.5410000000 seconds, which exceeds the allowed timeout (0.5000)
[gazebo-1] [WARN] [platform_velocity_controller]: Ignoring the received message (timestamp 20.4050000000) because it is older than the current time by 0.5440000000 seconds, which exceeds the allowed timeout (0.5000)
[gazebo-1] [WARN] [platform_velocity_controller]: Ignoring the received message (timestamp 20.4050000000) because it is older than the current time by 0.5490000000 seconds, which exceeds the allowed timeout (0.5000)
[gazebo-1] [WARN] [platform_velocity_controller]: Ignoring the received message (timestamp 20.4050000000) because it is older than the current time by 0.5540000000 seconds, which exceeds the allowed timeout (0.5000)
[gazebo-1] [WARN] [platform_velocity_controller]: Ignoring the received message (timestamp 20.4050000000) because it is older than the current time by 0.5610000000 seconds, which exceeds the allowed timeout (0.5000)
[gazebo-1] [WARN] [platform_velocity_controller]: Ignoring the received message (timestamp 20.4050000000) because it is older than the current time by 0.5670000000 seconds, which exceeds the allowed timeout (0.5000)
[gazebo-1] [WARN] [platform_velocity_controller]: Ignoring the received message (timestamp 20.4050000000) because it is older than the current time by 0.5720000000 seconds, which exceeds the allowed timeout (0.5000)
[gazebo-1] [WARN] [platform_velocity_controller]: Ignoring the received message (timestamp 20.4050000000) because it is older than the current time by 0.5770000000 seconds, which exceeds the allowed timeout (0.5000)
[gazebo-1] [WARN] [platform_velocity_controller]: Ignoring the received message (timestamp 20.4050000000) because it is older than the current time by 0.5830000000 seconds, which exceeds the allowed timeout (0.5000)
[gazebo-1] [WARN] [platform_velocity_controller]: Ignoring the received message (timestamp 20.4050000000) because it is older than the current time by 0.5900000000 seconds, which exceeds the allowed timeout (0.5000)
[gazebo-1] [WARN] [platform_velocity_controller]: Ignoring the received message (timestamp 20.4050000000) because it is older than the current time by 0.5970000000 seconds, which exceeds the allowed timeout (0.5000)
[gazebo-1] [WARN] [platform_velocity_controller]: Ignoring the received message (timestamp 20.4050000000) because it is older than the current time by 0.6020000000 seconds, which exceeds the allowed timeout (0.5000)
[gazebo-1] [WARN] [platform_velocity_controller]: Ignoring the received message (timestamp 20.4050000000) because it is older than the current time by 0.6090000000 seconds, which exceeds the allowed timeout (0.5000)
[gazebo-1] [WARN] [platform_velocity_controller]: Ignoring the received message (timestamp 20.4050000000) because it is older than the current time by 0.6150000000 seconds, which exceeds the allowed timeout (0.5000)
[gazebo-1] [WARN] [platform_velocity_controller]: Ignoring the received message (timestamp 20.4050000000) because it is older than the current time by 0.6210000000 seconds, which exceeds the allowed timeout (0.5000)
[gazebo-1] [WARN] [platform_velocity_controller]: Ignoring the received message (timestamp 20.4050000000) because it is older than the current time by 0.6240000000 seconds, which exceeds the allowed timeout (0.5000)
[gazebo-1] [WARN] [platform_velocity_controller]: Ignoring the received message (timestamp 20.4050000000) because it is older than the current time by 0.6320000000 seconds, which exceeds the allowed timeout (0.5000)
[gazebo-1] [WARN] [platform_velocity_controller]: Ignoring the received message (timestamp 20.4050000000) because it is older than the current time by 0.6390000000 seconds, which exceeds the allowed timeout (0.5000)
[gazebo-1] [WARN] [platform_velocity_controller]: Ignoring the received message (timestamp 20.4050000000) because it is older than the current time by 0.6460000000 seconds, which exceeds the allowed timeout (0.5000)
[barn_runner.py-31] [0m[INFO] [BARN_Runner]: Time: 154.69 (s), x: -2.01 (m), y: 9.09 (m)[0m
[gazebo-1] [WARN] [platform_velocity_controller]: Ignoring the received message (timestamp 20.4050000000) because it is older than the current time by 0.6500000000 seconds, which exceeds the allowed timeout (0.5000)
[gazebo-1] [WARN] [platform_velocity_controller]: Ignoring the received message (timestamp 20.4050000000) because it is older than the current time by 0.6560000000 seconds, which exceeds the allowed timeout (0.5000)
[gazebo-1] [WARN] [platform_velocity_controller]: Ignoring the received message (timestamp 20.4050000000) because it is older than the current time by 0.6610000000 seconds, which exceeds the allowed timeout (0.5000)
[gazebo-1] [WARN] [platform_velocity_controller]: Ignoring the received message (timestamp 20.4050000000) because it is older than the current time by 0.6670000000 seconds, which exceeds the allowed timeout (0.5000)
[gazebo-1] [WARN] [platform_velocity_controller]: Ignoring the received message (timestamp 20.4050000000) because it is older than the current time by 0.6730000000 seconds, which exceeds the allowed timeout (0.5000)
[gazebo-1] [WARN] [platform_velocity_controller]: Ignoring the received message (timestamp 20.4050000000) because it is older than the current time by 0.6780000000 seconds, which exceeds the allowed timeout (0.5000)
[gazebo-1] [WARN] [platform_velocity_controller]: Ignoring the received message (timestamp 20.4050000000) because it is older than the current time by 0.6820000000 seconds, which exceeds the allowed timeout (0.5000)
[gazebo-1] [WARN] [platform_velocity_controller]: Ignoring the received message (timestamp 20.4050000000) because it is older than the current time by 0.6870000000 seconds, which exceeds the allowed timeout (0.5000)
[gazebo-1] [WARN] [platform_velocity_controller]: Ignoring the received message (timestamp 20.4050000000) because it is older than the current time by 0.6920000000 seconds, which exceeds the allowed timeout (0.5000)
[gazebo-1] [WARN] [platform_velocity_controller]: Ignoring the received message (timestamp 20.4050000000) because it is older than the current time by 0.6980000000 seconds, which exceeds the allowed timeout (0.5000)
[gazebo-1] [WARN] [platform_velocity_controller]: Ignoring the received message (timestamp 20.4050000000) because it is older than the current time by 0.7030000000 seconds, which exceeds the allowed timeout (0.5000)
[gazebo-1] [WARN] [platform_velocity_controller]: Ignoring the received message (timestamp 20.4050000000) because it is older than the current time by 0.7080000000 seconds, which exceeds the allowed timeout (0.5000)
[gazebo-1] [WARN] [platform_velocity_controller]: Ignoring the received message (timestamp 20.4050000000) because it is older than the current time by 0.7150000000 seconds, which exceeds the allowed timeout (0.5000)
[gazebo-1] [WARN] [platform_velocity_controller]: Ignoring the received message (timestamp 20.4050000000) because it is older than the current time by 0.7210000000 seconds, which exceeds the allowed timeout (0.5000)
[gazebo-1] [WARN] [platform_velocity_controller]: Ignoring the received message (timestamp 20.4050000000) because it is older than the current time by 0.7270000000 seconds, which exceeds the allowed timeout (0.5000)
[gazebo-1] [WARN] [platform_velocity_controller]: Ignoring the received message (timestamp 20.4050000000) because it is older than the current time by 0.7350000000 seconds, which exceeds the allowed timeout (0.5000)
[gazebo-1] [WARN] [platform_velocity_controller]: Ignoring the received message (timestamp 20.4050000000) because it is older than the current time by 0.7410000000 seconds, which exceeds the allowed timeout (0.5000)
[gazebo-1] [WARN] [platform_velocity_controller]: Ignoring the received message (timestamp 20.4050000000) because it is older than the current time by 0.7470000000 seconds, which exceeds the allowed timeout (0.5000)
[gazebo-1] [WARN] [platform_velocity_controller]: Ignoring the received message (timestamp 20.4050000000) because it is older than the current time by 0.7510000000 seconds, which exceeds the allowed timeout (0.5000)
[gazebo-1] [WARN] [platform_velocity_controller]: Ignoring the received message (timestamp 20.4050000000) because it is older than the current time by 0.7580000000 seconds, which exceeds the allowed timeout (0.5000)
[barn_runner.py-31] [0m[INFO] [BARN_Runner]: Time: 155.72 (s), x: -2.01 (m), y: 9.09 (m)[0m
[gazebo-1] [WARN] [platform_velocity_controller]: Ignoring the received message (timestamp 20.4050000000) because it is older than the current time by 0.7640000000 seconds, which exceeds the allowed timeout (0.5000)
[gazebo-1] [WARN] [platform_velocity_controller]: Ignoring the received message (timestamp 20.4050000000) because it is older than the current time by 0.7710000000 seconds, which exceeds the allowed timeout (0.5000)
[gazebo-1] [WARN] [platform_velocity_controller]: Ignoring the received message (timestamp 20.4050000000) because it is older than the current time by 0.7760000000 seconds, which exceeds the allowed timeout (0.5000)
[gazebo-1] [WARN] [platform_velocity_controller]: Ignoring the received message (timestamp 20.4050000000) because it is older than the current time by 0.7810000000 seconds, which exceeds the allowed timeout (0.5000)
[gazebo-1] [WARN] [platform_velocity_controller]: Ignoring the received message (timestamp 20.4050000000) because it is older than the current time by 0.7870000000 seconds, which exceeds the allowed timeout (0.5000)
[gazebo-1] [WARN] [platform_velocity_controller]: Ignoring the received message (timestamp 20.4050000000) because it is older than the current time by 0.7950000000 seconds, which exceeds the allowed timeout (0.5000)
[gazebo-1] [WARN] [platform_velocity_controller]: Ignoring the received message (timestamp 20.4050000000) because it is older than the current time by 0.7990000000 seconds, which exceeds the allowed timeout (0.5000)
[gazebo-1] [WARN] [platform_velocity_controller]: Ignoring the received message (timestamp 20.4050000000) because it is older than the current time by 0.8030000000 seconds, which exceeds the allowed timeout (0.5000)
[gazebo-1] [WARN] [platform_velocity_controller]: Ignoring the received message (timestamp 20.4050000000) because it is older than the current time by 0.8110000000 seconds, which exceeds the allowed timeout (0.5000)
[gazebo-1] [WARN] [platform_velocity_controller]: Ignoring the received message (timestamp 20.4050000000) because it is older than the current time by 0.8170000000 seconds, which exceeds the allowed timeout (0.5000)
[gazebo-1] [WARN] [platform_velocity_controller]: Ignoring the received message (timestamp 20.4050000000) because it is older than the current time by 0.8230000000 seconds, which exceeds the allowed timeout (0.5000)
[gazebo-1] [WARN] [platform_velocity_controller]: Ignoring the received message (timestamp 20.4050000000) because it is older than the current time by 0.8280000000 seconds, which exceeds the allowed timeout (0.5000)
[gazebo-1] [WARN] [platform_velocity_controller]: Ignoring the received message (timestamp 20.4050000000) because it is older than the current time by 0.8340000000 seconds, which exceeds the allowed timeout (0.5000)
[gazebo-1] [WARN] [platform_velocity_controller]: Ignoring the received message (timestamp 20.4050000000) because it is older than the current time by 0.8400000000 seconds, which exceeds the allowed timeout (0.5000)
[gazebo-1] [WARN] [platform_velocity_controller]: Ignoring the received message (timestamp 20.4050000000) because it is older than the current time by 0.8460000000 seconds, which exceeds the allowed timeout (0.5000)
[gazebo-1] [WARN] [platform_velocity_controller]: Ignoring the received message (timestamp 20.4050000000) because it is older than the current time by 0.8510000000 seconds, which exceeds the allowed timeout (0.5000)
[gazebo-1] [WARN] [platform_velocity_controller]: Ignoring the received message (timestamp 20.4050000000) because it is older than the current time by 0.8560000000 seconds, which exceeds the allowed timeout (0.5000)
[gazebo-1] [WARN] [platform_velocity_controller]: Ignoring the received message (timestamp 20.4050000000) because it is older than the current time by 0.8630000000 seconds, which exceeds the allowed timeout (0.5000)
[gazebo-1] [WARN] [platform_velocity_controller]: Ignoring the received message (timestamp 20.4050000000) because it is older than the current time by 0.8700000000 seconds, which exceeds the allowed timeout (0.5000)
[gazebo-1] [WARN] [platform_velocity_controller]: Ignoring the received message (timestamp 20.4050000000) because it is older than the current time by 0.8750000000 seconds, which exceeds the allowed timeout (0.5000)
[barn_runner.py-31] [0m[INFO] [BARN_Runner]: Time: 156.72 (s), x: -2.01 (m), y: 9.09 (m)[0m
[gazebo-1] [WARN] [platform_velocity_controller]: Ignoring the received message (timestamp 20.4050000000) because it is older than the current time by 0.8810000000 seconds, which exceeds the allowed timeout (0.5000)
[gazebo-1] [WARN] [platform_velocity_controller]: Ignoring the received message (timestamp 20.4050000000) because it is older than the current time by 0.8890000000 seconds, which exceeds the allowed timeout (0.5000)
[gazebo-1] [WARN] [platform_velocity_controller]: Ignoring the received message (timestamp 20.4050000000) because it is older than the current time by 0.8940000000 seconds, which exceeds the allowed timeout (0.5000)
[gazebo-1] [WARN] [platform_velocity_controller]: Ignoring the received message (timestamp 20.4050000000) because it is older than the current time by 0.8980000000 seconds, which exceeds the allowed timeout (0.5000)
[gazebo-1] [WARN] [platform_velocity_controller]: Ignoring the received message (timestamp 20.4050000000) because it is older than the current time by 0.9010000000 seconds, which exceeds the allowed timeout (0.5000)
[gazebo-1] [WARN] [platform_velocity_controller]: Ignoring the received message (timestamp 20.4050000000) because it is older than the current time by 0.9060000000 seconds, which exceeds the allowed timeout (0.5000)
[gazebo-1] [WARN] [platform_velocity_controller]: Ignoring the received message (timestamp 20.4050000000) because it is older than the current time by 0.9110000000 seconds, which exceeds the allowed timeout (0.5000)
[gazebo-1] [WARN] [platform_velocity_controller]: Ignoring the received message (timestamp 20.4050000000) because it is older than the current time by 0.9150000000 seconds, which exceeds the allowed timeout (0.5000)
[gazebo-1] [WARN] [platform_velocity_controller]: Ignoring the received message (timestamp 20.4050000000) because it is older than the current time by 0.9190000000 seconds, which exceeds the allowed timeout (0.5000)
[gazebo-1] [WARN] [platform_velocity_controller]: Ignoring the received message (timestamp 20.4050000000) because it is older than the current time by 0.9240000000 seconds, which exceeds the allowed timeout (0.5000)
[gazebo-1] [WARN] [platform_velocity_controller]: Ignoring the received message (timestamp 20.4050000000) because it is older than the current time by 0.9300000000 seconds, which exceeds the allowed timeout (0.5000)
[gazebo-1] [WARN] [platform_velocity_controller]: Ignoring the received message (timestamp 20.4050000000) because it is older than the current time by 0.9360000000 seconds, which exceeds the allowed timeout (0.5000)
[gazebo-1] [WARN] [platform_velocity_controller]: Ignoring the received message (timestamp 20.4050000000) because it is older than the current time by 0.9410000000 seconds, which exceeds the allowed timeout (0.5000)
[gazebo-1] [WARN] [platform_velocity_controller]: Ignoring the received message (timestamp 20.4050000000) because it is older than the current time by 0.9460000000 seconds, which exceeds the allowed timeout (0.5000)
[gazebo-1] [WARN] [platform_velocity_controller]: Ignoring the received message (timestamp 20.4050000000) because it is older than the current time by 0.9520000000 seconds, which exceeds the allowed timeout (0.5000)
[gazebo-1] [WARN] [platform_velocity_controller]: Ignoring the received message (timestamp 20.4050000000) because it is older than the current time by 0.9570000000 seconds, which exceeds the allowed timeout (0.5000)
[gazebo-1] [WARN] [platform_velocity_controller]: Ignoring the received message (timestamp 20.4050000000) because it is older than the current time by 0.9640000000 seconds, which exceeds the allowed timeout (0.5000)
[gazebo-1] [WARN] [platform_velocity_controller]: Ignoring the received message (timestamp 20.4050000000) because it is older than the current time by 0.9720000000 seconds, which exceeds the allowed timeout (0.5000)
[gazebo-1] [WARN] [platform_velocity_controller]: Ignoring the received message (timestamp 20.4050000000) because it is older than the current time by 0.9760000000 seconds, which exceeds the allowed timeout (0.5000)
[gazebo-1] [WARN] [platform_velocity_controller]: Ignoring the received message (timestamp 20.4050000000) because it is older than the current time by 0.9810000000 seconds, which exceeds the allowed timeout (0.5000)
[barn_runner.py-31] [0m[INFO] [BARN_Runner]: Time: 157.73 (s), x: -2.01 (m), y: 9.09 (m)[0m
[gazebo-1] [WARN] [platform_velocity_controller]: Ignoring the received message (timestamp 20.4050000000) because it is older than the current time by 0.9870000000 seconds, which exceeds the allowed timeout (0.5000)
[gazebo-1] [WARN] [platform_velocity_controller]: Ignoring the received message (timestamp 20.4050000000) because it is older than the current time by 0.9930000000 seconds, which exceeds the allowed timeout (0.5000)
[gazebo-1] [WARN] [platform_velocity_controller]: Ignoring the received message (timestamp 20.4050000000) because it is older than the current time by 0.9970000000 seconds, which exceeds the allowed timeout (0.5000)
[gazebo-1] [WARN] [platform_velocity_controller]: Ignoring the received message (timestamp 20.4050000000) because it is older than the current time by 0.9990000000 seconds, which exceeds the allowed timeout (0.5000)
[barn_runner.py-31] [0m[INFO] [BARN_Runner]: Time: 158.73 (s), x: -2.01 (m), y: 9.09 (m)[0m
[barn_runner.py-31] [0m[INFO] [BARN_Runner]: Time: 159.75 (s), x: -2.01 (m), y: 9.09 (m)[0m
[barn_runner.py-31] [0m[INFO] [BARN_Runner]: Time: 160.76 (s), x: -2.01 (m), y: 9.09 (m)[0m
[barn_runner.py-31] [0m[INFO] [BARN_Runner]: Time: 161.78 (s), x: -2.01 (m), y: 9.09 (m)[0m
[barn_runner.py-31] [0m[INFO] [BARN_Runner]: Time: 162.80 (s), x: -2.01 (m), y: 9.09 (m)[0m
[barn_runner.py-31] [0m[INFO] [BARN_Runner]: Time: 163.81 (s), x: -2.01 (m), y: 9.09 (m)[0m
[barn_runner.py-31] [0m[INFO] [BARN_Runner]: Time: 164.82 (s), x: -2.01 (m), y: 9.09 (m)[0m
[barn_runner.py-31] [0m[INFO] [BARN_Runner]: Time: 165.84 (s), x: -2.01 (m), y: 9.09 (m)[0m
[barn_runner.py-31] [0m[INFO] [BARN_Runner]: Time: 166.85 (s), x: -2.01 (m), y: 9.09 (m)[0m
[barn_runner.py-31] [0m[INFO] [BARN_Runner]: Time: 167.85 (s), x: -2.01 (m), y: 9.09 (m)[0m
[barn_runner.py-31] [0m[INFO] [BARN_Runner]: Time: 168.86 (s), x: -2.01 (m), y: 9.09 (m)[0m
[barn_runner.py-31] [0m[INFO] [BARN_Runner]: Time: 169.88 (s), x: -2.01 (m), y: 9.09 (m)[0m
[barn_runner.py-31] [0m[INFO] [BARN_Runner]: Time: 170.88 (s), x: -2.01 (m), y: 9.09 (m)[0m
[barn_runner.py-31] [0m[INFO] [BARN_Runner]: Time: 171.88 (s), x: -2.01 (m), y: 9.09 (m)[0m
[barn_runner.py-31] [0m[INFO] [BARN_Runner]: Time: 172.89 (s), x: -2.01 (m), y: 9.09 (m)[0m
[barn_runner.py-31] [0m[INFO] [BARN_Runner]: Time: 173.91 (s), x: -2.01 (m), y: 9.09 (m)[0m
[barn_runner.py-31] [0m[INFO] [BARN_Runner]: Time: 174.93 (s), x: -2.01 (m), y: 9.09 (m)[0m
[barn_runner.py-31] [0m[INFO] [BARN_Runner]: Time: 175.93 (s), x: -2.01 (m), y: 9.09 (m)[0m
[barn_runner.py-31] [0m[INFO] [BARN_Runner]: Time: 176.94 (s), x: -2.01 (m), y: 9.09 (m)[0m
[barn_runner.py-31] [0m[INFO] [BARN_Runner]: Time: 177.96 (s), x: -2.01 (m), y: 9.09 (m)[0m
[barn_runner.py-31] [0m[INFO] [BARN_Runner]: Time: 178.97 (s), x: -2.01 (m), y: 9.09 (m)[0m
[barn_runner.py-31] [0m[INFO] [BARN_Runner]: Time: 179.98 (s), x: -2.01 (m), y: 9.09 (m)[0m
[barn_runner.py-31] [0m[INFO] [BARN_Runner]: Time: 180.98 (s), x: -2.01 (m), y: 9.09 (m)[0m
[barn_runner.py-31] [0m[INFO] [BARN_Runner]: Time: 182.00 (s), x: -2.01 (m), y: 9.09 (m)[0m
[barn_runner.py-31] [0m[INFO] [BARN_Runner]: Time: 183.00 (s), x: -2.01 (m), y: 9.09 (m)[0m
[barn_runner.py-31] [0m[INFO] [BARN_Runner]: Time: 184.02 (s), x: -2.01 (m), y: 9.09 (m)[0m
[barn_runner.py-31] [0m[INFO] [BARN_Runner]: Time: 185.04 (s), x: -2.01 (m), y: 9.09 (m)[0m
[laser_scan_fault_injector.py-4] [0m[INFO] [laser_scan_fault_injector]: Fault window closed at t=25.02s.[0m
[scan_fault_policy_selector.py-5] [0m[INFO] [scan_fault_policy_selector]: fault_episode_reset: reason=fault_episode_ended, previous_type=DROPOUT.[0m
[dropout_scan_recovery_filter.py-6] [0m[INFO] [dropout_scan_recovery_filter]: Dropout recovery filter inactive: fault episode ended.[0m
[dropout_scan_recovery_filter.py-6] [0m[INFO] [dropout_scan_recovery_filter]: Dropout recovery filter disabled by selector.[0m
[barn_runner.py-31] [0m[INFO] [BARN_Runner]: Time: 186.04 (s), x: -2.01 (m), y: 9.09 (m)[0m
[barn_runner.py-31] [0m[INFO] [BARN_Runner]: Time: 187.06 (s), x: -2.01 (m), y: 9.09 (m)[0m
[behavior_server-35] [INFO] [behavior_server]: wait completed successfully
[controller_server-32] [INFO] [controller_server]: Received a goal, begin computing control effort.
[controller_server-32] [INFO] [controller_server]: Optimizer reset
[controller_server-32] [INFO] [controller_server]: Optimizer reset
[controller_server-32] [WARN] [controller_server]: Optimizer fail to compute path
[controller_server-32] [INFO] [controller_server]: Optimizer reset
[controller_server-32] [INFO] [controller_server]: Optimizer reset
[controller_server-32] [WARN] [controller_server]: Optimizer fail to compute path
[controller_server-32] [INFO] [controller_server]: Optimizer reset
[controller_server-32] [INFO] [controller_server]: Optimizer reset
[controller_server-32] [WARN] [controller_server]: Optimizer fail to compute path
[controller_server-32] [INFO] [controller_server]: Optimizer reset
[controller_server-32] [INFO] [controller_server]: Optimizer reset
[controller_server-32] [WARN] [controller_server]: Optimizer fail to compute path
[barn_runner.py-31] [0m[INFO] [BARN_Runner]: Time: 188.07 (s), x: -2.01 (m), y: 9.09 (m)[0m
[controller_server-32] [INFO] [controller_server]: Optimizer reset
[controller_server-32] [INFO] [controller_server]: Optimizer reset
[controller_server-32] [WARN] [controller_server]: Optimizer fail to compute path
[controller_server-32] [INFO] [controller_server]: Optimizer reset
[controller_server-32] [INFO] [controller_server]: Optimizer reset
[controller_server-32] [WARN] [controller_server]: Optimizer fail to compute path
[controller_server-32] [INFO] [controller_server]: Optimizer reset
[controller_server-32] [INFO] [controller_server]: Optimizer reset
[controller_server-32] [WARN] [controller_server]: Optimizer fail to compute path
[controller_server-32] [INFO] [controller_server]: Optimizer reset
[controller_server-32] [INFO] [controller_server]: Optimizer reset
[controller_server-32] [WARN] [controller_server]: Optimizer fail to compute path
[controller_server-32] [INFO] [controller_server]: Optimizer reset
[controller_server-32] [INFO] [controller_server]: Optimizer reset
[controller_server-32] [WARN] [controller_server]: Optimizer fail to compute path
[controller_server-32] [INFO] [controller_server]: Optimizer reset
[controller_server-32] [INFO] [controller_server]: Optimizer reset
[controller_server-32] [WARN] [controller_server]: Optimizer fail to compute path
[controller_server-32] [INFO] [controller_server]: Optimizer reset
[controller_server-32] [INFO] [controller_server]: Optimizer reset
[controller_server-32] [WARN] [controller_server]: Optimizer fail to compute path
[controller_server-32] [INFO] [controller_server]: Optimizer reset
[controller_server-32] [INFO] [controller_server]: Optimizer reset
[controller_server-32] [WARN] [controller_server]: Optimizer fail to compute path
[controller_server-32] [INFO] [controller_server]: Optimizer reset
[controller_server-32] [INFO] [controller_server]: Optimizer reset
[controller_server-32] [WARN] [controller_server]: Optimizer fail to compute path
[controller_server-32] [INFO] [controller_server]: Optimizer reset
[controller_server-32] [INFO] [controller_server]: Optimizer reset
[controller_server-32] [WARN] [controller_server]: Optimizer fail to compute path
[controller_server-32] [INFO] [controller_server]: Optimizer reset
[controller_server-32] [INFO] [controller_server]: Optimizer reset
[controller_server-32] [WARN] [controller_server]: Optimizer fail to compute path
[controller_server-32] [INFO] [controller_server]: Optimizer reset
[controller_server-32] [INFO] [controller_server]: Optimizer reset
[controller_server-32] [WARN] [controller_server]: Optimizer fail to compute path
[controller_server-32] [INFO] [controller_server]: Optimizer reset
[controller_server-32] [INFO] [controller_server]: Optimizer reset
[controller_server-32] [WARN] [controller_server]: Optimizer fail to compute path
[controller_server-32] [INFO] [controller_server]: Optimizer reset
[controller_server-32] [INFO] [controller_server]: Optimizer reset
[controller_server-32] [WARN] [controller_server]: Optimizer fail to compute path
[controller_server-32] [INFO] [controller_server]: Optimizer reset
[controller_server-32] [INFO] [controller_server]: Optimizer reset
[controller_server-32] [WARN] [controller_server]: Optimizer fail to compute path
[controller_server-32] [INFO] [controller_server]: Optimizer reset
[controller_server-32] [INFO] [controller_server]: Optimizer reset
[controller_server-32] [WARN] [controller_server]: Optimizer fail to compute path
[controller_server-32] [INFO] [controller_server]: Optimizer reset
[controller_server-32] [INFO] [controller_server]: Optimizer reset
[controller_server-32] [WARN] [controller_server]: Optimizer fail to compute path
[controller_server-32] [INFO] [controller_server]: Passing new path to controller.
[controller_server-32] [INFO] [controller_server]: Optimizer reset
[controller_server-32] [INFO] [controller_server]: Optimizer reset
[controller_server-32] [WARN] [controller_server]: Optimizer fail to compute path
[controller_server-32] [INFO] [controller_server]: Optimizer reset
[controller_server-32] [INFO] [controller_server]: Optimizer reset
[controller_server-32] [WARN] [controller_server]: Optimizer fail to compute path
[controller_server-32] [INFO] [controller_server]: Optimizer reset
[controller_server-32] [INFO] [controller_server]: Optimizer reset
[controller_server-32] [WARN] [controller_server]: Optimizer fail to compute path
[barn_runner.py-31] [0m[INFO] [BARN_Runner]: Time: 189.08 (s), x: -2.01 (m), y: 9.09 (m)[0m
[controller_server-32] [INFO] [controller_server]: Optimizer reset
[controller_server-32] [INFO] [controller_server]: Optimizer reset
[controller_server-32] [WARN] [controller_server]: Optimizer fail to compute path
[controller_server-32] [INFO] [controller_server]: Optimizer reset
[controller_server-32] [INFO] [controller_server]: Optimizer reset
[controller_server-32] [WARN] [controller_server]: Optimizer fail to compute path
[controller_server-32] [INFO] [controller_server]: Optimizer reset
[controller_server-32] [INFO] [controller_server]: Optimizer reset
[controller_server-32] [WARN] [controller_server]: Optimizer fail to compute path
[controller_server-32] [INFO] [controller_server]: Optimizer reset
[controller_server-32] [INFO] [controller_server]: Optimizer reset
[controller_server-32] [WARN] [controller_server]: Optimizer fail to compute path
[controller_server-32] [INFO] [controller_server]: Optimizer reset
[controller_server-32] [INFO] [controller_server]: Optimizer reset
[controller_server-32] [WARN] [controller_server]: Optimizer fail to compute path
[controller_server-32] [INFO] [controller_server]: Optimizer reset
[controller_server-32] [INFO] [controller_server]: Optimizer reset
[controller_server-32] [WARN] [controller_server]: Optimizer fail to compute path
[controller_server-32] [INFO] [controller_server]: Optimizer reset
[controller_server-32] [INFO] [controller_server]: Optimizer reset
[controller_server-32] [WARN] [controller_server]: Optimizer fail to compute path
[controller_server-32] [INFO] [controller_server]: Optimizer reset
[controller_server-32] [INFO] [controller_server]: Optimizer reset
[controller_server-32] [WARN] [controller_server]: Optimizer fail to compute path
[controller_server-32] [INFO] [controller_server]: Optimizer reset
[controller_server-32] [INFO] [controller_server]: Optimizer reset
[controller_server-32] [WARN] [controller_server]: Optimizer fail to compute path
[controller_server-32] [INFO] [controller_server]: Optimizer reset
[controller_server-32] [INFO] [controller_server]: Optimizer reset
[controller_server-32] [WARN] [controller_server]: Optimizer fail to compute path
[controller_server-32] [INFO] [controller_server]: Optimizer reset
[controller_server-32] [INFO] [controller_server]: Optimizer reset
[controller_server-32] [WARN] [controller_server]: Optimizer fail to compute path
[controller_server-32] [INFO] [controller_server]: Optimizer reset
[controller_server-32] [INFO] [controller_server]: Optimizer reset
[controller_server-32] [WARN] [controller_server]: Optimizer fail to compute path
[controller_server-32] [INFO] [controller_server]: Optimizer reset
[controller_server-32] [INFO] [controller_server]: Optimizer reset
[controller_server-32] [WARN] [controller_server]: Optimizer fail to compute path
[controller_server-32] [INFO] [controller_server]: Optimizer reset
[controller_server-32] [INFO] [controller_server]: Optimizer reset
[controller_server-32] [WARN] [controller_server]: Optimizer fail to compute path
[controller_server-32] [INFO] [controller_server]: Optimizer reset
[controller_server-32] [INFO] [controller_server]: Optimizer reset
[controller_server-32] [WARN] [controller_server]: Optimizer fail to compute path
[controller_server-32] [INFO] [controller_server]: Optimizer reset
[controller_server-32] [INFO] [controller_server]: Optimizer reset
[controller_server-32] [WARN] [controller_server]: Optimizer fail to compute path
[controller_server-32] [INFO] [controller_server]: Optimizer reset
[controller_server-32] [INFO] [controller_server]: Optimizer reset
[controller_server-32] [WARN] [controller_server]: Optimizer fail to compute path
[controller_server-32] [INFO] [controller_server]: Passing new path to controller.
[controller_server-32] [INFO] [controller_server]: Optimizer reset
[controller_server-32] [INFO] [controller_server]: Optimizer reset
[controller_server-32] [WARN] [controller_server]: Optimizer fail to compute path
[controller_server-32] [INFO] [controller_server]: Optimizer reset
[controller_server-32] [INFO] [controller_server]: Optimizer reset
[controller_server-32] [WARN] [controller_server]: Optimizer fail to compute path
[controller_server-32] [INFO] [controller_server]: Optimizer reset
[controller_server-32] [INFO] [controller_server]: Optimizer reset
[controller_server-32] [WARN] [controller_server]: Optimizer fail to compute path
[controller_server-32] [INFO] [controller_server]: Optimizer reset
[barn_runner.py-31] [0m[INFO] [BARN_Runner]: Time: 190.10 (s), x: -2.01 (m), y: 9.09 (m)[0m
[controller_server-32] [INFO] [controller_server]: Optimizer reset
[controller_server-32] [WARN] [controller_server]: Optimizer fail to compute path
[controller_server-32] [INFO] [controller_server]: Optimizer reset
[controller_server-32] [INFO] [controller_server]: Optimizer reset
[controller_server-32] [WARN] [controller_server]: Optimizer fail to compute path
[controller_server-32] [INFO] [controller_server]: Optimizer reset
[controller_server-32] [INFO] [controller_server]: Optimizer reset
[controller_server-32] [WARN] [controller_server]: Optimizer fail to compute path
[controller_server-32] [INFO] [controller_server]: Optimizer reset
[controller_server-32] [INFO] [controller_server]: Optimizer reset
[controller_server-32] [WARN] [controller_server]: Optimizer fail to compute path
[controller_server-32] [INFO] [controller_server]: Optimizer reset
[controller_server-32] [INFO] [controller_server]: Optimizer reset
[controller_server-32] [WARN] [controller_server]: Optimizer fail to compute path
[controller_server-32] [INFO] [controller_server]: Optimizer reset
[controller_server-32] [INFO] [controller_server]: Optimizer reset
[controller_server-32] [WARN] [controller_server]: Optimizer fail to compute path
[controller_server-32] [INFO] [controller_server]: Optimizer reset
[controller_server-32] [INFO] [controller_server]: Optimizer reset
[controller_server-32] [WARN] [controller_server]: Optimizer fail to compute path
[controller_server-32] [INFO] [controller_server]: Optimizer reset
[controller_server-32] [INFO] [controller_server]: Optimizer reset
[controller_server-32] [WARN] [controller_server]: Optimizer fail to compute path
[controller_server-32] [INFO] [controller_server]: Optimizer reset
[controller_server-32] [INFO] [controller_server]: Optimizer reset
[controller_server-32] [WARN] [controller_server]: Optimizer fail to compute path
[controller_server-32] [INFO] [controller_server]: Optimizer reset
[controller_server-32] [INFO] [controller_server]: Optimizer reset
[controller_server-32] [WARN] [controller_server]: Optimizer fail to compute path
[controller_server-32] [INFO] [controller_server]: Optimizer reset
[controller_server-32] [INFO] [controller_server]: Optimizer reset
[controller_server-32] [WARN] [controller_server]: Optimizer fail to compute path
[controller_server-32] [INFO] [controller_server]: Optimizer reset
[controller_server-32] [INFO] [controller_server]: Optimizer reset
[controller_server-32] [WARN] [controller_server]: Optimizer fail to compute path
[controller_server-32] [INFO] [controller_server]: Optimizer reset
[controller_server-32] [INFO] [controller_server]: Optimizer reset
[controller_server-32] [WARN] [controller_server]: Optimizer fail to compute path
[controller_server-32] [INFO] [controller_server]: Optimizer reset
[controller_server-32] [INFO] [controller_server]: Optimizer reset
[controller_server-32] [WARN] [controller_server]: Optimizer fail to compute path
[controller_server-32] [INFO] [controller_server]: Optimizer reset
[controller_server-32] [INFO] [controller_server]: Optimizer reset
[controller_server-32] [WARN] [controller_server]: Optimizer fail to compute path
[controller_server-32] [INFO] [controller_server]: Optimizer reset
[controller_server-32] [INFO] [controller_server]: Optimizer reset
[controller_server-32] [WARN] [controller_server]: Optimizer fail to compute path
[controller_server-32] [INFO] [controller_server]: Optimizer reset
[controller_server-32] [INFO] [controller_server]: Optimizer reset
[controller_server-32] [WARN] [controller_server]: Optimizer fail to compute path
[controller_server-32] [INFO] [controller_server]: Optimizer reset
[controller_server-32] [INFO] [controller_server]: Optimizer reset
[controller_server-32] [WARN] [controller_server]: Optimizer fail to compute path
[controller_server-32] [INFO] [controller_server]: Passing new path to controller.
[controller_server-32] [INFO] [controller_server]: Optimizer reset
[controller_server-32] [INFO] [controller_server]: Optimizer reset
[controller_server-32] [WARN] [controller_server]: Optimizer fail to compute path
[controller_server-32] [INFO] [controller_server]: Optimizer reset
[controller_server-32] [INFO] [controller_server]: Optimizer reset
[controller_server-32] [WARN] [controller_server]: Optimizer fail to compute path
[controller_server-32] [INFO] [controller_server]: Optimizer reset
[barn_runner.py-31] [0m[INFO] [BARN_Runner]: Time: 191.10 (s), x: -2.01 (m), y: 9.09 (m)[0m
[controller_server-32] [INFO] [controller_server]: Optimizer reset
[controller_server-32] [WARN] [controller_server]: Optimizer fail to compute path
[controller_server-32] [INFO] [controller_server]: Optimizer reset
[controller_server-32] [INFO] [controller_server]: Optimizer reset
[controller_server-32] [WARN] [controller_server]: Optimizer fail to compute path
[controller_server-32] [ERROR] [controller_server]: Controller patience exceeded
[controller_server-32] [INFO] [controller_server]: Optimizer reset
[controller_server-32] [WARN] [controller_server]: [follow_path] [ActionServer] Aborting handle.
[controller_server-32] [INFO] [local_costmap.local_costmap]: Received request to clear entirely the local_costmap
[controller_server-32] [INFO] [controller_server]: Received a goal, begin computing control effort.
[controller_server-32] [INFO] [controller_server]: Optimizer reset
[controller_server-32] [INFO] [controller_server]: Optimizer reset
[controller_server-32] [WARN] [controller_server]: Optimizer fail to compute path
[controller_server-32] [WARN] [controller_server]: Control loop missed its desired rate of 20.0000 Hz. Current loop rate is 66.6667 Hz.
[controller_server-32] [INFO] [controller_server]: Optimizer reset
[controller_server-32] [INFO] [controller_server]: Optimizer reset
[controller_server-32] [WARN] [controller_server]: Optimizer fail to compute path
[controller_server-32] [INFO] [controller_server]: Optimizer reset
[controller_server-32] [INFO] [controller_server]: Optimizer reset
[controller_server-32] [WARN] [controller_server]: Optimizer fail to compute path
[controller_server-32] [INFO] [controller_server]: Optimizer reset
[controller_server-32] [INFO] [controller_server]: Optimizer reset
[controller_server-32] [WARN] [controller_server]: Optimizer fail to compute path
[controller_server-32] [INFO] [controller_server]: Optimizer reset
[controller_server-32] [INFO] [controller_server]: Optimizer reset
[controller_server-32] [WARN] [controller_server]: Optimizer fail to compute path
[controller_server-32] [INFO] [controller_server]: Optimizer reset
[controller_server-32] [INFO] [controller_server]: Optimizer reset
[controller_server-32] [WARN] [controller_server]: Optimizer fail to compute path
[controller_server-32] [INFO] [controller_server]: Optimizer reset
[controller_server-32] [INFO] [controller_server]: Optimizer reset
[controller_server-32] [WARN] [controller_server]: Optimizer fail to compute path
[controller_server-32] [INFO] [controller_server]: Optimizer reset
[controller_server-32] [INFO] [controller_server]: Optimizer reset
[controller_server-32] [WARN] [controller_server]: Optimizer fail to compute path
[controller_server-32] [INFO] [controller_server]: Optimizer reset
[controller_server-32] [INFO] [controller_server]: Optimizer reset
[controller_server-32] [WARN] [controller_server]: Optimizer fail to compute path
[controller_server-32] [INFO] [controller_server]: Optimizer reset
[controller_server-32] [INFO] [controller_server]: Optimizer reset
[controller_server-32] [WARN] [controller_server]: Optimizer fail to compute path
[controller_server-32] [INFO] [controller_server]: Optimizer reset
[controller_server-32] [INFO] [controller_server]: Optimizer reset
[controller_server-32] [WARN] [controller_server]: Optimizer fail to compute path
[controller_server-32] [INFO] [controller_server]: Optimizer reset
[controller_server-32] [INFO] [controller_server]: Optimizer reset
[controller_server-32] [WARN] [controller_server]: Optimizer fail to compute path
[controller_server-32] [INFO] [controller_server]: Optimizer reset
[controller_server-32] [INFO] [controller_server]: Optimizer reset
[controller_server-32] [WARN] [controller_server]: Optimizer fail to compute path
[controller_server-32] [INFO] [controller_server]: Optimizer reset
[controller_server-32] [INFO] [controller_server]: Optimizer reset
[controller_server-32] [WARN] [controller_server]: Optimizer fail to compute path
[controller_server-32] [INFO] [controller_server]: Optimizer reset
[controller_server-32] [INFO] [controller_server]: Optimizer reset
[controller_server-32] [WARN] [controller_server]: Optimizer fail to compute path
[controller_server-32] [INFO] [controller_server]: Passing new path to controller.
[controller_server-32] [INFO] [controller_server]: Optimizer reset
[controller_server-32] [INFO] [controller_server]: Optimizer reset
[controller_server-32] [WARN] [controller_server]: Optimizer fail to compute path
[controller_server-32] [INFO] [controller_server]: Optimizer reset
[controller_server-32] [INFO] [controller_server]: Optimizer reset
[controller_server-32] [WARN] [controller_server]: Optimizer fail to compute path
[barn_runner.py-31] [0m[INFO] [BARN_Runner]: Time: 192.11 (s), x: -2.01 (m), y: 9.09 (m)[0m
[controller_server-32] [INFO] [controller_server]: Optimizer reset
[controller_server-32] [INFO] [controller_server]: Optimizer reset
[controller_server-32] [WARN] [controller_server]: Optimizer fail to compute path
[controller_server-32] [INFO] [controller_server]: Optimizer reset
[controller_server-32] [INFO] [controller_server]: Optimizer reset
[controller_server-32] [WARN] [controller_server]: Optimizer fail to compute path
[controller_server-32] [INFO] [controller_server]: Optimizer reset
[controller_server-32] [INFO] [controller_server]: Optimizer reset
[controller_server-32] [WARN] [controller_server]: Optimizer fail to compute path
[controller_server-32] [INFO] [controller_server]: Optimizer reset
[controller_server-32] [INFO] [controller_server]: Optimizer reset
[controller_server-32] [WARN] [controller_server]: Optimizer fail to compute path
[controller_server-32] [INFO] [controller_server]: Optimizer reset
[controller_server-32] [INFO] [controller_server]: Optimizer reset
[controller_server-32] [WARN] [controller_server]: Optimizer fail to compute path
[controller_server-32] [INFO] [controller_server]: Optimizer reset
[controller_server-32] [INFO] [controller_server]: Optimizer reset
[controller_server-32] [WARN] [controller_server]: Optimizer fail to compute path
[controller_server-32] [INFO] [controller_server]: Optimizer reset
[controller_server-32] [INFO] [controller_server]: Optimizer reset
[controller_server-32] [WARN] [controller_server]: Optimizer fail to compute path
[controller_server-32] [INFO] [controller_server]: Optimizer reset
[controller_server-32] [INFO] [controller_server]: Optimizer reset
[controller_server-32] [WARN] [controller_server]: Optimizer fail to compute path
[controller_server-32] [INFO] [controller_server]: Optimizer reset
[controller_server-32] [INFO] [controller_server]: Optimizer reset
[controller_server-32] [WARN] [controller_server]: Optimizer fail to compute path
[controller_server-32] [INFO] [controller_server]: Optimizer reset
[controller_server-32] [INFO] [controller_server]: Optimizer reset
[controller_server-32] [WARN] [controller_server]: Optimizer fail to compute path
[controller_server-32] [INFO] [controller_server]: Optimizer reset
[controller_server-32] [INFO] [controller_server]: Optimizer reset
[controller_server-32] [WARN] [controller_server]: Optimizer fail to compute path
[controller_server-32] [INFO] [controller_server]: Optimizer reset
[controller_server-32] [INFO] [controller_server]: Optimizer reset
[controller_server-32] [WARN] [controller_server]: Optimizer fail to compute path
[controller_server-32] [INFO] [controller_server]: Optimizer reset
[controller_server-32] [INFO] [controller_server]: Optimizer reset
[controller_server-32] [WARN] [controller_server]: Optimizer fail to compute path
[controller_server-32] [INFO] [controller_server]: Optimizer reset
[controller_server-32] [INFO] [controller_server]: Optimizer reset
[controller_server-32] [WARN] [controller_server]: Optimizer fail to compute path
[controller_server-32] [INFO] [controller_server]: Optimizer reset
[controller_server-32] [INFO] [controller_server]: Optimizer reset
[controller_server-32] [WARN] [controller_server]: Optimizer fail to compute path
[controller_server-32] [INFO] [controller_server]: Optimizer reset
[controller_server-32] [INFO] [controller_server]: Optimizer reset
[controller_server-32] [WARN] [controller_server]: Optimizer fail to compute path
[controller_server-32] [INFO] [controller_server]: Optimizer reset
[controller_server-32] [INFO] [controller_server]: Optimizer reset
[controller_server-32] [WARN] [controller_server]: Optimizer fail to compute path
[controller_server-32] [INFO] [controller_server]: Optimizer reset
[controller_server-32] [INFO] [controller_server]: Optimizer reset
[controller_server-32] [WARN] [controller_server]: Optimizer fail to compute path
[controller_server-32] [INFO] [controller_server]: Optimizer reset
[controller_server-32] [INFO] [controller_server]: Optimizer reset
[controller_server-32] [WARN] [controller_server]: Optimizer fail to compute path
[controller_server-32] [INFO] [controller_server]: Passing new path to controller.
[controller_server-32] [INFO] [controller_server]: Optimizer reset
[controller_server-32] [INFO] [controller_server]: Optimizer reset
[controller_server-32] [WARN] [controller_server]: Optimizer fail to compute path
[barn_runner.py-31] [0m[INFO] [BARN_Runner]: Time: 193.13 (s), x: -2.01 (m), y: 9.09 (m)[0m
[controller_server-32] [INFO] [controller_server]: Optimizer reset
[controller_server-32] [INFO] [controller_server]: Optimizer reset
[controller_server-32] [WARN] [controller_server]: Optimizer fail to compute path
[controller_server-32] [INFO] [controller_server]: Optimizer reset
[controller_server-32] [INFO] [controller_server]: Optimizer reset
[controller_server-32] [WARN] [controller_server]: Optimizer fail to compute path
[controller_server-32] [INFO] [controller_server]: Optimizer reset
[controller_server-32] [INFO] [controller_server]: Optimizer reset
[controller_server-32] [WARN] [controller_server]: Optimizer fail to compute path
[controller_server-32] [INFO] [controller_server]: Optimizer reset
[controller_server-32] [INFO] [controller_server]: Optimizer reset
[controller_server-32] [WARN] [controller_server]: Optimizer fail to compute path
[controller_server-32] [INFO] [controller_server]: Optimizer reset
[controller_server-32] [INFO] [controller_server]: Optimizer reset
[controller_server-32] [WARN] [controller_server]: Optimizer fail to compute path
[controller_server-32] [INFO] [controller_server]: Optimizer reset
[controller_server-32] [INFO] [controller_server]: Optimizer reset
[controller_server-32] [WARN] [controller_server]: Optimizer fail to compute path
[controller_server-32] [INFO] [controller_server]: Optimizer reset
[controller_server-32] [INFO] [controller_server]: Optimizer reset
[controller_server-32] [WARN] [controller_server]: Optimizer fail to compute path
[controller_server-32] [INFO] [controller_server]: Optimizer reset
[controller_server-32] [INFO] [controller_server]: Optimizer reset
[controller_server-32] [WARN] [controller_server]: Optimizer fail to compute path
[controller_server-32] [INFO] [controller_server]: Optimizer reset
[controller_server-32] [INFO] [controller_server]: Optimizer reset
[controller_server-32] [WARN] [controller_server]: Optimizer fail to compute path
[controller_server-32] [INFO] [controller_server]: Optimizer reset
[controller_server-32] [INFO] [controller_server]: Optimizer reset
[controller_server-32] [WARN] [controller_server]: Optimizer fail to compute path
[controller_server-32] [INFO] [controller_server]: Optimizer reset
[controller_server-32] [INFO] [controller_server]: Optimizer reset
[controller_server-32] [WARN] [controller_server]: Optimizer fail to compute path
[controller_server-32] [INFO] [controller_server]: Optimizer reset
[controller_server-32] [INFO] [controller_server]: Optimizer reset
[controller_server-32] [WARN] [controller_server]: Optimizer fail to compute path
[controller_server-32] [INFO] [controller_server]: Optimizer reset
[controller_server-32] [INFO] [controller_server]: Optimizer reset
[controller_server-32] [WARN] [controller_server]: Optimizer fail to compute path
[controller_server-32] [INFO] [controller_server]: Optimizer reset
[controller_server-32] [INFO] [controller_server]: Optimizer reset
[controller_server-32] [WARN] [controller_server]: Optimizer fail to compute path
[controller_server-32] [INFO] [controller_server]: Optimizer reset
[controller_server-32] [INFO] [controller_server]: Optimizer reset
[controller_server-32] [WARN] [controller_server]: Optimizer fail to compute path
[controller_server-32] [INFO] [controller_server]: Optimizer reset
[controller_server-32] [INFO] [controller_server]: Optimizer reset
[controller_server-32] [WARN] [controller_server]: Optimizer fail to compute path
[controller_server-32] [INFO] [controller_server]: Optimizer reset
[controller_server-32] [INFO] [controller_server]: Optimizer reset
[controller_server-32] [WARN] [controller_server]: Optimizer fail to compute path
[controller_server-32] [INFO] [controller_server]: Optimizer reset
[controller_server-32] [INFO] [controller_server]: Optimizer reset
[controller_server-32] [WARN] [controller_server]: Optimizer fail to compute path
[controller_server-32] [INFO] [controller_server]: Optimizer reset
[controller_server-32] [INFO] [controller_server]: Optimizer reset
[controller_server-32] [WARN] [controller_server]: Optimizer fail to compute path
[controller_server-32] [INFO] [controller_server]: Passing new path to controller.
[controller_server-32] [INFO] [controller_server]: Optimizer reset
[controller_server-32] [INFO] [controller_server]: Optimizer reset
[controller_server-32] [WARN] [controller_server]: Optimizer fail to compute path
[controller_server-32] [INFO] [controller_server]: Optimizer reset
[controller_server-32] [INFO] [controller_server]: Optimizer reset
[controller_server-32] [WARN] [controller_server]: Optimizer fail to compute path
[barn_runner.py-31] [0m[INFO] [BARN_Runner]: Time: 194.15 (s), x: -2.01 (m), y: 9.09 (m)[0m
[controller_server-32] [INFO] [controller_server]: Optimizer reset
[controller_server-32] [INFO] [controller_server]: Optimizer reset
[controller_server-32] [WARN] [controller_server]: Optimizer fail to compute path
[controller_server-32] [INFO] [controller_server]: Optimizer reset
[controller_server-32] [INFO] [controller_server]: Optimizer reset
[controller_server-32] [WARN] [controller_server]: Optimizer fail to compute path
[controller_server-32] [INFO] [controller_server]: Optimizer reset
[controller_server-32] [INFO] [controller_server]: Optimizer reset
[controller_server-32] [WARN] [controller_server]: Optimizer fail to compute path
[controller_server-32] [INFO] [controller_server]: Optimizer reset
[controller_server-32] [INFO] [controller_server]: Optimizer reset
[controller_server-32] [WARN] [controller_server]: Optimizer fail to compute path
[controller_server-32] [INFO] [controller_server]: Optimizer reset
[controller_server-32] [INFO] [controller_server]: Optimizer reset
[controller_server-32] [WARN] [controller_server]: Optimizer fail to compute path
[controller_server-32] [INFO] [controller_server]: Optimizer reset
[controller_server-32] [INFO] [controller_server]: Optimizer reset
[controller_server-32] [WARN] [controller_server]: Optimizer fail to compute path
[controller_server-32] [INFO] [controller_server]: Optimizer reset
[controller_server-32] [INFO] [controller_server]: Optimizer reset
[controller_server-32] [WARN] [controller_server]: Optimizer fail to compute path
[controller_server-32] [INFO] [controller_server]: Optimizer reset
[controller_server-32] [INFO] [controller_server]: Optimizer reset
[controller_server-32] [WARN] [controller_server]: Optimizer fail to compute path
[controller_server-32] [ERROR] [controller_server]: Controller patience exceeded
[controller_server-32] [INFO] [controller_server]: Optimizer reset
[controller_server-32] [WARN] [controller_server]: [follow_path] [ActionServer] Aborting handle.
[behavior_server-35] [INFO] [behavior_server]: Running backup
[behavior_server-35] [WARN] [behavior_server]: Collision Ahead - Exiting DriveOnHeading
[behavior_server-35] [WARN] [behavior_server]: backup failed
[behavior_server-35] [WARN] [behavior_server]: [backup] [ActionServer] Aborting handle.
[controller_server-32] [INFO] [local_costmap.local_costmap]: Received request to clear entirely the local_costmap
[planner_server-34] [INFO] [global_costmap.global_costmap]: Received request to clear entirely the global_costmap
[barn_runner.py-31] [0m[INFO] [BARN_Runner]: Time: 195.17 (s), x: -2.01 (m), y: 9.09 (m)[0m
[controller_server-32] [INFO] [controller_server]: Received a goal, begin computing control effort.
[controller_server-32] [INFO] [controller_server]: Optimizer reset
[controller_server-32] [INFO] [controller_server]: Optimizer reset
[controller_server-32] [WARN] [controller_server]: Optimizer fail to compute path
[controller_server-32] [INFO] [controller_server]: Optimizer reset
[controller_server-32] [INFO] [controller_server]: Optimizer reset
[controller_server-32] [WARN] [controller_server]: Optimizer fail to compute path
[controller_server-32] [INFO] [controller_server]: Optimizer reset
[controller_server-32] [INFO] [controller_server]: Optimizer reset
[controller_server-32] [WARN] [controller_server]: Optimizer fail to compute path
[controller_server-32] [INFO] [controller_server]: Optimizer reset
[controller_server-32] [INFO] [controller_server]: Optimizer reset
[controller_server-32] [WARN] [controller_server]: Optimizer fail to compute path
[controller_server-32] [WARN] [controller_server]: Control loop missed its desired rate of 20.0000 Hz. Current loop rate is 200.0000 Hz.
[controller_server-32] [INFO] [controller_server]: Optimizer reset
[controller_server-32] [INFO] [controller_server]: Optimizer reset
[controller_server-32] [WARN] [controller_server]: Optimizer fail to compute path
[controller_server-32] [INFO] [controller_server]: Optimizer reset
[controller_server-32] [INFO] [controller_server]: Optimizer reset
[controller_server-32] [WARN] [controller_server]: Optimizer fail to compute path
[controller_server-32] [INFO] [controller_server]: Optimizer reset
[controller_server-32] [INFO] [controller_server]: Optimizer reset
[controller_server-32] [WARN] [controller_server]: Optimizer fail to compute path
[controller_server-32] [INFO] [controller_server]: Optimizer reset
[controller_server-32] [INFO] [controller_server]: Optimizer reset
[controller_server-32] [WARN] [controller_server]: Optimizer fail to compute path
[controller_server-32] [INFO] [controller_server]: Optimizer reset
[controller_server-32] [INFO] [controller_server]: Optimizer reset
[controller_server-32] [WARN] [controller_server]: Optimizer fail to compute path
[controller_server-32] [INFO] [controller_server]: Optimizer reset
[controller_server-32] [INFO] [controller_server]: Optimizer reset
[controller_server-32] [WARN] [controller_server]: Optimizer fail to compute path
[controller_server-32] [INFO] [controller_server]: Optimizer reset
[controller_server-32] [INFO] [controller_server]: Optimizer reset
[controller_server-32] [WARN] [controller_server]: Optimizer fail to compute path
[controller_server-32] [INFO] [controller_server]: Optimizer reset
[controller_server-32] [INFO] [controller_server]: Optimizer reset
[controller_server-32] [WARN] [controller_server]: Optimizer fail to compute path
[controller_server-32] [INFO] [controller_server]: Optimizer reset
[controller_server-32] [INFO] [controller_server]: Optimizer reset
[controller_server-32] [WARN] [controller_server]: Optimizer fail to compute path
[barn_runner.py-31] [0m[INFO] [BARN_Runner]: Time: 196.18 (s), x: -2.01 (m), y: 9.09 (m)[0m
[controller_server-32] [INFO] [controller_server]: Optimizer reset
[controller_server-32] [INFO] [controller_server]: Optimizer reset
[controller_server-32] [WARN] [controller_server]: Optimizer fail to compute path
[controller_server-32] [INFO] [controller_server]: Optimizer reset
[controller_server-32] [INFO] [controller_server]: Optimizer reset
[controller_server-32] [WARN] [controller_server]: Optimizer fail to compute path
[controller_server-32] [INFO] [controller_server]: Optimizer reset
[controller_server-32] [INFO] [controller_server]: Optimizer reset
[controller_server-32] [WARN] [controller_server]: Optimizer fail to compute path
[controller_server-32] [INFO] [controller_server]: Optimizer reset
[controller_server-32] [INFO] [controller_server]: Optimizer reset
[controller_server-32] [WARN] [controller_server]: Optimizer fail to compute path
[controller_server-32] [INFO] [controller_server]: Optimizer reset
[controller_server-32] [INFO] [controller_server]: Optimizer reset
[controller_server-32] [WARN] [controller_server]: Optimizer fail to compute path
[controller_server-32] [INFO] [controller_server]: Optimizer reset
[controller_server-32] [INFO] [controller_server]: Optimizer reset
[controller_server-32] [WARN] [controller_server]: Optimizer fail to compute path
[controller_server-32] [INFO] [controller_server]: Optimizer reset
[controller_server-32] [INFO] [controller_server]: Optimizer reset
[controller_server-32] [WARN] [controller_server]: Optimizer fail to compute path
[controller_server-32] [INFO] [controller_server]: Optimizer reset
[controller_server-32] [INFO] [controller_server]: Optimizer reset
[controller_server-32] [WARN] [controller_server]: Optimizer fail to compute path
[controller_server-32] [INFO] [controller_server]: Passing new path to controller.
[controller_server-32] [INFO] [controller_server]: Optimizer reset
[controller_server-32] [INFO] [controller_server]: Optimizer reset
[controller_server-32] [WARN] [controller_server]: Optimizer fail to compute path
[controller_server-32] [INFO] [controller_server]: Optimizer reset
[controller_server-32] [INFO] [controller_server]: Optimizer reset
[controller_server-32] [WARN] [controller_server]: Optimizer fail to compute path
[controller_server-32] [INFO] [controller_server]: Optimizer reset
[controller_server-32] [INFO] [controller_server]: Optimizer reset
[controller_server-32] [WARN] [controller_server]: Optimizer fail to compute path
[controller_server-32] [INFO] [controller_server]: Optimizer reset
[controller_server-32] [INFO] [controller_server]: Optimizer reset
[controller_server-32] [WARN] [controller_server]: Optimizer fail to compute path
[controller_server-32] [INFO] [controller_server]: Optimizer reset
[controller_server-32] [INFO] [controller_server]: Optimizer reset
[controller_server-32] [WARN] [controller_server]: Optimizer fail to compute path
[controller_server-32] [INFO] [controller_server]: Optimizer reset
[controller_server-32] [INFO] [controller_server]: Optimizer reset
[controller_server-32] [WARN] [controller_server]: Optimizer fail to compute path
[controller_server-32] [INFO] [controller_server]: Optimizer reset
[controller_server-32] [INFO] [controller_server]: Optimizer reset
[controller_server-32] [WARN] [controller_server]: Optimizer fail to compute path
[controller_server-32] [INFO] [controller_server]: Optimizer reset
[controller_server-32] [INFO] [controller_server]: Optimizer reset
[controller_server-32] [WARN] [controller_server]: Optimizer fail to compute path
[controller_server-32] [INFO] [controller_server]: Optimizer reset
[controller_server-32] [INFO] [controller_server]: Optimizer reset
[controller_server-32] [WARN] [controller_server]: Optimizer fail to compute path
[controller_server-32] [INFO] [controller_server]: Optimizer reset
[controller_server-32] [INFO] [controller_server]: Optimizer reset
[controller_server-32] [WARN] [controller_server]: Optimizer fail to compute path
[controller_server-32] [INFO] [controller_server]: Optimizer reset
[controller_server-32] [INFO] [controller_server]: Optimizer reset
[controller_server-32] [WARN] [controller_server]: Optimizer fail to compute path
[controller_server-32] [INFO] [controller_server]: Optimizer reset
[controller_server-32] [INFO] [controller_server]: Optimizer reset
[controller_server-32] [WARN] [controller_server]: Optimizer fail to compute path
[barn_runner.py-31] [0m[INFO] [BARN_Runner]: Time: 197.20 (s), x: -2.01 (m), y: 9.09 (m)[0m
[controller_server-32] [INFO] [controller_server]: Optimizer reset
[controller_server-32] [INFO] [controller_server]: Optimizer reset
[controller_server-32] [WARN] [controller_server]: Optimizer fail to compute path
[controller_server-32] [INFO] [controller_server]: Optimizer reset
[controller_server-32] [INFO] [controller_server]: Optimizer reset
[controller_server-32] [WARN] [controller_server]: Optimizer fail to compute path
[controller_server-32] [INFO] [controller_server]: Optimizer reset
[controller_server-32] [INFO] [controller_server]: Optimizer reset
[controller_server-32] [WARN] [controller_server]: Optimizer fail to compute path
[controller_server-32] [INFO] [controller_server]: Optimizer reset
[controller_server-32] [INFO] [controller_server]: Optimizer reset
[controller_server-32] [WARN] [controller_server]: Optimizer fail to compute path
[controller_server-32] [INFO] [controller_server]: Optimizer reset
[controller_server-32] [INFO] [controller_server]: Optimizer reset
[controller_server-32] [WARN] [controller_server]: Optimizer fail to compute path
[controller_server-32] [INFO] [controller_server]: Optimizer reset
[controller_server-32] [INFO] [controller_server]: Optimizer reset
[controller_server-32] [WARN] [controller_server]: Optimizer fail to compute path
[controller_server-32] [INFO] [controller_server]: Optimizer reset
[controller_server-32] [INFO] [controller_server]: Optimizer reset
[controller_server-32] [WARN] [controller_server]: Optimizer fail to compute path
[controller_server-32] [INFO] [controller_server]: Optimizer reset
[controller_server-32] [INFO] [controller_server]: Optimizer reset
[controller_server-32] [WARN] [controller_server]: Optimizer fail to compute path
[controller_server-32] [INFO] [controller_server]: Optimizer reset
[controller_server-32] [INFO] [controller_server]: Optimizer reset
[controller_server-32] [WARN] [controller_server]: Optimizer fail to compute path
[controller_server-32] [INFO] [controller_server]: Passing new path to controller.
[controller_server-32] [INFO] [controller_server]: Optimizer reset
[controller_server-32] [INFO] [controller_server]: Optimizer reset
[controller_server-32] [WARN] [controller_server]: Optimizer fail to compute path
[controller_server-32] [INFO] [controller_server]: Optimizer reset
[controller_server-32] [INFO] [controller_server]: Optimizer reset
[controller_server-32] [WARN] [controller_server]: Optimizer fail to compute path
[controller_server-32] [INFO] [controller_server]: Optimizer reset
[controller_server-32] [INFO] [controller_server]: Optimizer reset
[controller_server-32] [WARN] [controller_server]: Optimizer fail to compute path
[controller_server-32] [INFO] [controller_server]: Optimizer reset
[controller_server-32] [INFO] [controller_server]: Optimizer reset
[controller_server-32] [WARN] [controller_server]: Optimizer fail to compute path
[controller_server-32] [INFO] [controller_server]: Optimizer reset
[controller_server-32] [INFO] [controller_server]: Optimizer reset
[controller_server-32] [WARN] [controller_server]: Optimizer fail to compute path
[controller_server-32] [INFO] [controller_server]: Optimizer reset
[controller_server-32] [INFO] [controller_server]: Optimizer reset
[controller_server-32] [WARN] [controller_server]: Optimizer fail to compute path
[controller_server-32] [INFO] [controller_server]: Optimizer reset
[controller_server-32] [INFO] [controller_server]: Optimizer reset
[controller_server-32] [WARN] [controller_server]: Optimizer fail to compute path
[controller_server-32] [INFO] [controller_server]: Optimizer reset
[controller_server-32] [INFO] [controller_server]: Optimizer reset
[controller_server-32] [WARN] [controller_server]: Optimizer fail to compute path
[controller_server-32] [INFO] [controller_server]: Optimizer reset
[controller_server-32] [INFO] [controller_server]: Optimizer reset
[controller_server-32] [WARN] [controller_server]: Optimizer fail to compute path
[controller_server-32] [INFO] [controller_server]: Optimizer reset
[controller_server-32] [INFO] [controller_server]: Optimizer reset
[controller_server-32] [WARN] [controller_server]: Optimizer fail to compute path
[controller_server-32] [INFO] [controller_server]: Optimizer reset
[barn_runner.py-31] [0m[INFO] [BARN_Runner]: Time: 198.21 (s), x: -2.01 (m), y: 9.09 (m)[0m
[controller_server-32] [INFO] [controller_server]: Optimizer reset
[controller_server-32] [WARN] [controller_server]: Optimizer fail to compute path
[controller_server-32] [INFO] [controller_server]: Optimizer reset
[controller_server-32] [INFO] [controller_server]: Optimizer reset
[controller_server-32] [WARN] [controller_server]: Optimizer fail to compute path
[controller_server-32] [WARN] [controller_server]: Control loop missed its desired rate of 20.0000 Hz. Current loop rate is 250.0000 Hz.
[controller_server-32] [INFO] [controller_server]: Optimizer reset
[controller_server-32] [INFO] [controller_server]: Optimizer reset
[controller_server-32] [WARN] [controller_server]: Optimizer fail to compute path
[controller_server-32] [INFO] [controller_server]: Optimizer reset
[controller_server-32] [INFO] [controller_server]: Optimizer reset
[controller_server-32] [WARN] [controller_server]: Optimizer fail to compute path
[controller_server-32] [INFO] [controller_server]: Optimizer reset
[controller_server-32] [INFO] [controller_server]: Optimizer reset
[controller_server-32] [WARN] [controller_server]: Optimizer fail to compute path
[controller_server-32] [INFO] [controller_server]: Optimizer reset
[controller_server-32] [INFO] [controller_server]: Optimizer reset
[controller_server-32] [WARN] [controller_server]: Optimizer fail to compute path
[controller_server-32] [INFO] [controller_server]: Optimizer reset
[controller_server-32] [INFO] [controller_server]: Optimizer reset
[controller_server-32] [WARN] [controller_server]: Optimizer fail to compute path
[controller_server-32] [INFO] [controller_server]: Optimizer reset
[controller_server-32] [INFO] [controller_server]: Optimizer reset
[controller_server-32] [WARN] [controller_server]: Optimizer fail to compute path
[controller_server-32] [INFO] [controller_server]: Optimizer reset
[controller_server-32] [INFO] [controller_server]: Optimizer reset
[controller_server-32] [WARN] [controller_server]: Optimizer fail to compute path
[controller_server-32] [INFO] [controller_server]: Optimizer reset
[controller_server-32] [INFO] [controller_server]: Optimizer reset
[controller_server-32] [WARN] [controller_server]: Optimizer fail to compute path
[controller_server-32] [INFO] [controller_server]: Passing new path to controller.
[controller_server-32] [INFO] [controller_server]: Optimizer reset
[controller_server-32] [INFO] [controller_server]: Optimizer reset
[controller_server-32] [WARN] [controller_server]: Optimizer fail to compute path
[controller_server-32] [INFO] [controller_server]: Optimizer reset
[controller_server-32] [INFO] [controller_server]: Optimizer reset
[controller_server-32] [WARN] [controller_server]: Optimizer fail to compute path
[controller_server-32] [INFO] [controller_server]: Optimizer reset
[controller_server-32] [INFO] [controller_server]: Optimizer reset
[controller_server-32] [WARN] [controller_server]: Optimizer fail to compute path
[controller_server-32] [INFO] [controller_server]: Optimizer reset
[controller_server-32] [INFO] [controller_server]: Optimizer reset
[controller_server-32] [WARN] [controller_server]: Optimizer fail to compute path
[controller_server-32] [INFO] [controller_server]: Optimizer reset
[controller_server-32] [INFO] [controller_server]: Optimizer reset
[controller_server-32] [WARN] [controller_server]: Optimizer fail to compute path
[controller_server-32] [INFO] [controller_server]: Optimizer reset
[controller_server-32] [INFO] [controller_server]: Optimizer reset
[controller_server-32] [WARN] [controller_server]: Optimizer fail to compute path
[controller_server-32] [ERROR] [controller_server]: Controller patience exceeded
[controller_server-32] [INFO] [controller_server]: Optimizer reset
[controller_server-32] [WARN] [controller_server]: [follow_path] [ActionServer] Aborting handle.
[controller_server-32] [INFO] [local_costmap.local_costmap]: Received request to clear entirely the local_costmap
[controller_server-32] [INFO] [controller_server]: Received a goal, begin computing control effort.
[controller_server-32] [INFO] [controller_server]: Optimizer reset
[controller_server-32] [INFO] [controller_server]: Optimizer reset
[controller_server-32] [WARN] [controller_server]: Optimizer fail to compute path
[controller_server-32] [WARN] [controller_server]: Control loop missed its desired rate of 20.0000 Hz. Current loop rate is 66.6667 Hz.
[controller_server-32] [INFO] [controller_server]: Optimizer reset
[controller_server-32] [INFO] [controller_server]: Optimizer reset
[controller_server-32] [WARN] [controller_server]: Optimizer fail to compute path
[controller_server-32] [INFO] [controller_server]: Optimizer reset
[controller_server-32] [INFO] [controller_server]: Optimizer reset
[controller_server-32] [WARN] [controller_server]: Optimizer fail to compute path
[barn_runner.py-31] [0m[INFO] [BARN_Runner]: Time: 199.22 (s), x: -2.01 (m), y: 9.09 (m)[0m
[controller_server-32] [INFO] [controller_server]: Optimizer reset
[controller_server-32] [INFO] [controller_server]: Optimizer reset
[controller_server-32] [WARN] [controller_server]: Optimizer fail to compute path
[controller_server-32] [INFO] [controller_server]: Optimizer reset
[controller_server-32] [INFO] [controller_server]: Optimizer reset
[controller_server-32] [WARN] [controller_server]: Optimizer fail to compute path
[controller_server-32] [INFO] [controller_server]: Optimizer reset
[controller_server-32] [INFO] [controller_server]: Optimizer reset
[controller_server-32] [WARN] [controller_server]: Optimizer fail to compute path
[controller_server-32] [INFO] [controller_server]: Optimizer reset
[controller_server-32] [INFO] [controller_server]: Optimizer reset
[controller_server-32] [WARN] [controller_server]: Optimizer fail to compute path
[controller_server-32] [INFO] [controller_server]: Optimizer reset
[controller_server-32] [INFO] [controller_server]: Optimizer reset
[controller_server-32] [WARN] [controller_server]: Optimizer fail to compute path
[controller_server-32] [INFO] [controller_server]: Optimizer reset
[controller_server-32] [INFO] [controller_server]: Optimizer reset
[controller_server-32] [WARN] [controller_server]: Optimizer fail to compute path
[controller_server-32] [INFO] [controller_server]: Optimizer reset
[controller_server-32] [INFO] [controller_server]: Optimizer reset
[controller_server-32] [WARN] [controller_server]: Optimizer fail to compute path
[controller_server-32] [INFO] [controller_server]: Optimizer reset
[controller_server-32] [INFO] [controller_server]: Optimizer reset
[controller_server-32] [WARN] [controller_server]: Optimizer fail to compute path
[controller_server-32] [INFO] [controller_server]: Optimizer reset
[controller_server-32] [INFO] [controller_server]: Optimizer reset
[controller_server-32] [WARN] [controller_server]: Optimizer fail to compute path
[controller_server-32] [INFO] [controller_server]: Passing new path to controller.
[controller_server-32] [INFO] [controller_server]: Optimizer reset
[controller_server-32] [INFO] [controller_server]: Optimizer reset
[controller_server-32] [WARN] [controller_server]: Optimizer fail to compute path
[controller_server-32] [INFO] [controller_server]: Optimizer reset
[controller_server-32] [INFO] [controller_server]: Optimizer reset
[controller_server-32] [WARN] [controller_server]: Optimizer fail to compute path
[controller_server-32] [INFO] [controller_server]: Optimizer reset
[controller_server-32] [INFO] [controller_server]: Optimizer reset
[controller_server-32] [WARN] [controller_server]: Optimizer fail to compute path
[controller_server-32] [INFO] [controller_server]: Optimizer reset
[controller_server-32] [INFO] [controller_server]: Optimizer reset
[controller_server-32] [WARN] [controller_server]: Optimizer fail to compute path
[controller_server-32] [INFO] [controller_server]: Optimizer reset
[controller_server-32] [INFO] [controller_server]: Optimizer reset
[controller_server-32] [WARN] [controller_server]: Optimizer fail to compute path
[controller_server-32] [INFO] [controller_server]: Optimizer reset
[controller_server-32] [INFO] [controller_server]: Optimizer reset
[controller_server-32] [WARN] [controller_server]: Optimizer fail to compute path
[controller_server-32] [INFO] [controller_server]: Optimizer reset
[controller_server-32] [INFO] [controller_server]: Optimizer reset
[controller_server-32] [WARN] [controller_server]: Optimizer fail to compute path
[controller_server-32] [INFO] [controller_server]: Optimizer reset
[controller_server-32] [INFO] [controller_server]: Optimizer reset
[controller_server-32] [WARN] [controller_server]: Optimizer fail to compute path
[controller_server-32] [INFO] [controller_server]: Optimizer reset
[controller_server-32] [INFO] [controller_server]: Optimizer reset
[controller_server-32] [WARN] [controller_server]: Optimizer fail to compute path
[controller_server-32] [INFO] [controller_server]: Optimizer reset
[controller_server-32] [INFO] [controller_server]: Optimizer reset
[controller_server-32] [WARN] [controller_server]: Optimizer fail to compute path
[controller_server-32] [INFO] [controller_server]: Optimizer reset
[controller_server-32] [INFO] [controller_server]: Optimizer reset
[controller_server-32] [WARN] [controller_server]: Optimizer fail to compute path
[controller_server-32] [INFO] [controller_server]: Optimizer reset
[controller_server-32] [INFO] [controller_server]: Optimizer reset
[controller_server-32] [WARN] [controller_server]: Optimizer fail to compute path
[barn_runner.py-31] [0m[INFO] [BARN_Runner]: Time: 200.24 (s), x: -2.01 (m), y: 9.09 (m)[0m
[controller_server-32] [INFO] [controller_server]: Optimizer reset
[controller_server-32] [INFO] [controller_server]: Optimizer reset
[controller_server-32] [WARN] [controller_server]: Optimizer fail to compute path
[controller_server-32] [INFO] [controller_server]: Optimizer reset
[controller_server-32] [INFO] [controller_server]: Optimizer reset
[controller_server-32] [WARN] [controller_server]: Optimizer fail to compute path
[controller_server-32] [INFO] [controller_server]: Optimizer reset
[controller_server-32] [INFO] [controller_server]: Optimizer reset
[controller_server-32] [WARN] [controller_server]: Optimizer fail to compute path
[controller_server-32] [INFO] [controller_server]: Optimizer reset
[controller_server-32] [INFO] [controller_server]: Optimizer reset
[controller_server-32] [WARN] [controller_server]: Optimizer fail to compute path
[controller_server-32] [INFO] [controller_server]: Optimizer reset
[controller_server-32] [INFO] [controller_server]: Optimizer reset
[controller_server-32] [WARN] [controller_server]: Optimizer fail to compute path
[controller_server-32] [INFO] [controller_server]: Optimizer reset
[controller_server-32] [INFO] [controller_server]: Optimizer reset
[controller_server-32] [WARN] [controller_server]: Optimizer fail to compute path
[controller_server-32] [INFO] [controller_server]: Optimizer reset
[controller_server-32] [INFO] [controller_server]: Optimizer reset
[controller_server-32] [WARN] [controller_server]: Optimizer fail to compute path
[controller_server-32] [INFO] [controller_server]: Optimizer reset
[controller_server-32] [INFO] [controller_server]: Optimizer reset
[controller_server-32] [WARN] [controller_server]: Optimizer fail to compute path
[controller_server-32] [INFO] [controller_server]: Optimizer reset
[controller_server-32] [INFO] [controller_server]: Optimizer reset
[controller_server-32] [WARN] [controller_server]: Optimizer fail to compute path
[controller_server-32] [INFO] [controller_server]: Passing new path to controller.
[controller_server-32] [INFO] [controller_server]: Optimizer reset
[controller_server-32] [INFO] [controller_server]: Optimizer reset
[controller_server-32] [WARN] [controller_server]: Optimizer fail to compute path
[controller_server-32] [INFO] [controller_server]: Optimizer reset
[controller_server-32] [INFO] [controller_server]: Optimizer reset
[controller_server-32] [WARN] [controller_server]: Optimizer fail to compute path
[controller_server-32] [INFO] [controller_server]: Optimizer reset
[controller_server-32] [INFO] [controller_server]: Optimizer reset
[controller_server-32] [WARN] [controller_server]: Optimizer fail to compute path
[controller_server-32] [INFO] [controller_server]: Optimizer reset
[controller_server-32] [INFO] [controller_server]: Optimizer reset
[controller_server-32] [WARN] [controller_server]: Optimizer fail to compute path
[controller_server-32] [INFO] [controller_server]: Optimizer reset
[controller_server-32] [INFO] [controller_server]: Optimizer reset
[controller_server-32] [WARN] [controller_server]: Optimizer fail to compute path
[controller_server-32] [INFO] [controller_server]: Optimizer reset
[controller_server-32] [INFO] [controller_server]: Optimizer reset
[controller_server-32] [WARN] [controller_server]: Optimizer fail to compute path
[controller_server-32] [INFO] [controller_server]: Optimizer reset
[controller_server-32] [INFO] [controller_server]: Optimizer reset
[controller_server-32] [WARN] [controller_server]: Optimizer fail to compute path
[controller_server-32] [INFO] [controller_server]: Optimizer reset
[controller_server-32] [INFO] [controller_server]: Optimizer reset
[controller_server-32] [WARN] [controller_server]: Optimizer fail to compute path
[controller_server-32] [INFO] [controller_server]: Optimizer reset
[controller_server-32] [INFO] [controller_server]: Optimizer reset
[controller_server-32] [WARN] [controller_server]: Optimizer fail to compute path
[controller_server-32] [INFO] [controller_server]: Optimizer reset
[controller_server-32] [INFO] [controller_server]: Optimizer reset
[controller_server-32] [WARN] [controller_server]: Optimizer fail to compute path
[controller_server-32] [INFO] [controller_server]: Optimizer reset
[controller_server-32] [INFO] [controller_server]: Optimizer reset
[controller_server-32] [WARN] [controller_server]: Optimizer fail to compute path
[barn_runner.py-31] [0m[INFO] [BARN_Runner]: Time: 201.25 (s), x: -2.01 (m), y: 9.09 (m)[0m
[controller_server-32] [INFO] [controller_server]: Optimizer reset
[controller_server-32] [INFO] [controller_server]: Optimizer reset
[controller_server-32] [WARN] [controller_server]: Optimizer fail to compute path
[controller_server-32] [INFO] [controller_server]: Optimizer reset
[controller_server-32] [INFO] [controller_server]: Optimizer reset
[controller_server-32] [WARN] [controller_server]: Optimizer fail to compute path
[controller_server-32] [INFO] [controller_server]: Optimizer reset
[controller_server-32] [INFO] [controller_server]: Optimizer reset
[controller_server-32] [WARN] [controller_server]: Optimizer fail to compute path
[controller_server-32] [INFO] [controller_server]: Optimizer reset
[controller_server-32] [INFO] [controller_server]: Optimizer reset
[controller_server-32] [WARN] [controller_server]: Optimizer fail to compute path
[controller_server-32] [INFO] [controller_server]: Optimizer reset
[controller_server-32] [INFO] [controller_server]: Optimizer reset
[controller_server-32] [WARN] [controller_server]: Optimizer fail to compute path
[controller_server-32] [INFO] [controller_server]: Optimizer reset
[controller_server-32] [INFO] [controller_server]: Optimizer reset
[controller_server-32] [WARN] [controller_server]: Optimizer fail to compute path
[controller_server-32] [INFO] [controller_server]: Optimizer reset
[controller_server-32] [INFO] [controller_server]: Optimizer reset
[controller_server-32] [WARN] [controller_server]: Optimizer fail to compute path
[controller_server-32] [INFO] [controller_server]: Optimizer reset
[controller_server-32] [INFO] [controller_server]: Optimizer reset
[controller_server-32] [WARN] [controller_server]: Optimizer fail to compute path
[controller_server-32] [INFO] [controller_server]: Optimizer reset
[controller_server-32] [INFO] [controller_server]: Optimizer reset
[controller_server-32] [WARN] [controller_server]: Optimizer fail to compute path
[controller_server-32] [INFO] [controller_server]: Passing new path to controller.
[controller_server-32] [INFO] [controller_server]: Optimizer reset
[controller_server-32] [INFO] [controller_server]: Optimizer reset
[controller_server-32] [WARN] [controller_server]: Optimizer fail to compute path
[controller_server-32] [INFO] [controller_server]: Optimizer reset
[controller_server-32] [INFO] [controller_server]: Optimizer reset
[controller_server-32] [WARN] [controller_server]: Optimizer fail to compute path
[controller_server-32] [INFO] [controller_server]: Optimizer reset
[controller_server-32] [INFO] [controller_server]: Optimizer reset
[controller_server-32] [WARN] [controller_server]: Optimizer fail to compute path
[controller_server-32] [INFO] [controller_server]: Optimizer reset
[controller_server-32] [INFO] [controller_server]: Optimizer reset
[controller_server-32] [WARN] [controller_server]: Optimizer fail to compute path
[controller_server-32] [INFO] [controller_server]: Optimizer reset
[controller_server-32] [INFO] [controller_server]: Optimizer reset
[controller_server-32] [WARN] [controller_server]: Optimizer fail to compute path
[controller_server-32] [INFO] [controller_server]: Optimizer reset
[controller_server-32] [INFO] [controller_server]: Optimizer reset
[controller_server-32] [WARN] [controller_server]: Optimizer fail to compute path
[controller_server-32] [INFO] [controller_server]: Optimizer reset
[controller_server-32] [INFO] [controller_server]: Optimizer reset
[controller_server-32] [WARN] [controller_server]: Optimizer fail to compute path
[controller_server-32] [INFO] [controller_server]: Optimizer reset
[controller_server-32] [INFO] [controller_server]: Optimizer reset
[controller_server-32] [WARN] [controller_server]: Optimizer fail to compute path
[controller_server-32] [INFO] [controller_server]: Optimizer reset
[controller_server-32] [INFO] [controller_server]: Optimizer reset
[controller_server-32] [WARN] [controller_server]: Optimizer fail to compute path
[controller_server-32] [INFO] [controller_server]: Optimizer reset
[controller_server-32] [INFO] [controller_server]: Optimizer reset
[controller_server-32] [WARN] [controller_server]: Optimizer fail to compute path
[controller_server-32] [INFO] [controller_server]: Optimizer reset
[controller_server-32] [INFO] [controller_server]: Optimizer reset
[controller_server-32] [WARN] [controller_server]: Optimizer fail to compute path
[controller_server-32] [ERROR] [controller_server]: Controller patience exceeded
[controller_server-32] [INFO] [controller_server]: Optimizer reset
[controller_server-32] [WARN] [controller_server]: [follow_path] [ActionServer] Aborting handle.
[behavior_server-35] [INFO] [behavior_server]: Running spin
[behavior_server-35] [INFO] [behavior_server]: Turning 1.57 for spin behavior.
[barn_runner.py-31] [0m[INFO] [BARN_Runner]: Time: 202.26 (s), x: -2.01 (m), y: 9.09 (m)[0m
[behavior_server-35] [WARN] [behavior_server]: Collision Ahead - Exiting Spin
[behavior_server-35] [WARN] [behavior_server]: spin failed
[behavior_server-35] [WARN] [behavior_server]: [spin] [ActionServer] Aborting handle.
[behavior_server-35] [INFO] [behavior_server]: Running wait
[barn_runner.py-31] [0m[INFO] [BARN_Runner]: Time: 203.27 (s), x: -2.01 (m), y: 9.09 (m)[0m
[barn_runner.py-31] [0m[INFO] [BARN_Runner]: Time: 204.27 (s), x: -2.01 (m), y: 9.09 (m)[0m
[barn_runner.py-31] [0m[INFO] [BARN_Runner]: Time: 205.29 (s), x: -2.01 (m), y: 9.09 (m)[0m
[gazebo-1] [WARN] [platform_velocity_controller]: Ignoring the received message (timestamp 26.8360000000) because it is older than the current time by 0.5020000000 seconds, which exceeds the allowed timeout (0.5000)
[gazebo-1] [WARN] [platform_velocity_controller]: Ignoring the received message (timestamp 26.8360000000) because it is older than the current time by 0.5090000000 seconds, which exceeds the allowed timeout (0.5000)
[gazebo-1] [WARN] [platform_velocity_controller]: Ignoring the received message (timestamp 26.8360000000) because it is older than the current time by 0.5150000000 seconds, which exceeds the allowed timeout (0.5000)
[barn_runner.py-31] [0m[INFO] [BARN_Runner]: Time: 206.31 (s), x: -2.01 (m), y: 9.09 (m)[0m
[gazebo-1] [WARN] [platform_velocity_controller]: Ignoring the received message (timestamp 26.8360000000) because it is older than the current time by 0.5200000000 seconds, which exceeds the allowed timeout (0.5000)
[gazebo-1] [WARN] [platform_velocity_controller]: Ignoring the received message (timestamp 26.8360000000) because it is older than the current time by 0.5250000000 seconds, which exceeds the allowed timeout (0.5000)
[gazebo-1] [WARN] [platform_velocity_controller]: Ignoring the received message (timestamp 26.8360000000) because it is older than the current time by 0.5300000000 seconds, which exceeds the allowed timeout (0.5000)
[gazebo-1] [WARN] [platform_velocity_controller]: Ignoring the received message (timestamp 26.8360000000) because it is older than the current time by 0.5390000000 seconds, which exceeds the allowed timeout (0.5000)
[gazebo-1] [WARN] [platform_velocity_controller]: Ignoring the received message (timestamp 26.8360000000) because it is older than the current time by 0.5440000000 seconds, which exceeds the allowed timeout (0.5000)
[gazebo-1] [WARN] [platform_velocity_controller]: Ignoring the received message (timestamp 26.8360000000) because it is older than the current time by 0.5500000000 seconds, which exceeds the allowed timeout (0.5000)
[gazebo-1] [WARN] [platform_velocity_controller]: Ignoring the received message (timestamp 26.8360000000) because it is older than the current time by 0.5570000000 seconds, which exceeds the allowed timeout (0.5000)
[gazebo-1] [WARN] [platform_velocity_controller]: Ignoring the received message (timestamp 26.8360000000) because it is older than the current time by 0.5640000000 seconds, which exceeds the allowed timeout (0.5000)
[gazebo-1] [WARN] [platform_velocity_controller]: Ignoring the received message (timestamp 26.8360000000) because it is older than the current time by 0.5690000000 seconds, which exceeds the allowed timeout (0.5000)
[gazebo-1] [WARN] [platform_velocity_controller]: Ignoring the received message (timestamp 26.8360000000) because it is older than the current time by 0.5750000000 seconds, which exceeds the allowed timeout (0.5000)
[gazebo-1] [WARN] [platform_velocity_controller]: Ignoring the received message (timestamp 26.8360000000) because it is older than the current time by 0.5830000000 seconds, which exceeds the allowed timeout (0.5000)
[gazebo-1] [WARN] [platform_velocity_controller]: Ignoring the received message (timestamp 26.8360000000) because it is older than the current time by 0.5880000000 seconds, which exceeds the allowed timeout (0.5000)
[gazebo-1] [WARN] [platform_velocity_controller]: Ignoring the received message (timestamp 26.8360000000) because it is older than the current time by 0.5930000000 seconds, which exceeds the allowed timeout (0.5000)
[gazebo-1] [WARN] [platform_velocity_controller]: Ignoring the received message (timestamp 26.8360000000) because it is older than the current time by 0.6000000000 seconds, which exceeds the allowed timeout (0.5000)
[gazebo-1] [WARN] [platform_velocity_controller]: Ignoring the received message (timestamp 26.8360000000) because it is older than the current time by 0.6060000000 seconds, which exceeds the allowed timeout (0.5000)
[gazebo-1] [WARN] [platform_velocity_controller]: Ignoring the received message (timestamp 26.8360000000) because it is older than the current time by 0.6130000000 seconds, which exceeds the allowed timeout (0.5000)
[gazebo-1] [WARN] [platform_velocity_controller]: Ignoring the received message (timestamp 26.8360000000) because it is older than the current time by 0.6180000000 seconds, which exceeds the allowed timeout (0.5000)
[gazebo-1] [WARN] [platform_velocity_controller]: Ignoring the received message (timestamp 26.8360000000) because it is older than the current time by 0.6240000000 seconds, which exceeds the allowed timeout (0.5000)
[gazebo-1] [WARN] [platform_velocity_controller]: Ignoring the received message (timestamp 26.8360000000) because it is older than the current time by 0.6300000000 seconds, which exceeds the allowed timeout (0.5000)
[gazebo-1] [WARN] [platform_velocity_controller]: Ignoring the received message (timestamp 26.8360000000) because it is older than the current time by 0.6370000000 seconds, which exceeds the allowed timeout (0.5000)
[barn_runner.py-31] [0m[INFO] [BARN_Runner]: Time: 207.32 (s), x: -2.01 (m), y: 9.09 (m)[0m
[gazebo-1] [WARN] [platform_velocity_controller]: Ignoring the received message (timestamp 26.8360000000) because it is older than the current time by 0.6430000000 seconds, which exceeds the allowed timeout (0.5000)
[gazebo-1] [WARN] [platform_velocity_controller]: Ignoring the received message (timestamp 26.8360000000) because it is older than the current time by 0.6460000000 seconds, which exceeds the allowed timeout (0.5000)
[gazebo-1] [WARN] [platform_velocity_controller]: Ignoring the received message (timestamp 26.8360000000) because it is older than the current time by 0.6530000000 seconds, which exceeds the allowed timeout (0.5000)
[gazebo-1] [WARN] [platform_velocity_controller]: Ignoring the received message (timestamp 26.8360000000) because it is older than the current time by 0.6610000000 seconds, which exceeds the allowed timeout (0.5000)
[gazebo-1] [WARN] [platform_velocity_controller]: Ignoring the received message (timestamp 26.8360000000) because it is older than the current time by 0.6670000000 seconds, which exceeds the allowed timeout (0.5000)
[gazebo-1] [WARN] [platform_velocity_controller]: Ignoring the received message (timestamp 26.8360000000) because it is older than the current time by 0.6720000000 seconds, which exceeds the allowed timeout (0.5000)
[gazebo-1] [WARN] [platform_velocity_controller]: Ignoring the received message (timestamp 26.8360000000) because it is older than the current time by 0.6780000000 seconds, which exceeds the allowed timeout (0.5000)
[gazebo-1] [WARN] [platform_velocity_controller]: Ignoring the received message (timestamp 26.8360000000) because it is older than the current time by 0.6860000000 seconds, which exceeds the allowed timeout (0.5000)
[gazebo-1] [WARN] [platform_velocity_controller]: Ignoring the received message (timestamp 26.8360000000) because it is older than the current time by 0.6930000000 seconds, which exceeds the allowed timeout (0.5000)
[gazebo-1] [WARN] [platform_velocity_controller]: Ignoring the received message (timestamp 26.8360000000) because it is older than the current time by 0.6980000000 seconds, which exceeds the allowed timeout (0.5000)
[gazebo-1] [WARN] [platform_velocity_controller]: Ignoring the received message (timestamp 26.8360000000) because it is older than the current time by 0.7050000000 seconds, which exceeds the allowed timeout (0.5000)
[gazebo-1] [WARN] [platform_velocity_controller]: Ignoring the received message (timestamp 26.8360000000) because it is older than the current time by 0.7110000000 seconds, which exceeds the allowed timeout (0.5000)
[gazebo-1] [WARN] [platform_velocity_controller]: Ignoring the received message (timestamp 26.8360000000) because it is older than the current time by 0.7180000000 seconds, which exceeds the allowed timeout (0.5000)
[gazebo-1] [WARN] [platform_velocity_controller]: Ignoring the received message (timestamp 26.8360000000) because it is older than the current time by 0.7230000000 seconds, which exceeds the allowed timeout (0.5000)
[gazebo-1] [WARN] [platform_velocity_controller]: Ignoring the received message (timestamp 26.8360000000) because it is older than the current time by 0.7310000000 seconds, which exceeds the allowed timeout (0.5000)
[gazebo-1] [WARN] [platform_velocity_controller]: Ignoring the received message (timestamp 26.8360000000) because it is older than the current time by 0.7380000000 seconds, which exceeds the allowed timeout (0.5000)
[gazebo-1] [WARN] [platform_velocity_controller]: Ignoring the received message (timestamp 26.8360000000) because it is older than the current time by 0.7460000000 seconds, which exceeds the allowed timeout (0.5000)
[gazebo-1] [WARN] [platform_velocity_controller]: Ignoring the received message (timestamp 26.8360000000) because it is older than the current time by 0.7510000000 seconds, which exceeds the allowed timeout (0.5000)
[gazebo-1] [WARN] [platform_velocity_controller]: Ignoring the received message (timestamp 26.8360000000) because it is older than the current time by 0.7580000000 seconds, which exceeds the allowed timeout (0.5000)
[gazebo-1] [WARN] [platform_velocity_controller]: Ignoring the received message (timestamp 26.8360000000) because it is older than the current time by 0.7650000000 seconds, which exceeds the allowed timeout (0.5000)
[barn_runner.py-31] [0m[INFO] [BARN_Runner]: Time: 208.32 (s), x: -2.01 (m), y: 9.09 (m)[0m
[gazebo-1] [WARN] [platform_velocity_controller]: Ignoring the received message (timestamp 26.8360000000) because it is older than the current time by 0.7700000000 seconds, which exceeds the allowed timeout (0.5000)
[gazebo-1] [WARN] [platform_velocity_controller]: Ignoring the received message (timestamp 26.8360000000) because it is older than the current time by 0.7760000000 seconds, which exceeds the allowed timeout (0.5000)
[gazebo-1] [WARN] [platform_velocity_controller]: Ignoring the received message (timestamp 26.8360000000) because it is older than the current time by 0.7810000000 seconds, which exceeds the allowed timeout (0.5000)
[gazebo-1] [WARN] [platform_velocity_controller]: Ignoring the received message (timestamp 26.8360000000) because it is older than the current time by 0.7890000000 seconds, which exceeds the allowed timeout (0.5000)
[gazebo-1] [WARN] [platform_velocity_controller]: Ignoring the received message (timestamp 26.8360000000) because it is older than the current time by 0.7940000000 seconds, which exceeds the allowed timeout (0.5000)
[gazebo-1] [WARN] [platform_velocity_controller]: Ignoring the received message (timestamp 26.8360000000) because it is older than the current time by 0.8010000000 seconds, which exceeds the allowed timeout (0.5000)
[gazebo-1] [WARN] [platform_velocity_controller]: Ignoring the received message (timestamp 26.8360000000) because it is older than the current time by 0.8080000000 seconds, which exceeds the allowed timeout (0.5000)
[gazebo-1] [WARN] [platform_velocity_controller]: Ignoring the received message (timestamp 26.8360000000) because it is older than the current time by 0.8160000000 seconds, which exceeds the allowed timeout (0.5000)
[gazebo-1] [WARN] [platform_velocity_controller]: Ignoring the received message (timestamp 26.8360000000) because it is older than the current time by 0.8220000000 seconds, which exceeds the allowed timeout (0.5000)
[gazebo-1] [WARN] [platform_velocity_controller]: Ignoring the received message (timestamp 26.8360000000) because it is older than the current time by 0.8290000000 seconds, which exceeds the allowed timeout (0.5000)
[gazebo-1] [WARN] [platform_velocity_controller]: Ignoring the received message (timestamp 26.8360000000) because it is older than the current time by 0.8350000000 seconds, which exceeds the allowed timeout (0.5000)
[gazebo-1] [WARN] [platform_velocity_controller]: Ignoring the received message (timestamp 26.8360000000) because it is older than the current time by 0.8420000000 seconds, which exceeds the allowed timeout (0.5000)
[gazebo-1] [WARN] [platform_velocity_controller]: Ignoring the received message (timestamp 26.8360000000) because it is older than the current time by 0.8460000000 seconds, which exceeds the allowed timeout (0.5000)
[gazebo-1] [WARN] [platform_velocity_controller]: Ignoring the received message (timestamp 26.8360000000) because it is older than the current time by 0.8510000000 seconds, which exceeds the allowed timeout (0.5000)
[gazebo-1] [WARN] [platform_velocity_controller]: Ignoring the received message (timestamp 26.8360000000) because it is older than the current time by 0.8580000000 seconds, which exceeds the allowed timeout (0.5000)
[gazebo-1] [WARN] [platform_velocity_controller]: Ignoring the received message (timestamp 26.8360000000) because it is older than the current time by 0.8640000000 seconds, which exceeds the allowed timeout (0.5000)
[gazebo-1] [WARN] [platform_velocity_controller]: Ignoring the received message (timestamp 26.8360000000) because it is older than the current time by 0.8700000000 seconds, which exceeds the allowed timeout (0.5000)
[gazebo-1] [WARN] [platform_velocity_controller]: Ignoring the received message (timestamp 26.8360000000) because it is older than the current time by 0.8760000000 seconds, which exceeds the allowed timeout (0.5000)
[gazebo-1] [WARN] [platform_velocity_controller]: Ignoring the received message (timestamp 26.8360000000) because it is older than the current time by 0.8830000000 seconds, which exceeds the allowed timeout (0.5000)
[gazebo-1] [WARN] [platform_velocity_controller]: Ignoring the received message (timestamp 26.8360000000) because it is older than the current time by 0.8890000000 seconds, which exceeds the allowed timeout (0.5000)
[gazebo-1] [WARN] [platform_velocity_controller]: Ignoring the received message (timestamp 26.8360000000) because it is older than the current time by 0.8930000000 seconds, which exceeds the allowed timeout (0.5000)
[barn_runner.py-31] [0m[INFO] [BARN_Runner]: Time: 209.34 (s), x: -2.01 (m), y: 9.09 (m)[0m
[gazebo-1] [WARN] [platform_velocity_controller]: Ignoring the received message (timestamp 26.8360000000) because it is older than the current time by 0.9000000000 seconds, which exceeds the allowed timeout (0.5000)
[gazebo-1] [WARN] [platform_velocity_controller]: Ignoring the received message (timestamp 26.8360000000) because it is older than the current time by 0.9050000000 seconds, which exceeds the allowed timeout (0.5000)
[gazebo-1] [WARN] [platform_velocity_controller]: Ignoring the received message (timestamp 26.8360000000) because it is older than the current time by 0.9120000000 seconds, which exceeds the allowed timeout (0.5000)
[gazebo-1] [WARN] [platform_velocity_controller]: Ignoring the received message (timestamp 26.8360000000) because it is older than the current time by 0.9170000000 seconds, which exceeds the allowed timeout (0.5000)
[gazebo-1] [WARN] [platform_velocity_controller]: Ignoring the received message (timestamp 26.8360000000) because it is older than the current time by 0.9220000000 seconds, which exceeds the allowed timeout (0.5000)
[gazebo-1] [WARN] [platform_velocity_controller]: Ignoring the received message (timestamp 26.8360000000) because it is older than the current time by 0.9290000000 seconds, which exceeds the allowed timeout (0.5000)
[gazebo-1] [WARN] [platform_velocity_controller]: Ignoring the received message (timestamp 26.8360000000) because it is older than the current time by 0.9360000000 seconds, which exceeds the allowed timeout (0.5000)
[gazebo-1] [WARN] [platform_velocity_controller]: Ignoring the received message (timestamp 26.8360000000) because it is older than the current time by 0.9420000000 seconds, which exceeds the allowed timeout (0.5000)
[gazebo-1] [WARN] [platform_velocity_controller]: Ignoring the received message (timestamp 26.8360000000) because it is older than the current time by 0.9500000000 seconds, which exceeds the allowed timeout (0.5000)
[gazebo-1] [WARN] [platform_velocity_controller]: Ignoring the received message (timestamp 26.8360000000) because it is older than the current time by 0.9560000000 seconds, which exceeds the allowed timeout (0.5000)
[gazebo-1] [WARN] [platform_velocity_controller]: Ignoring the received message (timestamp 26.8360000000) because it is older than the current time by 0.9640000000 seconds, which exceeds the allowed timeout (0.5000)
[gazebo-1] [WARN] [platform_velocity_controller]: Ignoring the received message (timestamp 26.8360000000) because it is older than the current time by 0.9670000000 seconds, which exceeds the allowed timeout (0.5000)
[gazebo-1] [WARN] [platform_velocity_controller]: Ignoring the received message (timestamp 26.8360000000) because it is older than the current time by 0.9730000000 seconds, which exceeds the allowed timeout (0.5000)
[gazebo-1] [WARN] [platform_velocity_controller]: Ignoring the received message (timestamp 26.8360000000) because it is older than the current time by 0.9790000000 seconds, which exceeds the allowed timeout (0.5000)
[gazebo-1] [WARN] [platform_velocity_controller]: Ignoring the received message (timestamp 26.8360000000) because it is older than the current time by 0.9870000000 seconds, which exceeds the allowed timeout (0.5000)
[gazebo-1] [WARN] [platform_velocity_controller]: Ignoring the received message (timestamp 26.8360000000) because it is older than the current time by 0.9930000000 seconds, which exceeds the allowed timeout (0.5000)
[gazebo-1] [WARN] [platform_velocity_controller]: Ignoring the received message (timestamp 26.8360000000) because it is older than the current time by 0.9990000000 seconds, which exceeds the allowed timeout (0.5000)
[barn_runner.py-31] [0m[INFO] [BARN_Runner]: Time: 210.36 (s), x: -2.01 (m), y: 9.09 (m)[0m
[barn_runner.py-31] [0m[INFO] [BARN_Runner]: Time: 211.36 (s), x: -2.01 (m), y: 9.09 (m)[0m
[barn_runner.py-31] [0m[INFO] [BARN_Runner]: Time: 212.39 (s), x: -2.01 (m), y: 9.09 (m)[0m
[barn_runner.py-31] [0m[INFO] [BARN_Runner]: Time: 213.39 (s), x: -2.01 (m), y: 9.09 (m)[0m
[barn_runner.py-31] [0m[INFO] [BARN_Runner]: Time: 214.40 (s), x: -2.01 (m), y: 9.09 (m)[0m
[barn_runner.py-31] [0m[INFO] [BARN_Runner]: Time: 215.40 (s), x: -2.01 (m), y: 9.09 (m)[0m
[barn_runner.py-31] [0m[INFO] [BARN_Runner]: Time: 216.40 (s), x: -2.01 (m), y: 9.09 (m)[0m
[barn_runner.py-31] [0m[INFO] [BARN_Runner]: Time: 217.41 (s), x: -2.01 (m), y: 9.09 (m)[0m
[barn_runner.py-31] [0m[INFO] [BARN_Runner]: Time: 218.42 (s), x: -2.01 (m), y: 9.09 (m)[0m
[barn_runner.py-31] [0m[INFO] [BARN_Runner]: Time: 219.43 (s), x: -2.01 (m), y: 9.09 (m)[0m
[barn_runner.py-31] [0m[INFO] [BARN_Runner]: Time: 220.44 (s), x: -2.01 (m), y: 9.09 (m)[0m
[barn_runner.py-31] [0m[INFO] [BARN_Runner]: Time: 221.46 (s), x: -2.01 (m), y: 9.09 (m)[0m
[barn_runner.py-31] [0m[INFO] [BARN_Runner]: Time: 222.47 (s), x: -2.01 (m), y: 9.09 (m)[0m
[barn_runner.py-31] [0m[INFO] [BARN_Runner]: Time: 223.48 (s), x: -2.01 (m), y: 9.09 (m)[0m
[barn_runner.py-31] [0m[INFO] [BARN_Runner]: Time: 224.48 (s), x: -2.01 (m), y: 9.09 (m)[0m
[barn_runner.py-31] [0m[INFO] [BARN_Runner]: Time: 225.48 (s), x: -2.01 (m), y: 9.09 (m)[0m
[barn_runner.py-31] [0m[INFO] [BARN_Runner]: Time: 226.51 (s), x: -2.01 (m), y: 9.09 (m)[0m
[barn_runner.py-31] [0m[INFO] [BARN_Runner]: Time: 227.52 (s), x: -2.01 (m), y: 9.09 (m)[0m
[barn_runner.py-31] [0m[INFO] [BARN_Runner]: Time: 228.53 (s), x: -2.01 (m), y: 9.09 (m)[0m
[barn_runner.py-31] [0m[INFO] [BARN_Runner]: Time: 229.54 (s), x: -2.01 (m), y: 9.09 (m)[0m
[barn_runner.py-31] [0m[INFO] [BARN_Runner]: Time: 230.55 (s), x: -2.01 (m), y: 9.09 (m)[0m
[barn_runner.py-31] [0m[INFO] [BARN_Runner]: Time: 231.56 (s), x: -2.01 (m), y: 9.09 (m)[0m
[barn_runner.py-31] [0m[INFO] [BARN_Runner]: Time: 232.56 (s), x: -2.01 (m), y: 9.09 (m)[0m
[barn_runner.py-31] [0m[INFO] [BARN_Runner]: Time: 233.57 (s), x: -2.01 (m), y: 9.09 (m)[0m
[barn_runner.py-31] [0m[INFO] [BARN_Runner]: Time: 234.58 (s), x: -2.01 (m), y: 9.09 (m)[0m
[barn_runner.py-31] [0m[INFO] [BARN_Runner]: Time: 235.59 (s), x: -2.01 (m), y: 9.09 (m)[0m
[barn_runner.py-31] [0m[INFO] [BARN_Runner]: Time: 236.59 (s), x: -2.01 (m), y: 9.09 (m)[0m
[barn_runner.py-31] [0m[INFO] [BARN_Runner]: Time: 237.60 (s), x: -2.01 (m), y: 9.09 (m)[0m
[barn_runner.py-31] [0m[INFO] [BARN_Runner]: Time: 238.61 (s), x: -2.01 (m), y: 9.09 (m)[0m
[barn_runner.py-31] [0m[INFO] [BARN_Runner]: Time: 239.62 (s), x: -2.01 (m), y: 9.09 (m)[0m
[barn_runner.py-31] [0m[INFO] [BARN_Runner]: Time: 240.64 (s), x: -2.01 (m), y: 9.09 (m)[0m
[behavior_server-35] [INFO] [behavior_server]: wait completed successfully
[controller_server-32] [INFO] [controller_server]: Received a goal, begin computing control effort.
[barn_runner.py-31] [0m[INFO] [BARN_Runner]: Time: 241.66 (s), x: -2.01 (m), y: 9.09 (m)[0m
[controller_server-32] [INFO] [controller_server]: Passing new path to controller.
[barn_runner.py-31] [0m[INFO] [BARN_Runner]: Time: 242.67 (s), x: -2.01 (m), y: 9.10 (m)[0m
[controller_server-32] [INFO] [controller_server]: Passing new path to controller.
[barn_runner.py-31] [0m[INFO] [BARN_Runner]: Time: 243.68 (s), x: -2.00 (m), y: 9.13 (m)[0m
[barn_runner.py-31] [0m[INFO] [BARN_Runner]: Time: 244.68 (s), x: -1.99 (m), y: 9.17 (m)[0m
[controller_server-32] [INFO] [controller_server]: Passing new path to controller.
[controller_server-32] [INFO] [controller_server]: Optimizer reset
[controller_server-32] [INFO] [controller_server]: Optimizer reset
[controller_server-32] [WARN] [controller_server]: Optimizer fail to compute path
[controller_server-32] [INFO] [controller_server]: Optimizer reset
[controller_server-32] [INFO] [controller_server]: Optimizer reset
[controller_server-32] [WARN] [controller_server]: Optimizer fail to compute path
[controller_server-32] [INFO] [controller_server]: Optimizer reset
[controller_server-32] [INFO] [controller_server]: Optimizer reset
[controller_server-32] [WARN] [controller_server]: Optimizer fail to compute path
[controller_server-32] [INFO] [controller_server]: Optimizer reset
[controller_server-32] [INFO] [controller_server]: Optimizer reset
[controller_server-32] [WARN] [controller_server]: Optimizer fail to compute path
[controller_server-32] [INFO] [controller_server]: Optimizer reset
[controller_server-32] [INFO] [controller_server]: Optimizer reset
[controller_server-32] [WARN] [controller_server]: Optimizer fail to compute path
[controller_server-32] [INFO] [controller_server]: Optimizer reset
[controller_server-32] [INFO] [controller_server]: Optimizer reset
[controller_server-32] [WARN] [controller_server]: Optimizer fail to compute path
[controller_server-32] [INFO] [controller_server]: Optimizer reset
[controller_server-32] [INFO] [controller_server]: Optimizer reset
[controller_server-32] [WARN] [controller_server]: Optimizer fail to compute path
[barn_runner.py-31] [0m[INFO] [BARN_Runner]: Time: 245.70 (s), x: -1.97 (m), y: 9.23 (m)[0m
[controller_server-32] [INFO] [controller_server]: Passing new path to controller.
[barn_runner.py-31] [0m[INFO] [BARN_Runner]: Time: 246.71 (s), x: -1.96 (m), y: 9.30 (m)[0m
[controller_server-32] [INFO] [controller_server]: Passing new path to controller.
[barn_runner.py-31] [0m[INFO] [BARN_Runner]: Time: 247.71 (s), x: -1.94 (m), y: 9.37 (m)[0m
[controller_server-32] [INFO] [controller_server]: Passing new path to controller.
[barn_runner.py-31] [0m[INFO] [BARN_Runner]: Time: 248.71 (s), x: -1.93 (m), y: 9.46 (m)[0m
[controller_server-32] [INFO] [controller_server]: Passing new path to controller.
[barn_runner.py-31] [0m[INFO] [BARN_Runner]: Time: 249.73 (s), x: -1.91 (m), y: 9.53 (m)[0m
[controller_server-32] [INFO] [controller_server]: Passing new path to controller.
[barn_runner.py-31] [0m[INFO] [BARN_Runner]: Time: 250.74 (s), x: -1.90 (m), y: 9.62 (m)[0m
[controller_server-32] [INFO] [controller_server]: Passing new path to controller.
[barn_runner.py-31] [0m[INFO] [BARN_Runner]: Time: 251.76 (s), x: -1.89 (m), y: 9.70 (m)[0m
[controller_server-32] [INFO] [controller_server]: Passing new path to controller.
[barn_runner.py-31] [0m[INFO] [BARN_Runner]: Time: 252.76 (s), x: -1.88 (m), y: 9.79 (m)[0m
[controller_server-32] [INFO] [controller_server]: Passing new path to controller.
[barn_runner.py-31] [0m[INFO] [BARN_Runner]: Time: 253.78 (s), x: -1.87 (m), y: 9.88 (m)[0m
[controller_server-32] [INFO] [controller_server]: Passing new path to controller.
[barn_runner.py-31] [0m[INFO] [BARN_Runner]: Time: 254.80 (s), x: -1.87 (m), y: 9.97 (m)[0m
[controller_server-32] [INFO] [controller_server]: Passing new path to controller.
[barn_runner.py-31] [0m[INFO] [BARN_Runner]: Time: 255.80 (s), x: -1.86 (m), y: 10.06 (m)[0m
[controller_server-32] [INFO] [controller_server]: Passing new path to controller.
[barn_runner.py-31] [0m[INFO] [BARN_Runner]: Time: 256.81 (s), x: -1.85 (m), y: 10.13 (m)[0m
[controller_server-32] [INFO] [controller_server]: Passing new path to controller.
[barn_runner.py-31] [0m[INFO] [BARN_Runner]: Time: 257.81 (s), x: -1.85 (m), y: 10.22 (m)[0m
[controller_server-32] [INFO] [controller_server]: Passing new path to controller.
[barn_runner.py-31] [0m[INFO] [BARN_Runner]: Time: 258.82 (s), x: -1.84 (m), y: 10.31 (m)[0m
[controller_server-32] [INFO] [controller_server]: Passing new path to controller.
[barn_runner.py-31] [0m[INFO] [BARN_Runner]: Time: 259.83 (s), x: -1.84 (m), y: 10.38 (m)[0m
[controller_server-32] [INFO] [controller_server]: Passing new path to controller.
[barn_runner.py-31] [0m[INFO] [BARN_Runner]: Time: 260.84 (s), x: -1.83 (m), y: 10.47 (m)[0m
[controller_server-32] [INFO] [controller_server]: Passing new path to controller.
[barn_runner.py-31] [0m[INFO] [BARN_Runner]: Time: 261.85 (s), x: -1.83 (m), y: 10.56 (m)[0m
[controller_server-32] [INFO] [controller_server]: Passing new path to controller.
[barn_runner.py-31] [0m[INFO] [BARN_Runner]: Time: 262.86 (s), x: -1.82 (m), y: 10.65 (m)[0m
[controller_server-32] [INFO] [controller_server]: Passing new path to controller.
[barn_runner.py-31] [0m[INFO] [BARN_Runner]: Time: 263.87 (s), x: -1.81 (m), y: 10.74 (m)[0m
[controller_server-32] [INFO] [controller_server]: Passing new path to controller.
[barn_runner.py-31] [0m[INFO] [BARN_Runner]: Time: 264.88 (s), x: -1.81 (m), y: 10.82 (m)[0m
[controller_server-32] [INFO] [controller_server]: Passing new path to controller.
[barn_runner.py-31] [0m[INFO] [BARN_Runner]: Time: 265.88 (s), x: -1.80 (m), y: 10.91 (m)[0m
[controller_server-32] [INFO] [controller_server]: Passing new path to controller.
[barn_runner.py-31] [0m[INFO] [BARN_Runner]: Time: 266.90 (s), x: -1.80 (m), y: 10.99 (m)[0m
[controller_server-32] [INFO] [controller_server]: Passing new path to controller.
[barn_runner.py-31] [0m[INFO] [BARN_Runner]: Time: 267.91 (s), x: -1.79 (m), y: 11.07 (m)[0m
[controller_server-32] [INFO] [controller_server]: Passing new path to controller.
[barn_runner.py-31] [0m[INFO] [BARN_Runner]: Time: 268.93 (s), x: -1.79 (m), y: 11.16 (m)[0m
[controller_server-32] [INFO] [controller_server]: Passing new path to controller.
[barn_runner.py-31] [0m[INFO] [BARN_Runner]: Time: 269.95 (s), x: -1.78 (m), y: 11.24 (m)[0m
[controller_server-32] [INFO] [controller_server]: Passing new path to controller.
[barn_runner.py-31] [0m[INFO] [BARN_Runner]: Time: 270.96 (s), x: -1.77 (m), y: 11.33 (m)[0m
[controller_server-32] [INFO] [controller_server]: Passing new path to controller.
[barn_runner.py-31] [0m[INFO] [BARN_Runner]: Time: 271.97 (s), x: -1.76 (m), y: 11.41 (m)[0m
[controller_server-32] [INFO] [controller_server]: Passing new path to controller.
[barn_runner.py-31] [0m[INFO] [BARN_Runner]: Time: 272.98 (s), x: -1.76 (m), y: 11.49 (m)[0m
[controller_server-32] [INFO] [controller_server]: Passing new path to controller.
[barn_runner.py-31] [0m[INFO] [BARN_Runner]: Time: 273.99 (s), x: -1.75 (m), y: 11.58 (m)[0m
[controller_server-32] [INFO] [controller_server]: Passing new path to controller.
[barn_runner.py-31] [0m[INFO] [BARN_Runner]: Time: 274.99 (s), x: -1.74 (m), y: 11.65 (m)[0m
[controller_server-32] [INFO] [controller_server]: Passing new path to controller.
[barn_runner.py-31] [0m[INFO] [BARN_Runner]: Time: 276.00 (s), x: -1.74 (m), y: 11.71 (m)[0m
[controller_server-32] [INFO] [controller_server]: Passing new path to controller.
[barn_runner.py-31] [0m[INFO] [BARN_Runner]: Time: 277.01 (s), x: -1.73 (m), y: 11.77 (m)[0m
[controller_server-32] [INFO] [controller_server]: Passing new path to controller.
[barn_runner.py-31] [0m[INFO] [BARN_Runner]: Time: 278.02 (s), x: -1.73 (m), y: 11.83 (m)[0m
[controller_server-32] [INFO] [controller_server]: Passing new path to controller.
[barn_runner.py-31] [0m[INFO] [BARN_Runner]: Time: 279.04 (s), x: -1.72 (m), y: 11.89 (m)[0m
[controller_server-32] [INFO] [controller_server]: Passing new path to controller.
[barn_runner.py-31] [0m[INFO] [BARN_Runner]: Time: 280.06 (s), x: -1.72 (m), y: 11.95 (m)[0m
[controller_server-32] [INFO] [controller_server]: Passing new path to controller.
[barn_runner.py-31] [0m[INFO] [BARN_Runner]: Time: 281.08 (s), x: -1.71 (m), y: 12.02 (m)[0m
[controller_server-32] [INFO] [controller_server]: Passing new path to controller.
[barn_runner.py-31] [0m[INFO] [BARN_Runner]: Time: 282.09 (s), x: -1.71 (m), y: 12.08 (m)[0m
[controller_server-32] [INFO] [controller_server]: Passing new path to controller.
[barn_runner.py-31] [0m[INFO] [BARN_Runner]: Time: 283.09 (s), x: -1.70 (m), y: 12.14 (m)[0m
[controller_server-32] [INFO] [controller_server]: Passing new path to controller.
[barn_runner.py-31] [0m[INFO] [BARN_Runner]: >>>>>>>>>>>>>>>>>> Test finished! <<<<<<<<<<<<<<<<<<[0m
[barn_runner.py-31] [0m[INFO] [BARN_Runner]: Navigation succeeded with time 283.7023 (s)[0m
[barn_runner.py-31] [0m[INFO] [BARN_Runner]: Navigation metric: 0.1250[0m
[barn_runner.py-31] [0m[INFO] [BARN_Runner]: ----------------------------------------------------[0m
[INFO] [barn_runner.py-31]: process has finished cleanly [pid 130023]
[INFO] [launch.user]: >>>>>>>>> Shutting down in 5 seconds...
[controller_server-32] [INFO] [controller_server]: Passing new path to controller.
[INFO] [launch]: process[barn_runner.py-31] was required: shutting down launched system
[INFO] [ros2-39]: sending signal 'SIGINT' to process[ros2-39]
[INFO] [lifecycle_manager-38]: sending signal 'SIGINT' to process[lifecycle_manager-38]
[INFO] [pkill-40]: process started with pid [130400]
[INFO] [velocity_smoother-37]: sending signal 'SIGINT' to process[velocity_smoother-37]
[ERROR] [gazebo-1]: process has died [pid 129030, exit code -9, cmd 'ruby /opt/ros/jazzy/opt/gz_tools_vendor/bin/gz sim /home/student24/dissertation/barn_ros2/install/jackal_helper/share/jackal_helper/worlds/BARN/world_240.world -s -r -v 0 --gui-config /home/student24/dissertation/barn_ros2/install/jackal_helper/share/jackal_helper/config/gui.config --force-version 8'].
[ERROR] [pkill-40]: process has died [pid 130400, exit code -9, cmd 'pkill -9 -f 'gz sim''].
[INFO] [bt_navigator-36]: sending signal 'SIGINT' to process[bt_navigator-36]
[INFO] [behavior_server-35]: sending signal 'SIGINT' to process[behavior_server-35]
[INFO] [planner_server-34]: sending signal 'SIGINT' to process[planner_server-34]
[INFO] [smoother_server-33]: sending signal 'SIGINT' to process[smoother_server-33]
[INFO] [controller_server-32]: sending signal 'SIGINT' to process[controller_server-32]
[INFO] [static_transform_publisher-29]: sending signal 'SIGINT' to process[static_transform_publisher-29]
[INFO] [parameter_bridge-28]: sending signal 'SIGINT' to process[parameter_bridge-28]
[INFO] [static_transform_publisher-27]: sending signal 'SIGINT' to process[static_transform_publisher-27]
[INFO] [parameter_bridge-26]: sending signal 'SIGINT' to process[parameter_bridge-26]
[INFO] [static_transform_publisher-25]: sending signal 'SIGINT' to process[static_transform_publisher-25]
[INFO] [parameter_bridge-24]: sending signal 'SIGINT' to process[parameter_bridge-24]
[INFO] [parameter_bridge-23]: sending signal 'SIGINT' to process[parameter_bridge-23]
[INFO] [imu_filter_madgwick_node-22]: sending signal 'SIGINT' to process[imu_filter_madgwick_node-22]
[INFO] [parameter_bridge-21]: sending signal 'SIGINT' to process[parameter_bridge-21]
[INFO] [parameter_bridge-20]: sending signal 'SIGINT' to process[parameter_bridge-20]
[INFO] [parameter_bridge-19]: sending signal 'SIGINT' to process[parameter_bridge-19]
[INFO] [teleop_node-18]: sending signal 'SIGINT' to process[teleop_node-18]
[INFO] [static_transform_publisher-29]: process has finished cleanly [pid 129203]
[INFO] [velocity_smoother-37]: process has finished cleanly [pid 130046]
[INFO] [parameter_bridge-28]: process has finished cleanly [pid 129199]
[INFO] [joy_linux_node-17]: sending signal 'SIGINT' to process[joy_linux_node-17]
[INFO] [parameter_bridge-26]: process has finished cleanly [pid 129190]
[INFO] [smoother_server-33]: process has finished cleanly [pid 130042]
[INFO] [twist_mux-16]: sending signal 'SIGINT' to process[twist_mux-16]
[INFO] [lifecycle_manager-38]: process has finished cleanly [pid 130047]
[INFO] [parameter_bridge-21]: process has finished cleanly [pid 129173]
[INFO] [static_transform_publisher-27]: process has finished cleanly [pid 129191]
[INFO] [imu_filter_madgwick_node-22]: process has finished cleanly [pid 129174]
[INFO] [marker_server-15]: sending signal 'SIGINT' to process[marker_server-15]
[INFO] [parameter_bridge-20]: process has finished cleanly [pid 129172]
[INFO] [ekf_node-14]: sending signal 'SIGINT' to process[ekf_node-14]
[INFO] [parameter_bridge-19]: process has finished cleanly [pid 129169]
[INFO] [robot_state_publisher-11]: sending signal 'SIGINT' to process[robot_state_publisher-11]
[INFO] [masking_nav2_recovery_supervisor.py-7]: sending signal 'SIGINT' to process[masking_nav2_recovery_supervisor.py-7]
[INFO] [parameter_bridge-23]: process has finished cleanly [pid 129175]
[INFO] [dropout_scan_recovery_filter.py-6]: sending signal 'SIGINT' to process[dropout_scan_recovery_filter.py-6]
[INFO] [static_transform_publisher-25]: process has finished cleanly [pid 129186]
[INFO] [scan_fault_policy_selector.py-5]: sending signal 'SIGINT' to process[scan_fault_policy_selector.py-5]
[INFO] [laser_scan_fault_injector.py-4]: sending signal 'SIGINT' to process[laser_scan_fault_injector.py-4]
[INFO] [behavior_server-35]: process has finished cleanly [pid 130044]
[INFO] [parameter_bridge-2]: sending signal 'SIGINT' to process[parameter_bridge-2]
[INFO] [teleop_node-18]: process has finished cleanly [pid 129168]
[INFO] [joy_linux_node-17]: process has finished cleanly [pid 129165]
[lifecycle_manager-38] [INFO] [rclcpp]: signal_handler(SIGINT/SIGTERM)
[lifecycle_manager-38] [INFO] [lifecycle_manager_navigation]: Running Nav2 LifecycleManager rcl preshutdown (lifecycle_manager_navigation)
[lifecycle_manager-38] [INFO] [lifecycle_manager_navigation]: [34m[1mTerminating bond timer...[0m[0m
[velocity_smoother-37] [INFO] [rclcpp]: signal_handler(SIGINT/SIGTERM)
[velocity_smoother-37] [INFO] [velocity_smoother]: Running Nav2 LifecycleNode rcl preshutdown (velocity_smoother)
[velocity_smoother-37] [INFO] [velocity_smoother]: Deactivating
[velocity_smoother-37] [INFO] [velocity_smoother]: Destroying bond (velocity_smoother) to lifecycle manager.
[velocity_smoother-37] [INFO] [velocity_smoother]: Cleaning up
[velocity_smoother-37] [INFO] [velocity_smoother]: Destroying bond (velocity_smoother) to lifecycle manager.
[bt_navigator-36] [ERROR] [bt_navigator_navigate_to_pose_rclcpp_node]: Failed to get result for follow_path in node halt!
[bt_navigator-36] [INFO] [bt_navigator]: [navigate_to_pose] [ActionServer] Client requested to cancel the goal. Cancelling.
[bt_navigator-36] [INFO] [bt_navigator]: Goal canceled
[bt_navigator-36] [INFO] [rclcpp]: signal_handler(SIGINT/SIGTERM)
[bt_navigator-36] [INFO] [bt_navigator]: Running Nav2 LifecycleNode rcl preshutdown (bt_navigator)
[bt_navigator-36] [INFO] [bt_navigator]: Deactivating
[bt_navigator-36] [INFO] [bt_navigator]: Destroying bond (bt_navigator) to lifecycle manager.
[controller_server-32] [INFO] [controller_server]: Cancellation was successful. Stopping the robot.
[controller_server-32] [INFO] [controller_server]: [follow_path] [ActionServer] Client requested to cancel the goal. Cancelling.
[controller_server-32] [INFO] [controller_server]: Optimizer reset
[behavior_server-35] [INFO] [rclcpp]: signal_handler(SIGINT/SIGTERM)
[behavior_server-35] [INFO] [behavior_server]: Running Nav2 LifecycleNode rcl preshutdown (behavior_server)
[behavior_server-35] [INFO] [behavior_server]: Deactivating
[behavior_server-35] [INFO] [behavior_server]: Destroying bond (behavior_server) to lifecycle manager.
[bt_navigator-36] [INFO] [bt_navigator]: Cleaning up
[behavior_server-35] [INFO] [behavior_server]: Cleaning up
[planner_server-34] [INFO] [rclcpp]: signal_handler(SIGINT/SIGTERM)
[planner_server-34] [INFO] [planner_server]: Running Nav2 LifecycleNode rcl preshutdown (planner_server)
[planner_server-34] [INFO] [planner_server]: Deactivating
[planner_server-34] [INFO] [global_costmap.global_costmap]: Deactivating
[velocity_smoother-37] [INFO] [velocity_smoother]: Destroying
[smoother_server-33] [INFO] [rclcpp]: signal_handler(SIGINT/SIGTERM)
[smoother_server-33] [INFO] [smoother_server]: Running Nav2 LifecycleNode rcl preshutdown (smoother_server)
[smoother_server-33] [INFO] [smoother_server]: Deactivating
[smoother_server-33] [INFO] [smoother_server]: Destroying bond (smoother_server) to lifecycle manager.
[behavior_server-35] [INFO] [behavior_server]: Destroying bond (behavior_server) to lifecycle manager.
[controller_server-32] [INFO] [rclcpp]: signal_handler(SIGINT/SIGTERM)
[controller_server-32] [INFO] [controller_server]: Running Nav2 LifecycleNode rcl preshutdown (controller_server)
[controller_server-32] [INFO] [controller_server]: Deactivating
[controller_server-32] [INFO] [MPPIController]: Deactivated MPPI Controller: FollowPath
[controller_server-32] [INFO] [local_costmap.local_costmap]: Deactivating
[smoother_server-33] [INFO] [smoother_server]: Cleaning up
[INFO] [marker_server-15]: process has finished cleanly [pid 129159]
[INFO] [bt_navigator-36]: process has finished cleanly [pid 130045]
[static_transform_publisher-29] [INFO] [rclcpp]: signal_handler(SIGINT/SIGTERM)
[parameter_bridge-28] [INFO] [rclcpp]: signal_handler(SIGINT/SIGTERM)
[static_transform_publisher-27] [INFO] [rclcpp]: signal_handler(SIGINT/SIGTERM)
[smoother_server-33] [INFO] [smoother_server]: Destroying bond (smoother_server) to lifecycle manager.
[controller_server-32] [INFO] [controller_server]: Destroying bond (controller_server) to lifecycle manager.
[controller_server-32] [INFO] [controller_server]: Cleaning up
[parameter_bridge-26] [INFO] [rclcpp]: signal_handler(SIGINT/SIGTERM)
[smoother_server-33] [INFO] [smoother_server]: Destroying
[ros2-39] Executor is already spinning
[controller_server-32] [INFO] [MPPIController]: Cleaned up MPPI Controller: FollowPath
[controller_server-32] [INFO] [local_costmap.local_costmap]: Cleaning up
[static_transform_publisher-25] [INFO] [rclcpp]: signal_handler(SIGINT/SIGTERM)
[lifecycle_manager-38] [INFO] [lifecycle_manager_navigation]: Destroying lifecycle_manager_navigation
[parameter_bridge-24] [INFO] [rclcpp]: signal_handler(SIGINT/SIGTERM)
[parameter_bridge-24] terminate called after throwing an instance of 'std::system_error'
[parameter_bridge-24]   what():  Invalid argument
[parameter_bridge-23] [INFO] [rclcpp]: signal_handler(SIGINT/SIGTERM)
[imu_filter_madgwick_node-22] [INFO] [rclcpp]: signal_handler(SIGINT/SIGTERM)
[parameter_bridge-21] [INFO] [rclcpp]: signal_handler(SIGINT/SIGTERM)
[parameter_bridge-20] [INFO] [rclcpp]: signal_handler(SIGINT/SIGTERM)
[behavior_server-35] [INFO] [behavior_server]: Destroying
[parameter_bridge-19] [INFO] [rclcpp]: signal_handler(SIGINT/SIGTERM)
[planner_server-34] [INFO] [planner_server]: Deactivating plugin GridBased of type NavfnPlanner
[planner_server-34] [INFO] [planner_server]: Destroying bond (planner_server) to lifecycle manager.
[planner_server-34] [INFO] [planner_server]: Cleaning up
[bt_navigator-36] [INFO] [bt_navigator]: Completed Cleaning up
[bt_navigator-36] [INFO] [bt_navigator]: Destroying bond (bt_navigator) to lifecycle manager.
[teleop_node-18] [INFO] [rclcpp]: signal_handler(SIGINT/SIGTERM)
[planner_server-34] [INFO] [global_costmap.global_costmap]: Cleaning up
[planner_server-34] [INFO] [planner_server]: Cleaning up plugin GridBased of type NavfnPlanner
[planner_server-34] [INFO] [planner_server]: Destroying plugin GridBased of type NavfnPlanner
[bt_navigator-36] [INFO] [bt_navigator]: Destroying
[joy_linux_node-17] [INFO] [rclcpp]: signal_handler(SIGINT/SIGTERM)
[joy_linux_node-17] [INFO] [joy_node]: joy_node shut down.
[planner_server-34] [INFO] [planner_server]: Destroying bond (planner_server) to lifecycle manager.
[controller_server-32] [INFO] [controller_server]: Destroying bond (controller_server) to lifecycle manager.
[twist_mux-16] [INFO] [rclcpp]: signal_handler(SIGINT/SIGTERM)
[marker_server-15] [INFO] [rclcpp]: signal_handler(SIGINT/SIGTERM)
[planner_server-34] [INFO] [global_costmap.global_costmap]: Destroying
[ekf_node-14] [INFO] [rclcpp]: signal_handler(SIGINT/SIGTERM)
[controller_server-32] [INFO] [local_costmap.local_costmap]: Destroying
[robot_state_publisher-11] [INFO] [rclcpp]: signal_handler(SIGINT/SIGTERM)
[controller_server-32] [INFO] [controller_server]: Destroying
[planner_server-34] [INFO] [planner_server]: Destroying
[INFO] [twist_mux-16]: process has finished cleanly [pid 129162]
[INFO] [robot_state_publisher-11]: process has finished cleanly [pid 129155]
[INFO] [planner_server-34]: process has finished cleanly [pid 130043]
[INFO] [controller_server-32]: process has finished cleanly [pid 130041]
[ERROR] [ros2-39]: process has died [pid 130177, exit code 1, cmd 'ros2 action send_goal /navigate_to_pose nav2_msgs/action/NavigateToPose {pose: {header: {frame_id: odom}, pose: {orientation: {w: 1.0}, position: {x: 10, y: 0.0, z: 0.0}}}}'].
[INFO] [ekf_node-14]: process has finished cleanly [pid 129158]
[INFO] [parameter_bridge-2]: process has finished cleanly [pid 129031]
[INFO] [laser_scan_fault_injector.py-4]: process has finished cleanly [pid 129034]
[INFO] [masking_nav2_recovery_supervisor.py-7]: process has finished cleanly [pid 129037]
[INFO] [dropout_scan_recovery_filter.py-6]: process has finished cleanly [pid 129036]
[INFO] [scan_fault_policy_selector.py-5]: process has finished cleanly [pid 129035]
[ERROR] [parameter_bridge-24]: process has died [pid 129185, exit code -6, cmd '/opt/ros/jazzy/lib/ros_gz_bridge/parameter_bridge --ros-args -r __node:=lidar2d_0_gz_bridge -r __ns:=/sensors --params-file /tmp/launch_params_kx5d0_td -r /sensors/lidar2d_0/scan:=/front/scan'].
