t_s,cmd_angular_z,cmd_linear_x,fault_active,global_costmap_lethal_ratio,global_costmap_occupied_ratio,global_costmap_unknown_ratio,global_plan_update_count,local_costmap_lethal_ratio,local_costmap_occupied_ratio,local_costmap_unknown_ratio,odom_speed,odom_x,odom_y,scan_range_max_ratio,scan_span_ratio
0.0,nan,nan,nan,nan,nan,nan,nan,nan,nan,nan,nan,nan,nan,1.0,1.0
0.25,nan,nan,0.0,nan,nan,nan,nan,nan,nan,nan,nan,nan,nan,1.0,1.0
0.5,nan,nan,0.0,nan,nan,nan,nan,nan,nan,nan,nan,nan,nan,1.0,1.0
0.75,nan,nan,0.0,nan,nan,nan,nan,nan,nan,nan,nan,nan,nan,1.0,1.0
1.0,nan,nan,0.0,nan,nan,nan,nan,nan,nan,nan,nan,nan,nan,1.0,1.0
1.25,nan,nan,0.0,nan,nan,nan,nan,nan,nan,nan,nan,nan,nan,1.0,1.0
1.5,nan,nan,0.0,nan,nan,nan,nan,nan,nan,nan,0.0,0.0,0.0,1.0,1.0
1.75,nan,nan,0.0,nan,nan,nan,nan,nan,nan,nan,0.0007822632505474162,-7.822677826898433e-06,1.7369783758405917e-20,1.0,1.0
2.0,nan,nan,0.0,nan,nan,nan,nan,nan,nan,nan,0.0015605138506880251,-7.809247284003717e-05,1.7340007247695921e-19,1.0,1.0
2.25,nan,nan,0.0,nan,nan,nan,nan,nan,nan,nan,0.002341334324756168,-0.00016397921574181604,3.641069514361914e-19,1.0,1.0
2.5,nan,nan,0.0,nan,nan,nan,nan,nan,nan,nan,0.003906469070258087,-0.00035140618317986105,7.802784208069656e-19,1.0,1.0
2.75,nan,nan,0.0,nan,nan,nan,nan,nan,nan,nan,0.004689463083483022,-0.0005154670814264267,1.1445667941550106e-18,1.0,1.0
3.0,nan,nan,0.0,nan,nan,nan,nan,nan,nan,nan,0.00547282729327525,-0.0008203331247336763,1.821505395567168e-18,1.0,1.0
3.25,nan,nan,0.0,nan,nan,nan,nan,nan,nan,nan,0.006257346830092778,-0.0010627870442612558,2.359861243307435e-18,1.0,1.0
3.5,nan,nan,0.0,nan,nan,nan,nan,nan,nan,nan,0.00011510018188519296,-1.4957640308472045e-05,-4.0452515057290074e-20,1.0,1.0
3.75,nan,nan,0.0,nan,nan,nan,nan,nan,nan,nan,0.0001869519810069616,1.6522780634715953e-06,-2.336368648420913e-21,1.0,1.0
4.0,nan,nan,0.0,nan,nan,nan,nan,nan,nan,nan,0.00024045759975663413,3.5694833122498937e-06,-1.1036830199962134e-21,1.0,1.0
4.25,nan,nan,0.0,nan,nan,nan,nan,nan,nan,nan,0.0002554520740518067,4.140926492836963e-06,-1.0211906764010494e-21,1.0,1.0
4.5,nan,nan,0.0,nan,nan,nan,nan,nan,nan,nan,0.0005222072406465207,4.1578366488184585e-06,-9.130626583765862e-22,1.0,1.0
4.75,nan,nan,0.0,nan,nan,nan,nan,nan,nan,nan,0.000653388834586787,5.499238252626741e-06,-1.2810357366677875e-21,1.0,1.0
5.0,nan,nan,0.0,nan,nan,nan,nan,nan,nan,nan,0.00023601382889766503,4.5942967380125675e-06,-1.0554032912851305e-21,1.0,1.0
5.25,nan,nan,0.0,nan,nan,nan,nan,nan,nan,nan,0.0005190757636132987,4.115706018561354e-06,-9.003027325518694e-22,1.0,1.0
5.5,nan,nan,0.0,nan,nan,nan,nan,nan,nan,nan,0.00025909858009755385,4.310503368627941e-06,-1.0371377422759405e-21,1.0,1.0
5.75,nan,nan,0.0,nan,nan,nan,nan,nan,nan,nan,0.00021973620445393796,2.0264738900493955e-06,-4.81149477186823e-22,0.2,0.07777777777777778
6.0,nan,nan,0.0,nan,nan,nan,nan,nan,nan,nan,6.831418220267517e-05,-2.1005587615150423e-06,6.022832414569137e-22,0.2,0.07777777777777778
6.25,nan,nan,0.0,nan,nan,nan,nan,nan,nan,nan,6.412445177098596e-05,-1.358818426634701e-06,3.3072320874617087e-22,0.2,0.07777777777777778
6.5,nan,nan,0.0,nan,nan,nan,nan,nan,nan,nan,3.23738081495943e-05,7.678887689439247e-07,-2.2030760781140343e-22,0.2,0.07777777777777778
6.75,nan,nan,0.0,nan,nan,nan,nan,nan,nan,nan,4.325482747435815e-05,1.1231012274658186e-06,-2.89234405116477e-22,0.2,0.07777777777777778
7.0,nan,nan,0.0,nan,nan,nan,nan,nan,nan,nan,0.0001770506674852877,1.1619628552339398e-06,-2.4760257497857365e-22,0.2,0.07777777777777778
7.25,nan,nan,0.0,nan,nan,nan,nan,nan,nan,nan,4.7701561775202044e-05,1.2682834682404618e-06,-3.1513959133244265e-22,0.2,0.07777777777777778
7.5,nan,nan,0.0,nan,nan,nan,nan,nan,nan,nan,4.801951179675321e-05,1.2732344205804192e-06,-3.1613673134491716e-22,0.2,0.07777777777777778
7.75,nan,nan,0.0,nan,nan,nan,nan,nan,nan,nan,0.00017858444840977575,1.1930718589243747e-06,-2.534809759079733e-22,0.2,0.07777777777777778
8.0,nan,nan,0.0,nan,nan,nan,nan,nan,nan,nan,4.8514354301614594e-05,1.2793161607274649e-06,-3.174627471861614e-22,0.2,0.07777777777777778
8.25,nan,nan,0.0,nan,nan,nan,nan,nan,nan,nan,4.8514354301614594e-05,1.2793161607274649e-06,-3.174627471861614e-22,0.2,0.07777777777777778
8.5,nan,nan,0.0,nan,nan,nan,nan,nan,nan,nan,4.8514354301614594e-05,1.2793161607274649e-06,-3.174627471861614e-22,0.2,0.07777777777777778
8.75,nan,nan,0.0,nan,nan,nan,nan,nan,nan,nan,0.00017900142128537866,1.1979582819210575e-06,-2.5457052433461325e-22,0.2,0.07777777777777778
9.0,nan,nan,0.0,nan,nan,nan,nan,nan,nan,nan,0.0001791837833487814,1.200069023851391e-06,-2.550414967959439e-22,0.2,0.07777777777777778
9.25,nan,nan,0.0,nan,nan,nan,nan,nan,nan,nan,4.909485386650469e-05,1.2859715619582299e-06,-3.189451220121389e-22,0.2,0.07777777777777778
9.5,nan,nan,0.0,nan,nan,nan,nan,nan,nan,nan,0.00017935145723391751,1.2020052219638033e-06,-2.5547274262166473e-22,0.2,0.07777777777777778
9.75,nan,nan,0.0,nan,nan,nan,nan,nan,nan,nan,4.9257731195554685e-05,1.287826737042053e-06,-3.193571860037918e-22,0.2,0.07777777777777778
10.0,nan,nan,0.0,nan,nan,nan,nan,nan,nan,nan,4.9257731195554685e-05,1.287826737042053e-06,-3.193571860037918e-22,0.2,0.07777777777777778
10.25,nan,nan,0.0,nan,nan,nan,nan,nan,nan,nan,0.0001795060149687169,1.2037868556621473e-06,-2.5586869433599833e-22,0.2,0.07777777777777778
10.5,nan,nan,0.0,nan,nan,nan,nan,nan,nan,nan,0.0001795060149687169,1.2037868556621473e-06,-2.5586869433599833e-22,0.2,0.07777777777777778
10.75,nan,nan,0.0,nan,nan,nan,nan,nan,nan,nan,0.00017964879813845417,1.2054301972001703e-06,-2.5623304346350355e-22,0.2,0.07777777777777778
11.0,nan,nan,0.0,nan,nan,nan,nan,0.0,0.0,0.0,0.0001797810060912832,1.2069494881669936e-06,-2.565690533774104e-22,0.2,0.07777777777777778
11.25,nan,nan,0.0,nan,nan,nan,nan,0.0,0.0,0.0,0.0001799037960070759,1.2083574878462742e-06,-2.5687964015127026e-22,0.2,0.07777777777777778
11.5,nan,nan,0.0,nan,nan,nan,nan,0.0,0.0,0.0,4.9906429383602905e-05,1.2951906127679056e-06,-3.2098165044557276e-22,0.2,0.07777777777777778
11.75,nan,nan,0.0,nan,nan,nan,nan,0.0,0.0,0.0,5.001044784172426e-05,1.2963676468817477e-06,-3.212393375386411e-22,0.2,0.07777777777777778
12.0,nan,nan,0.0,nan,nan,nan,nan,0.0,0.0,0.0,0.00018031747963725807,1.2130813612898514e-06,-2.5791478561350683e-22,0.2,0.07777777777777778
12.25,nan,nan,0.0,nan,nan,nan,nan,0.0,0.0,0.0,0.00018040457928097492,1.2140736034042852e-06,-2.5813058798987106e-22,0.2,0.07777777777777778
12.5,nan,nan,0.0,nan,nan,nan,nan,0.0,0.0,0.0,0.00018048624749229003,1.2150031043275672e-06,-2.5833214093287995e-22,0.2,0.07777777777777778
12.75,nan,nan,0.0,nan,nan,nan,nan,0.0,0.0,0.0,0.00018056295308061546,1.2158751984229395e-06,-2.585206656556031e-22,0.2,0.07777777777777778
13.0,nan,nan,0.0,nan,nan,nan,nan,0.0,0.0,0.0,5.050835621423358e-05,1.301988795478164e-06,-3.22457421945789e-22,0.2,0.07777777777777778
13.25,nan,nan,0.0,nan,nan,nan,nan,0.0,0.0,0.0,5.057476280686253e-05,1.3027362295600826e-06,-3.2261754036299736e-22,0.2,0.07777777777777778
13.5,nan,nan,0.0,0.15902527075812276,0.20703971119133574,0.9875100325550776,nan,0.0,0.0,0.0,5.063748671752367e-05,1.3034411752530397e-06,-3.2276807897246065e-22,0.2,0.07777777777777778
13.75,nan,nan,0.0,0.15902527075812276,0.20703971119133574,0.9875100325550776,nan,0.11191754971694005,0.17549716940049354,0.0,0.00018082739911291483,1.2188760591331703e-06,-2.591644041346771e-22,0.2,0.07777777777777778
14.0,nan,nan,0.0,0.15902527075812276,0.20703971119133574,0.9875100325550776,nan,0.11191754971694005,0.17549716940049354,0.0,0.00018088448663353644,1.219522833129395e-06,-2.5930199942792155e-22,0.2,0.07777777777777778
14.25,nan,nan,0.0,0.15902527075812276,0.20703971119133574,0.9875100325550776,nan,0.11191754971694005,0.17549716940049354,0.0,0.00018093846457632861,1.2201338463977014e-06,-2.5943153570933184e-22,0.2,0.07777777777777778
14.5,nan,nan,0.0,0.15902527075812276,0.20703971119133574,0.9875100325550776,nan,0.11191754971694005,0.17549716940049354,0.0,0.00018098963856053556,1.22071216038204e-06,-2.595537339514288e-22,0.2,0.07777777777777778
14.75,nan,nan,0.0,0.15902527075812276,0.20703971119133574,0.9875100325550776,nan,0.11191754971694005,0.17549716940049354,0.0,0.00018103823555955286,1.2212606277580162e-06,-2.5966925460059237e-22,0.2,0.07777777777777778
15.0,nan,nan,0.0,0.15902527075812276,0.20703971119133574,0.9875100325550776,nan,0.11191754971694005,0.17549716940049354,0.0,6.818821294700595e-05,1.3505128024705263e-06,-3.4095868725731773e-22,0.2,0.07777777777777778
15.25,nan,nan,0.0,0.15902527075812276,0.20703971119133574,0.9875100325550776,nan,0.11191754971694005,0.17549716940049354,0.0,5.429770029301179e-05,1.350425421996876e-06,-3.307853887337362e-22,0.2,0.07777777777777778
15.5,nan,nan,0.0,0.15902527075812276,0.20703971119133574,0.9875100325550776,nan,0.11191754971694005,0.17549716940049354,0.0,5.179867128238071e-05,1.327432478446022e-06,-3.26442230145513e-22,0.2,0.07777777777777778
15.75,nan,nan,0.0,0.15902527075812276,0.20703971119133574,0.9875100325550776,nan,0.11191754971694005,0.17549716940049354,0.0,0.00018134057600409164,1.2269931215841813e-06,-2.6058748440966357e-22,0.2,0.07777777777777778
16.0,nan,nan,0.0,0.15902527075812276,0.20703971119133574,0.9875100325550776,nan,0.11191754971694005,0.17549716940049354,0.0,0.00017274361297582594,1.3459844937792668e-06,-3.2053208715287616e-22,0.2,0.07777777777777778
16.25,nan,nan,0.0,0.15902527075812276,0.20703971119133574,0.9875100325550776,nan,0.11191754971694005,0.17549716940049354,0.0,4.976677081265198e-05,1.2742405577044151e-06,-3.1413399807284664e-22,0.2,0.07777777777777778
16.5,nan,nan,0.0,0.15902527075812276,0.20703971119133574,0.9875100325550776,nan,0.11191754971694005,0.17549716940049354,0.0,5.084226565115825e-05,1.2976255620949086e-06,-3.210703545413164e-22,0.2,0.07777777777777778
16.75,nan,nan,0.0,0.15902527075812276,0.20703971119133574,0.9875100325550776,nan,0.11191754971694005,0.17549716940049354,0.0,0.00018136486112220836,1.2236217465959988e-06,-2.6014037229003695e-22,0.2,0.07777777777777778
17.0,nan,nan,0.0,0.15902527075812276,0.20703971119133574,0.9875100325550776,nan,0.11191754971694005,0.17549716940049354,0.0,0.00018142819161042693,1.2252980569009994e-06,-2.6050504418761956e-22,0.2,0.07777777777777778
17.25,nan,nan,0.0,0.15902527075812276,0.20703971119133574,0.9875100325550776,nan,0.11191754971694005,0.17549716940049354,0.0,5.1323190301979046e-05,1.311073971842831e-06,-3.2435727218065914e-22,0.2,0.07777777777777778
17.5,nan,nan,0.0,0.15902527075812276,0.20703971119133574,0.9875100325550776,nan,0.11191754971694005,0.17549716940049354,0.0,5.135000128508191e-05,1.3114080193682622e-06,-3.24424235619679e-22,0.2,0.07777777777777778
17.75,nan,nan,0.0,0.15902527075812276,0.20703971119133574,0.9875100325550776,nan,0.11191754971694005,0.17549716940049354,0.0,5.1374928575136555e-05,1.311695186018569e-06,-3.244817615210099e-22,0.2,0.07777777777777778
18.0,nan,nan,0.0,0.15902527075812276,0.20703971119133574,0.9875100325550776,nan,0.11191754971694005,0.17549716940049354,0.0,5.139861770008884e-05,1.3119617701742966e-06,-3.245350385019678e-22,0.2,0.07777777777777778
18.25,nan,nan,0.0,0.15902527075812276,0.20703971119133574,0.9875100325550776,nan,0.11191754971694005,0.17549716940049354,0.0,5.142131198083177e-05,1.312215351891925e-06,-3.2458558555732e-22,0.2,0.07777777777777778
18.5,nan,nan,0.0,0.15902527075812276,0.20703971119133574,0.9875100325550776,nan,0.11191754971694005,0.17549716940049354,0.0,0.00018160874919589018,1.2276763251076044e-06,-2.60983969200442e-22,0.2,0.07777777777777778
18.75,nan,nan,0.0,0.15902527075812276,0.20703971119133574,0.9875100325550776,nan,0.11191754971694005,0.17549716940049354,0.0,5.146388330605209e-05,1.3126902603549136e-06,-3.24679798839732e-22,0.2,0.07777777777777778
19.0,nan,nan,0.0,0.15902527075812276,0.20703971119133574,0.9875100325550776,nan,0.11191754971694005,0.17549716940049354,0.0,0.0001816485035990502,1.22812220965033e-06,-2.6107206810161235e-22,0.2,0.07777777777777778
19.25,nan,nan,0.0,0.15902527075812276,0.20703971119133574,0.9875100325550776,nan,0.11191754971694005,0.17549716940049354,0.0,0.00018166721702062407,1.2283317431079467e-06,-2.611132696223049e-22,0.2,0.07777777777777778
19.5,nan,nan,0.0,0.15902527075812276,0.20703971119133574,0.9875100325550776,nan,0.11191754971694005,0.17549716940049354,0.0,0.00018168525991155444,1.228533269120363e-06,-2.6115278104638454e-22,0.2,0.07777777777777778
19.75,nan,nan,0.0,0.15902527075812276,0.20703971119133574,0.9875100325550776,nan,0.11191754971694005,0.17549716940049354,0.0,0.00018170253552173026,1.228726898260062e-06,-2.611906307351114e-22,0.2,0.07777777777777778
20.0,nan,nan,0.0,0.15902527075812276,0.20703971119133574,0.9875100325550776,nan,0.11191754971694005,0.17549716940049354,0.0,0.00018171917324664508,1.228913038655533e-06,-2.612269070967114e-22,0.2,0.07777777777777778
20.25,nan,nan,0.0,0.15902527075812276,0.20703971119133574,0.9875100325550776,nan,0.11191754971694005,0.17549716940049354,0.0,5.158848768400597e-05,1.3140773532589322e-06,-3.249512329058305e-22,0.2,0.07777777777777778
20.5,nan,nan,0.0,0.15902527075812276,0.20703971119133574,0.9875100325550776,nan,0.11191754971694005,0.17549716940049354,0.0,5.160370085637763e-05,1.3142463594415805e-06,-3.2498389958991e-22,0.2,0.07777777777777778
20.75,nan,nan,0.0,0.15902527075812276,0.20703971119133574,0.9875100325550776,nan,0.11191754971694005,0.17549716940049354,0.0,5.161828451963204e-05,1.3144087995454588e-06,-3.2501519713071457e-22,0.2,0.07777777777777778
21.0,nan,nan,0.0,0.15902527075812276,0.20703971119133574,0.9875100325550776,nan,0.11191754971694005,0.17549716940049354,0.0,5.1632422060103693e-05,1.3145661495325898e-06,-3.250454997662983e-22,0.2,0.07777777777777778
21.25,nan,nan,0.0,0.15902527075812276,0.20703971119133574,0.9875100325550776,nan,0.11191754971694005,0.17549716940049354,0.0,5.1645994985774996e-05,1.3147173458646872e-06,-3.250744886184015e-22,0.2,0.07777777777777778
21.5,0.017223067581653595,0.08688104897737503,0.0,0.15902527075812276,0.20703971119133574,0.9875100325550776,1.0,0.11191754971694005,0.17549716940049354,0.0,0.0001818068582575742,1.2298926825953092e-06,-2.6141598833162196e-22,0.2,0.07777777777777778
21.75,-0.046229876577854156,0.3040373623371124,0.0,0.15902527075812276,0.20703971119133574,0.9875100325550776,1.0,0.11191754971694005,0.17549716940049354,0.0,0.0021836421872929376,0.0005051283694772219,8.53051429486967e-08,0.2,0.07777777777777778
22.0,-0.07943151891231537,0.42899253964424133,0.0,0.15902527075812276,0.20703971119133574,0.9875100325550776,1.0,0.11191754971694005,0.17549716940049354,0.0,0.02244276201711663,0.003748117425089323,-4.870437134934523e-07,0.18888888888888888,0.08333333333333333
22.25,-0.06074021756649017,0.48640701174736023,0.0,0.15902527075812276,0.20703971119133574,0.9875100325550776,1.0,0.11191754971694005,0.17549716940049354,0.0,0.05770854025612141,0.010311336396959822,-1.5602184254264194e-05,0.2,0.07777777777777778
22.5,-0.07915721833705902,0.5754468441009521,0.0,0.15902527075812276,0.20703971119133574,0.9875100325550776,2.0,0.11191754971694005,0.17549716940049354,0.0,0.10655262029493666,0.02026085352944957,-6.640253198468023e-05,0.2,0.07777777777777778
22.75,-0.05656934529542923,0.6219342350959778,0.0,0.15902527075812276,0.20703971119133574,0.9875100325550776,2.0,0.11191754971694005,0.17549716940049354,0.0,0.1666324810060027,0.033509514845908375,-0.00016853785652813297,0.20555555555555555,0.07777777777777778
23.0,-0.06055593490600586,0.6599164009094238,0.0,0.15902527075812276,0.20703971119133574,0.9875100325550776,2.0,0.11714327188271156,0.17912614312672376,0.0,0.2420848953806875,0.050239038690910585,-0.00033796768299201494,0.2,0.07777777777777778
23.25,-0.0484137199819088,0.688300609588623,0.0,0.15902527075812276,0.20703971119133574,0.9875100325550776,2.0,0.11714327188271156,0.17912614312672376,0.0,0.31882998801655793,0.07008348560311539,-0.00058088172665458,0.17777777777777778,0.07222222222222222
23.5,-0.018407806754112244,0.7172732949256897,0.0,0.15902527075812276,0.20703971119133574,0.9875100325550776,3.0,0.11714327188271156,0.17912614312672376,0.0,0.397398425424783,0.09321434406571578,-0.0009146699828643046,0.19444444444444445,0.07777777777777778
23.75,-0.017105745151638985,0.7201265692710876,0.0,0.15902527075812276,0.20703971119133574,0.9875100325550776,3.0,0.11714327188271156,0.17912614312672376,0.0,0.47546826713201074,0.11958541100500032,-0.0013309677714328347,0.18888888888888888,0.07777777777777778
24.0,0.004660254810005426,0.7286366820335388,0.0,0.15902527075812276,0.20703971119133574,0.9875100325550776,3.0,0.11714327188271156,0.17912614312672376,0.0,0.5533104499405067,0.14874814558231675,-0.001815097719297153,0.2,0.08333333333333333
24.25,-0.004058856051415205,0.733511745929718,0.0,0.15902527075812276,0.20703971119133574,0.9875100325550776,3.0,0.11714327188271156,0.17912614312672376,0.0,0.6134359030810379,0.1786181411786488,-0.002323892277278235,0.2,0.08333333333333333
24.5,0.007045568898320198,0.7471348643302917,0.0,0.15902527075812276,0.20703971119133574,0.9875100325550776,4.0,0.11714327188271156,0.17912614312672376,0.0,0.6609468279547057,0.2085000049938626,-0.0028345880760384276,0.19444444444444445,0.08333333333333333
24.75,0.028746234253048897,0.7332547903060913,0.0,0.15902527075812276,0.20703971119133574,0.9875100325550776,4.0,0.11714327188271156,0.17912614312672376,0.0,0.6978056890576513,0.23867965697986482,-0.0033430653692340566,0.19444444444444445,0.08888888888888889
25.0,0.038788437843322754,0.7365545630455017,0.0,0.15902527075812276,0.20703971119133574,0.9875100325550776,4.0,0.11714327188271156,0.17912614312672376,0.0,0.7190652954928608,0.26855205067255883,-0.0038297379801261523,0.18888888888888888,0.08888888888888889
25.25,0.015991030260920525,0.7414559125900269,0.0,0.15902527075812276,0.20703971119133574,0.9875100325550776,4.0,0.11714327188271156,0.17912614312672376,0.0,0.7267414078675871,0.29825487316047566,-0.004282103760193421,0.19444444444444445,0.08888888888888889
25.5,0.03408733755350113,0.7163377404212952,0.0,0.15902527075812276,0.20703971119133574,0.9875100325550776,4.0,0.11714327188271156,0.17912614312672376,0.0,0.7302978865780291,0.32786433399953563,-0.0046999306395519224,0.20555555555555555,0.08888888888888889
25.75,0.016923977062106133,0.7089487910270691,0.0,0.15902527075812276,0.20703971119133574,0.9875100325550776,5.0,0.11714327188271156,0.17912614312672376,0.0,0.7311801720253372,0.34254639954837285,-0.004895580809695339,0.2111111111111111,0.09444444444444444
26.0,0.03495260700583458,0.720645546913147,0.0,0.15902527075812276,0.20703971119133574,0.9875100325550776,5.0,0.13528814051386268,0.20060966758600668,0.0,0.7233179342928745,0.3854241876679859,-0.005424793337126297,0.2111111111111111,0.09444444444444444
26.25,0.03747953101992607,0.7171620726585388,0.0,0.15617754223252733,0.20553163299105665,0.9863872881890899,5.0,0.13528814051386268,0.20060966758600668,0.0,0.7222376435027448,0.39974826503196736,-0.005587307760054196,0.21666666666666667,0.09444444444444444
26.5,0.050388313829898834,0.7342923879623413,0.0,0.15617754223252733,0.20553163299105665,0.9863872881890899,5.0,0.13528814051386268,0.20060966758600668,0.0,0.7205020486495846,0.4283981407212405,-0.005885865564376315,0.21666666666666667,0.09444444444444444
26.75,0.027758324518799782,0.7236950993537903,0.0,0.15617754223252733,0.20553163299105665,0.9863872881890899,6.0,0.13528814051386268,0.20060966758600668,0.0,0.7194804550596521,0.45733593691195146,-0.006142648204845062,0.2,0.09444444444444444
27.0,0.0193309523165226,0.7239319086074829,0.0,0.15617754223252733,0.20553163299105665,0.9863872881890899,6.0,0.13528814051386268,0.20060966758600668,0.0,0.7191753159893928,0.4864132339817687,-0.006345833012526948,0.2111111111111111,0.1
27.25,0.012603262439370155,0.7336474657058716,0.0,0.15617754223252733,0.20553163299105665,0.9863872881890899,6.0,0.13528814051386268,0.20060966758600668,0.0,0.7205249586821609,0.515360241268349,-0.006508792530465927,0.2111111111111111,0.1
27.5,0.00585270207375288,0.7330772280693054,0.0,0.15617754223252733,0.20553163299105665,0.9863872881890899,6.0,0.13528814051386268,0.20060966758600668,0.0,0.7247630542709738,0.5445945865909213,-0.006652567733376006,0.20555555555555555,0.1
27.75,-0.21597032248973846,0.7215411067008972,0.0,0.15617754223252733,0.20553163299105665,0.9863872881890899,7.0,0.13528814051386268,0.20060966758600668,0.0,0.7263783456042364,0.5736868939767831,-0.006783837287384956,0.20555555555555555,0.1
28.0,-0.20978623628616333,0.7214046120643616,0.0,0.15617754223252733,0.20553163299105665,0.9863872881890899,7.0,0.13528814051386268,0.20060966758600668,0.0,0.7269457119130173,0.6027879039071614,-0.006951819255091608,0.2111111111111111,0.10555555555555556
28.25,-0.19090493023395538,0.7306962609291077,0.0,0.15617754223252733,0.20553163299105665,0.9863872881890899,7.0,0.13528814051386268,0.20060966758600668,0.0,0.726752776490895,0.617312913825369,-0.007097078210888104,0.21666666666666667,0.10555555555555556
28.5,-0.21841177344322205,0.7181371450424194,0.0,0.15617754223252733,0.20553163299105665,0.9863872881890899,7.0,0.13528814051386268,0.20060966758600668,0.0,0.7263868346683944,0.646244447563276,-0.007570905209140218,0.21666666666666667,0.1111111111111111
28.75,-0.1960623413324356,0.7285453677177429,0.0,0.15617754223252733,0.20553163299105665,0.9863872881890899,8.0,0.13528814051386268,0.20060966758600668,0.0,0.7258977101545923,0.6751043651403829,-0.008297275838027071,0.22777777777777777,0.11666666666666667
29.0,-0.1716604381799698,0.7285391688346863,0.0,0.15617754223252733,0.20553163299105665,0.9863872881890899,8.0,0.13528814051386268,0.20060966758600668,0.0,0.724405177658687,0.7039176269349222,-0.009273594072968105,0.22777777777777777,0.11666666666666667
29.25,-0.17392860352993011,0.7305547595024109,0.0,0.15617754223252733,0.20553163299105665,0.9863872881890899,8.0,0.13528814051386268,0.20060966758600668,0.0,0.7240399623485545,0.7328753836007824,-0.01048200721494252,0.21666666666666667,0.1111111111111111
29.5,-0.12164213508367538,0.7186433672904968,0.0,0.15617754223252733,0.20553163299105665,0.9863872881890899,8.0,0.16635215561039338,0.24778632602699957,0.0,0.7248640458854717,0.7620908617573392,-0.01190448093986415,0.22777777777777777,0.11666666666666667
29.75,-0.11214343458414078,0.7170640230178833,0.0,0.15617754223252733,0.20553163299105665,0.9863872881890899,9.0,0.16635215561039338,0.24778632602699957,0.0,0.7244266433074132,0.8055412041345867,-0.01435306429392819,0.2222222222222222,0.12222222222222222
30.0,-0.15047822892665863,0.7455378174781799,0.0,0.15617754223252733,0.20553163299105665,0.9863872881890899,9.0,0.16635215561039338,0.24778632602699957,0.0,0.7246969164748507,0.8198950304740455,-0.015229023102680154,0.2222222222222222,0.11666666666666667
30.25,-0.1378253698348999,0.7351651787757874,0.0,0.15617754223252733,0.20553163299105665,0.9863872881890899,9.0,0.16635215561039338,0.24778632602699957,0.0,0.7283080406501848,0.8492196246099567,-0.017117228468105507,0.22777777777777777,0.12222222222222222
30.5,-0.13175179064273834,0.7345799803733826,0.0,0.15617754223252733,0.20553163299105665,0.9863872881890899,9.0,0.16635215561039338,0.24778632602699957,0.0,0.7316532333183174,0.8788008141532968,-0.019191328384915395,0.2388888888888889,0.12777777777777777
30.75,-0.13145111501216888,0.7245123386383057,0.0,0.15617754223252733,0.20553163299105665,0.9863872881890899,10.0,0.16635215561039338,0.24778632602699957,0.0,0.732287525148895,0.9082608993695366,-0.021428424957318157,0.24444444444444444,0.12777777777777777
31.0,-0.08175408095121384,0.7348118424415588,0.0,0.15617754223252733,0.20553163299105665,0.9863872881890899,10.0,0.16635215561039338,0.24778632602699957,0.0,0.7319748804825856,0.9373166933750008,-0.023790687785911736,0.23333333333333334,0.12777777777777777
31.25,-0.0745512917637825,0.7472484111785889,0.0,0.15617754223252733,0.20553163299105665,0.9863872881890899,10.0,0.16635215561039338,0.24778632602699957,0.0,0.7333039610551023,0.9663608889867025,-0.026286963899113166,0.25,0.13333333333333333
31.5,-0.05842527374625206,0.7426307797431946,0.0,0.15617754223252733,0.20553163299105665,0.9863872881890899,10.0,0.16635215561039338,0.24778632602699957,0.0,0.7350787199098249,0.995855459657222,-0.028923847185776282,0.25,0.13333333333333333
31.75,-0.04096483439207077,0.7420533895492554,0.0,0.15617754223252733,0.20553163299105665,0.9863872881890899,11.0,0.16635215561039338,0.24778632602699957,0.0,0.7348366993563415,1.0401012064016015,-0.03302349994785579,0.25,0.1388888888888889
32.0,-0.047181613743305206,0.7489704489707947,0.0,0.15617754223252733,0.20553163299105665,0.9863872881890899,11.0,0.16635215561039338,0.24778632602699957,0.0,0.7354976693430977,1.0548713724349292,-0.03442297068325581,0.25555555555555554,0.1388888888888889
32.25,-0.058747708797454834,0.7571364641189575,0.0,0.15617754223252733,0.20553163299105665,0.9863872881890899,11.0,0.16635215561039338,0.24778632602699957,0.0,0.7391029723334525,1.084629559371992,-0.03727641963470947,0.25555555555555554,0.1388888888888889
32.5,-0.04649423062801361,0.7405660152435303,0.0,0.15617754223252733,0.20553163299105665,0.9863872881890899,11.0,0.16635215561039338,0.24778632602699957,0.0,0.7432936088866778,1.1146005957632086,-0.04020805442878787,0.25555555555555554,0.14444444444444443
32.75,-0.03714252635836601,0.7501305341720581,0.0,0.15617754223252733,0.20553163299105665,0.9863872881890899,12.0,0.17665844099288722,0.2601248366961823,0.0,0.7439870028181668,1.144279541698205,-0.04317690186256541,0.2611111111111111,0.15
33.0,-0.04236545041203499,0.7377641201019287,0.0,0.15617754223252733,0.20553163299105665,0.9863872881890899,12.0,0.17665844099288722,0.2601248366961823,0.0,0.7454817049289646,1.17402222058871,-0.046209507732807034,0.2611111111111111,0.15
33.25,-0.06091989576816559,0.7169443964958191,0.0,0.1876874732181117,0.25853449507213255,0.9842161981801621,12.0,0.17665844099288722,0.2601248366961823,0.0,0.7452578233345873,1.203458108815309,-0.04925906420678649,0.26666666666666666,0.15555555555555556
33.5,-0.07728496193885803,0.7214937806129456,0.0,0.1876874732181117,0.25853449507213255,0.9842161981801621,12.0,0.17665844099288722,0.2601248366961823,0.0,0.7415138156949092,1.2322911833849095,-0.05229286702244057,0.2722222222222222,0.15555555555555556
33.75,-0.044899120926856995,0.7253161668777466,0.0,0.1876874732181117,0.25853449507213255,0.9842161981801621,12.0,0.17665844099288722,0.2601248366961823,0.0,0.7362247681931274,1.2608659810369867,-0.05536980608683612,0.2722222222222222,0.15555555555555556
34.0,-0.09004878252744675,0.7363256216049194,0.0,0.1876874732181117,0.25853449507213255,0.9842161981801621,13.0,0.17665844099288722,0.2601248366961823,0.0,0.7322788282223494,1.2895450987084671,-0.05853326637424471,0.2722222222222222,0.15555555555555556
34.25,-0.07495452463626862,0.7338305711746216,0.0,0.1876874732181117,0.25853449507213255,0.9842161981801621,13.0,0.17665844099288722,0.2601248366961823,0.0,0.7299451962978917,1.3185949473636065,-0.06180522662722758,0.26666666666666666,0.15555555555555556
34.5,-0.08909321576356888,0.7357154488563538,0.0,0.1876874732181117,0.25853449507213255,0.9842161981801621,13.0,0.17665844099288722,0.2601248366961823,0.0,0.7271599186104616,1.347635654789199,-0.06516506503391957,0.26666666666666666,0.15555555555555556
34.75,-0.08722280710935593,0.7305841445922852,0.0,0.1876874732181117,0.25853449507213255,0.9842161981801621,13.0,0.17665844099288722,0.2601248366961823,0.0,0.7296018674266826,1.3768883414342605,-0.06864950670592,0.2777777777777778,0.15555555555555556
35.0,-0.14468328654766083,0.7308962941169739,0.0,0.1876874732181117,0.25853449507213255,0.9842161981801621,14.0,0.17665844099288722,0.2601248366961823,0.0,0.7303061175061968,1.405862143598289,-0.07220436070130168,0.2722222222222222,0.15555555555555556
35.25,-0.15877984464168549,0.7235308289527893,0.0,0.1876874732181117,0.25853449507213255,0.9842161981801621,14.0,0.17665844099288722,0.2601248366961823,0.0,0.7315588018803424,1.4348586775645715,-0.07590360334028272,0.2611111111111111,0.15
35.5,-0.17970693111419678,0.7157676815986633,0.0,0.1876874732181117,0.25853449507213255,0.9842161981801621,14.0,0.17665844099288722,0.2601248366961823,0.0,0.7309263727833013,1.4637394599316838,-0.07977302093922012,0.2777777777777778,0.15555555555555556
35.75,-0.14462557435035706,0.7258323431015015,0.0,0.1876874732181117,0.25853449507213255,0.9842161981801621,14.0,0.17665844099288722,0.2601248366961823,0.0,0.729182383610305,1.4923134643460925,-0.0837975836737245,0.2777777777777778,0.15555555555555556
36.0,-0.12914274632930756,0.7422489523887634,0.0,0.1876874732181117,0.25853449507213255,0.9842161981801621,15.0,0.18986790535636522,0.27986645376687475,0.0,0.7269042552789803,1.5208994146951578,-0.08802012362831356,0.2777777777777778,0.16111111111111112
36.25,-0.14578892290592194,0.7188776731491089,0.0,0.1876874732181117,0.25853449507213255,0.9842161981801621,15.0,0.18986790535636522,0.27986645376687475,0.0,0.7290390296925203,1.5499288380349627,-0.092482641472562,0.26666666666666666,0.15555555555555556
36.5,-0.13690951466560364,0.7228789329528809,0.0,0.1876874732181117,0.25853449507213255,0.9842161981801621,15.0,0.18986790535636522,0.27986645376687475,0.0,0.7265712108838285,1.5784974492935355,-0.09703461533330963,0.2722222222222222,0.16111111111111112
36.75,-0.07605645060539246,0.7351230978965759,0.0,0.1876874732181117,0.25853449507213255,0.9842161981801621,15.0,0.18986790535636522,0.27986645376687475,0.0,0.7251001371066693,1.6070106872359715,-0.10173552139545082,0.2833333333333333,0.16111111111111112
37.0,-0.02799415774643421,0.7098979949951172,0.0,0.1876874732181117,0.25853449507213255,0.9842161981801621,16.0,0.18986790535636522,0.27986645376687475,0.0,0.7267713294881751,1.6357591579198572,-0.10660065758871819,0.2777777777777778,0.16111111111111112
37.25,-0.02298281528055668,0.7023879885673523,0.0,0.1876874732181117,0.25853449507213255,0.9842161981801621,16.0,0.18986790535636522,0.27986645376687475,0.0,0.7240900459564344,1.663915955645644,-0.11142932295549669,0.2833333333333333,0.16111111111111112
37.5,-0.02608136460185051,0.6883740425109863,0.0,0.1876874732181117,0.25853449507213255,0.9842161981801621,16.0,0.18986790535636522,0.27986645376687475,0.0,0.7186578566985238,1.6917026493052671,-0.11621671399475667,0.2777777777777778,0.15555555555555556
37.75,-0.028229661285877228,0.681777834892273,0.0,0.1876874732181117,0.25853449507213255,0.9842161981801621,16.0,0.18986790535636522,0.27986645376687475,0.0,0.7133899452270631,1.718979931841108,-0.12093855888747833,0.2833333333333333,0.16111111111111112
38.0,-0.029954779893159866,0.6709145307540894,0.0,0.1876874732181117,0.25853449507213255,0.9842161981801621,17.0,0.18986790535636522,0.27986645376687475,0.0,0.7063766059231391,1.7458326803572994,-0.12560134766842035,0.2777777777777778,0.15555555555555556
38.25,0.0002231230027973652,0.6772686243057251,0.0,0.1876874732181117,0.25853449507213255,0.9842161981801621,17.0,0.18986790535636522,0.27986645376687475,0.0,0.6961897428917235,1.7723034975928138,-0.13022323332939886,0.28888888888888886,0.16111111111111112
38.5,0.01101243682205677,0.665981650352478,0.0,0.1876874732181117,0.25853449507213255,0.9842161981801621,17.0,0.18986790535636522,0.27986645376687475,0.0,0.6874312155238084,1.7986530852149505,-0.13484650760227615,0.2833333333333333,0.16111111111111112
38.75,0.04351690039038658,0.6592763662338257,0.0,0.1876874732181117,0.25853449507213255,0.9842161981801621,17.0,0.18986790535636522,0.27986645376687475,0.0,0.6799218752404954,1.8249021668063974,-0.1394463626856251,0.2833333333333333,0.16111111111111112
39.0,0.05091511458158493,0.6584368944168091,0.0,0.1876874732181117,0.25853449507213255,0.9842161981801621,18.0,0.1860937726810858,0.26549571781100306,0.0,0.6728014519491714,1.850852132246042,-0.1439617353507247,0.28888888888888886,0.16111111111111112
39.25,0.04476069658994675,0.6395744681358337,0.0,0.1876874732181117,0.25853449507213255,0.9842161981801621,18.0,0.1860937726810858,0.26549571781100306,0.0,0.6705343363156852,1.8638556517069715,-0.14620517484773876,0.29444444444444445,0.16111111111111112
39.5,0.06141052395105362,0.6452735066413879,0.0,0.1876874732181117,0.25853449507213255,0.9842161981801621,18.0,0.1860937726810858,0.26549571781100306,0.0,0.6654150006987454,1.889470218133193,-0.1505871585679155,0.29444444444444445,0.16111111111111112
39.75,0.040716011077165604,0.6326166391372681,0.0,0.1876874732181117,0.25853449507213255,0.9842161981801621,18.0,0.1860937726810858,0.26549571781100306,0.0,0.6592894164985795,1.9148276872667118,-0.1548701765361696,0.29444444444444445,0.16111111111111112
40.0,0.03589555621147156,0.6452500820159912,0.0,0.1876874732181117,0.25853449507213255,0.9842161981801621,19.0,0.1860937726810858,0.26549571781100306,0.0,0.6522422182971866,1.9398232709576382,-0.15903456668742935,0.28888888888888886,0.16111111111111112
40.25,0.034440137445926666,0.6412079930305481,0.0,0.19838872104733132,0.28235146022155083,0.9820901983064145,19.0,0.1860937726810858,0.26549571781100306,0.0,0.6477259268667948,1.9649669468132982,-0.16317935188371963,0.28888888888888886,0.16666666666666666
40.5,0.04495628923177719,0.6437798738479614,0.0,0.19838872104733132,0.28235146022155083,0.9820901983064145,19.0,0.1860937726810858,0.26549571781100306,0.0,0.6453251580353903,1.9903652214145395,-0.16733071842212496,0.29444444444444445,0.16666666666666666
40.75,0.08044622093439102,0.6504061222076416,0.0,0.19838872104733132,0.28235146022155083,0.9820901983064145,19.0,0.1860937726810858,0.26549571781100306,0.0,0.6421115275991042,2.015681514283354,-0.17143720346379013,0.28888888888888886,0.16666666666666666
41.0,0.06318529695272446,0.6482042074203491,0.0,0.19838872104733132,0.28235146022155083,0.9820901983064145,20.0,0.1860937726810858,0.26549571781100306,0.0,0.6431677850866984,2.041349650479392,-0.17554657829823872,0.2777777777777778,0.16111111111111112
41.25,0.08295897394418716,0.6496148705482483,0.0,0.19838872104733132,0.28235146022155083,0.9820901983064145,20.0,0.1860937726810858,0.26549571781100306,0.0,0.6447726156169473,2.067022537638375,-0.17957455301571848,0.2833333333333333,0.16111111111111112
41.5,0.13774695992469788,0.6358507871627808,0.0,0.19838872104733132,0.28235146022155083,0.9820901983064145,20.0,0.1860937726810858,0.26549571781100306,0.0,0.6474084077022113,2.0927839701764004,-0.18353425219696334,0.28888888888888886,0.16666666666666666
41.75,0.1320882886648178,0.6370282769203186,0.0,0.19838872104733132,0.28235146022155083,0.9820901983064145,20.0,0.1860937726810858,0.26549571781100306,0.0,0.6473410633872381,2.118230512744444,-0.18735560255430198,0.28888888888888886,0.16666666666666666
42.0,0.15870358049869537,0.6410216093063354,0.0,0.19838872104733132,0.28235146022155083,0.9820901983064145,21.0,0.1860937726810858,0.26549571781100306,0.0,0.6462103171138917,2.143489489600952,-0.19101791051217756,0.29444444444444445,0.16666666666666666
42.25,0.2101287692785263,0.635066032409668,0.0,0.19838872104733132,0.28235146022155083,0.9820901983064145,21.0,0.1978516475540717,0.2859631296269415,0.0,0.6455630688785274,2.1688900818789087,-0.19454931731551506,0.3,0.16666666666666666
42.5,0.19274872541427612,0.6379345059394836,0.0,0.19838872104733132,0.28235146022155083,0.9820901983064145,21.0,0.1978516475540717,0.2859631296269415,0.0,0.6427094975953561,2.194151043437616,-0.19788475314423654,0.29444444444444445,0.16111111111111112
42.75,0.19096443057060242,0.6254028677940369,0.0,0.19838872104733132,0.28235146022155083,0.9820901983064145,21.0,0.1978516475540717,0.2859631296269415,0.0,0.6404236632029359,2.2194255431666505,-0.20101512426869594,0.29444444444444445,0.16111111111111112
43.0,0.19310547411441803,0.6283853054046631,0.0,0.19838872104733132,0.28235146022155083,0.9820901983064145,22.0,0.1978516475540717,0.2859631296269415,0.0,0.636004477823003,2.24432512264584,-0.20389773165538946,0.29444444444444445,0.16111111111111112
43.25,0.19539716839790344,0.6246331930160522,0.0,0.19838872104733132,0.28235146022155083,0.9820901983064145,22.0,0.1978516475540717,0.2859631296269415,0.0,0.6342788217650276,2.2692479729107173,-0.20659169849867742,0.29444444444444445,0.16666666666666666
43.5,0.22932785749435425,0.5990821123123169,0.0,0.19838872104733132,0.28235146022155083,0.9820901983064145,22.0,0.1978516475540717,0.2859631296269415,0.0,0.631896318560625,2.2941316283792967,-0.20908537674934521,0.3055555555555556,0.16666666666666666
43.75,0.19237197935581207,0.6192730665206909,0.0,0.19838872104733132,0.28235146022155083,0.9820901983064145,22.0,0.1978516475540717,0.2859631296269415,0.0,0.6265019703113376,2.3185100976796877,-0.21131802753088527,0.3,0.16666666666666666
44.0,0.21688725054264069,0.6240614056587219,0.0,0.19838872104733132,0.28235146022155083,0.9820901983064145,22.0,0.1978516475540717,0.2859631296269415,0.0,0.6244294959657365,2.343103818044674,-0.21335758812553318,0.3055555555555556,0.16666666666666666
44.25,0.23603788018226624,0.6286675333976746,0.0,0.19838872104733132,0.28235146022155083,0.9820901983064145,23.0,0.1978516475540717,0.2859631296269415,0.0,0.6227155425914487,2.367861564436476,-0.2152108826088468,0.3,0.16666666666666666
44.5,0.19385796785354614,0.6348617076873779,0.0,0.19838872104733132,0.28235146022155083,0.9820901983064145,23.0,0.1978516475540717,0.2859631296269415,0.0,0.6218692045780738,2.3928841368561775,-0.21686589311234875,0.29444444444444445,0.16666666666666666
44.75,0.2012939304113388,0.6364760398864746,0.0,0.19838872104733132,0.28235146022155083,0.9820901983064145,23.0,0.1978516475540717,0.2859631296269415,0.0,0.6225475655986951,2.418160759933091,-0.21831652210514435,0.3,0.16666666666666666
45.0,0.2485591471195221,0.6447943449020386,0.0,0.19838872104733132,0.28235146022155083,0.9820901983064145,23.0,0.1978516475540717,0.2859631296269415,0.0,0.6279681850664929,2.4438152141202583,-0.21958405057148983,0.3,0.16666666666666666
45.25,0.24313242733478546,0.657451331615448,0.0,0.19838872104733132,0.28235146022155083,0.9820901983064145,24.0,0.1978516475540717,0.2859631296269415,0.0,0.6304772495093693,2.4567736097019437,-0.22014235148988162,0.28888888888888886,0.16666666666666666
45.5,0.2116907835006714,0.655095100402832,0.0,0.19838872104733132,0.28235146022155083,0.9820901983064145,24.0,0.1978516475540717,0.2859631296269415,0.0,0.6403345922540905,2.496117466456733,-0.22145696983977245,0.3,0.16666666666666666
45.75,0.23390915989875793,0.6473962664604187,0.0,0.19838872104733132,0.28235146022155083,0.9820901983064145,24.0,0.21193206561184497,0.3055595877485847,0.0,0.6457946521863271,2.52242441266494,-0.22203237064097808,0.3,0.16666666666666666
46.0,0.2161586731672287,0.654731273651123,0.0,0.19838872104733132,0.28235146022155083,0.9820901983064145,24.0,0.21193206561184497,0.3055595877485847,0.0,0.6478003949815421,2.535470932545272,-0.2222324442125313,0.3055555555555556,0.16666666666666666
46.25,0.20495563745498657,0.6451517343521118,0.0,0.19838872104733132,0.28235146022155083,0.9820901983064145,25.0,0.21193206561184497,0.3055595877485847,0.0,0.6491712171652898,2.5614101558045372,-0.22245167263238447,0.3,0.16666666666666666
46.5,0.21314196288585663,0.6507915258407593,0.0,0.19838872104733132,0.28235146022155083,0.9820901983064145,25.0,0.21193206561184497,0.3055595877485847,0.0,0.6516636053455107,2.5874235975156115,-0.2224368091895939,0.29444444444444445,0.17222222222222222
46.75,0.23320002853870392,0.6711022257804871,0.0,0.19838872104733132,0.28235146022155083,0.9820901983064145,25.0,0.21193206561184497,0.3055595877485847,0.0,0.6502643870498745,2.613235117108395,-0.22221013952236812,0.3,0.16666666666666666
47.0,0.22661785781383514,0.6524993181228638,0.0,0.19838872104733132,0.28235146022155083,0.9820901983064145,25.0,0.21193206561184497,0.3055595877485847,0.0,0.6537602193891511,2.6398145591652704,-0.22175096588632146,0.28888888888888886,0.16666666666666666
47.25,0.264760285615921,0.6469783782958984,0.0,0.22233736327000575,0.3105354058721934,0.9804196087979872,26.0,0.21193206561184497,0.3055595877485847,0.0,0.6536433821526446,2.6661467047929057,-0.22105229108665414,0.3111111111111111,0.17777777777777778
47.5,0.2596657872200012,0.6591784954071045,0.0,0.22233736327000575,0.3105354058721934,0.9804196087979872,26.0,0.21193206561184497,0.3055595877485847,0.0,0.6524770930782854,2.692021730472079,-0.22011465427635446,0.3,0.17222222222222222
47.75,0.2253100872039795,0.6600177884101868,0.0,0.22233736327000575,0.3105354058721934,0.9804196087979872,26.0,0.21193206561184497,0.3055595877485847,0.0,0.6541413184767605,2.7181919696894643,-0.218895131371083,0.3,0.16666666666666666
48.0,0.22098641097545624,0.6678963303565979,0.0,0.22233736327000575,0.3105354058721934,0.9804196087979872,26.0,0.21193206561184497,0.3055595877485847,0.0,0.6571230405926896,2.7445753410832827,-0.21739995327487646,0.29444444444444445,0.16666666666666666
48.25,0.5592577457427979,0.576126217842102,0.0,0.22233736327000575,0.3105354058721934,0.9804196087979872,27.0,0.21193206561184497,0.3055595877485847,0.0,0.6567959524142154,2.7710986277780814,-0.2156557062753831,0.28888888888888886,0.16666666666666666
48.5,0.568744957447052,0.573847234249115,0.0,0.22233736327000575,0.3105354058721934,0.9804196087979872,27.0,0.21193206561184497,0.3055595877485847,0.0,0.6445386574458601,2.7955672280933457,-0.21379439377412215,0.3055555555555556,0.17222222222222222
48.75,0.5830873847007751,0.5814260244369507,0.0,0.22233736327000575,0.3105354058721934,0.9804196087979872,27.0,0.21193206561184497,0.3055595877485847,0.0,0.6231432052496162,2.818279551113177,-0.21168483463830737,0.3055555555555556,0.17777777777777778
49.0,0.5292307138442993,0.5640547871589661,0.0,0.22233736327000575,0.3105354058721934,0.9804196087979872,27.0,0.2289156626506024,0.3331397880679344,0.0,0.6121347842541892,2.8410285725027964,-0.2090536167839903,0.29444444444444445,0.17222222222222222
49.25,0.4897303581237793,0.577328622341156,0.0,0.22233736327000575,0.3105354058721934,0.9804196087979872,28.0,0.2289156626506024,0.3331397880679344,0.0,0.6003056453865684,2.86351827206697,-0.2059234214403364,0.3055555555555556,0.17222222222222222
49.5,0.5024766325950623,0.6053727865219116,0.0,0.22233736327000575,0.3105354058721934,0.9804196087979872,28.0,0.2289156626506024,0.3331397880679344,0.0,0.5833939018582326,2.885812863077708,-0.20233140196986807,0.3055555555555556,0.17777777777777778
49.75,0.5145936608314514,0.6072378754615784,0.0,0.22233736327000575,0.3105354058721934,0.9804196087979872,28.0,0.2289156626506024,0.3331397880679344,0.0,0.5826285262097423,2.9090768677363394,-0.1981137348261015,0.3,0.17222222222222222
50.0,0.4938150942325592,0.6157967448234558,0.0,0.22233736327000575,0.3105354058721934,0.9804196087979872,28.0,0.2289156626506024,0.3331397880679344,0.0,0.5870937281754623,2.932781809857122,-0.19333478803877896,0.31666666666666665,0.17777777777777778
50.25,0.5163938403129578,0.6153100728988647,0.0,0.22233736327000575,0.3105354058721934,0.9804196087979872,29.0,0.2289156626506024,0.3331397880679344,0.0,0.5909690960994316,2.9566215611940443,-0.18802903127230883,0.31666666666666665,0.18333333333333332
50.5,0.5032477378845215,0.6262992024421692,0.0,0.22233736327000575,0.3105354058721934,0.9804196087979872,29.0,0.2289156626506024,0.3331397880679344,0.0,0.5988146831316827,2.9806871860728306,-0.18215817353326805,0.3055555555555556,0.17777777777777778
50.75,0.49621567130088806,0.6126932501792908,0.0,0.22233736327000575,0.3105354058721934,0.9804196087979872,29.0,0.2289156626506024,0.3331397880679344,0.0,0.6082787096881067,3.004880631015994,-0.17572635349548688,0.3111111111111111,0.17777777777777778
51.0,0.48155850172042847,0.6222964525222778,0.0,0.22233736327000575,0.3105354058721934,0.9804196087979872,29.0,0.2289156626506024,0.3331397880679344,0.0,0.612263152148485,3.0287210706528964,-0.1688650539881717,0.3111111111111111,0.17777777777777778
51.25,0.4711163341999054,0.6199566721916199,0.0,0.22233736327000575,0.3105354058721934,0.9804196087979872,30.0,0.2289156626506024,0.3331397880679344,0.0,0.6146895820275534,3.0523084595463645,-0.16156756196645444,0.3055555555555556,0.18333333333333332
51.5,0.4733949303627014,0.6571818590164185,0.0,0.22233736327000575,0.3105354058721934,0.9804196087979872,30.0,0.2289156626506024,0.3331397880679344,0.0,0.6177964751904543,3.075928440481587,-0.15375782948316147,0.3,0.18333333333333332
51.75,0.4969017803668976,0.6764118075370789,0.0,0.22233736327000575,0.3105354058721934,0.9804196087979872,30.0,0.2289156626506024,0.3331397880679344,0.0,0.6255703024809156,3.1004342782004426,-0.14513326507674504,0.3055555555555556,0.18333333333333332
52.0,0.5151849985122681,0.6805845499038696,0.0,0.22233736327000575,0.3105354058721934,0.9804196087979872,30.0,0.24285092175932646,0.35230076934243,0.0,0.6359962614933323,3.1257080540123297,-0.13569627387143818,0.3111111111111111,0.18888888888888888
52.25,0.48364388942718506,0.6718196272850037,0.0,0.22233736327000575,0.3105354058721934,0.9804196087979872,31.0,0.24285092175932646,0.35230076934243,0.0,0.645258637022858,3.1510074937044705,-0.1256707784575506,0.3111111111111111,0.18888888888888888
52.5,0.4521554708480835,0.6701531410217285,0.0,0.22233736327000575,0.3105354058721934,0.9804196087979872,31.0,0.24285092175932646,0.35230076934243,0.0,0.6545819100883556,3.1759578136373836,-0.11519281491221052,0.3111111111111111,0.18333333333333332
52.75,0.4338685870170593,0.6617501378059387,0.0,0.22233736327000575,0.3105354058721934,0.9804196087979872,31.0,0.24285092175932646,0.35230076934243,0.0,0.6641351940890099,3.200554962773616,-0.10430222410901328,0.32222222222222224,0.19444444444444445
53.0,0.4152589738368988,0.6750288009643555,0.0,0.22233736327000575,0.3105354058721934,0.9804196087979872,31.0,0.24285092175932646,0.35230076934243,0.0,0.668587310739797,3.22471665681409,-0.09307667071673041,0.3333333333333333,0.19444444444444445
53.25,0.4101635217666626,0.6629453897476196,0.0,0.22233736327000575,0.3105354058721934,0.9804196087979872,32.0,0.24285092175932646,0.35230076934243,0.0,0.6694880761915182,3.2487907433640246,-0.08139492421052916,0.3333333333333333,0.18888888888888888
53.5,0.4537927806377411,0.6749016642570496,0.0,0.22233736327000575,0.3105354058721934,0.9804196087979872,32.0,0.24285092175932646,0.35230076934243,0.0,0.6692099819156695,3.272724492149228,-0.06929488508596447,0.3388888888888889,0.19444444444444445
53.75,0.43088871240615845,0.7246575951576233,0.0,0.22233736327000575,0.3105354058721934,0.9804196087979872,32.0,0.24285092175932646,0.35230076934243,0.0,0.6690033930624074,3.2966455143966837,-0.0566714084427443,0.34444444444444444,0.2
54.0,0.4309644401073456,0.7076428532600403,0.0,0.22233736327000575,0.3105354058721934,0.9804196087979872,32.0,0.24285092175932646,0.35230076934243,0.0,0.67937966929703,3.3215771476220017,-0.042941628411526475,0.35555555555555557,0.2
54.25,0.3967726230621338,0.6944478750228882,0.0,0.23613829093281147,0.32746249184605347,0.9792630468306144,32.0,0.24285092175932646,0.35230076934243,0.0,0.6879420797562029,3.3463273255347263,-0.02875673046286714,0.36666666666666664,0.2111111111111111
54.5,0.4187830090522766,0.6954611539840698,0.0,0.23613829093281147,0.32746249184605347,0.9792630468306144,33.0,0.24285092175932646,0.35230076934243,0.0,0.6900679938828792,3.3703639502929796,-0.014443947235126446,0.37222222222222223,0.20555555555555555
54.75,0.4394915699958801,0.7113440632820129,0.0,0.23613829093281147,0.32746249184605347,0.9792630468306144,33.0,0.24285092175932646,0.35230076934243,0.0,0.6971986548568786,3.3942550440715578,0.00031180755837006697,0.37222222222222223,0.21666666666666667
55.0,0.3813600242137909,0.7118544578552246,0.0,0.23613829093281147,0.32746249184605347,0.9792630468306144,33.0,0.24285092175932646,0.35230076934243,0.0,0.7037960479845979,3.418138215995799,0.01562882825435105,0.35555555555555557,0.21666666666666667
55.25,0.3836085796356201,0.7221980094909668,0.0,0.23613829093281147,0.32746249184605347,0.9792630468306144,33.0,0.24923791551749166,0.3643489621135143,0.0,0.7053640529111204,3.4418559746863573,0.03139837614270855,0.34444444444444444,0.21666666666666667
55.5,0.37260690331459045,0.7308133840560913,0.0,0.23613829093281147,0.32746249184605347,0.9792630468306144,34.0,0.24923791551749166,0.3643489621135143,0.0,0.7051612711834148,3.453698654488112,0.03946876365883947,0.32222222222222224,0.21666666666666667
55.75,0.38632336258888245,0.7267046570777893,0.0,0.23613829093281147,0.32746249184605347,0.9792630468306144,34.0,0.24923791551749166,0.3643489621135143,0.0,0.7097554989837043,3.477550628046544,0.05611408111790515,0.31666666666666665,0.21666666666666667
56.0,0.35596898198127747,0.7356263995170593,0.0,0.23613829093281147,0.32746249184605347,0.9792630468306144,34.0,0.24923791551749166,0.3643489621135143,0.0,0.7139779989030459,3.5011090942655345,0.07308817836185867,0.3055555555555556,0.22777777777777777
56.25,0.31553441286087036,0.7337924838066101,0.0,0.23613829093281147,0.32746249184605347,0.9792630468306144,34.0,0.24923791551749166,0.3643489621135143,0.0,0.7211196162892192,3.524712322341509,0.09064207632774336,0.29444444444444445,0.22777777777777777
56.5,0.3005649745464325,0.7306325435638428,0.0,0.23613829093281147,0.32746249184605347,0.9792630468306144,35.0,0.24923791551749166,0.3643489621135143,0.0,0.7257723939866855,3.5481954870051458,0.1086232904938474,0.2833333333333333,0.2388888888888889
56.75,0.30168262124061584,0.7357534170150757,0.0,0.23613829093281147,0.32746249184605347,0.9792630468306144,35.0,0.24923791551749166,0.3643489621135143,0.0,0.7267461701177145,3.559661220044932,0.11757924043845869,0.2722222222222222,0.2388888888888889
57.0,0.2954361140727997,0.7266373038291931,0.0,0.23613829093281147,0.32746249184605347,0.9792630468306144,35.0,0.24923791551749166,0.3643489621135143,0.0,0.728696438238464,3.5825630648554125,0.13580466976648342,0.2611111111111111,0.2388888888888889
57.25,0.2457665354013443,0.736224889755249,0.0,0.23613829093281147,0.32746249184605347,0.9792630468306144,35.0,0.24923791551749166,0.3643489621135143,0.0,0.7299963966398689,3.605132168885643,0.15420429475763872,0.25555555555555554,0.25
57.5,0.2167309820652008,0.7418426275253296,0.0,0.23613829093281147,0.32746249184605347,0.9792630468306144,36.0,0.24923791551749166,0.3643489621135143,0.0,0.7320001350389235,3.62767021416269,0.1730090333680983,0.25555555555555554,0.25555555555555554
57.75,0.19730301201343536,0.7272546887397766,0.0,0.23613829093281147,0.32746249184605347,0.9792630468306144,36.0,0.24923791551749166,0.3643489621135143,0.0,0.7323394476398241,3.650208968582147,0.19218405206560674,0.25555555555555554,0.25555555555555554
58.0,0.2038111388683319,0.7325282096862793,0.0,0.23613829093281147,0.32746249184605347,0.9792630468306144,36.0,0.24923791551749166,0.3643489621135143,0.0,0.7314338977659102,3.6723009966430937,0.21129758396011222,0.2611111111111111,0.2611111111111111
58.25,0.15695922076702118,0.726950466632843,0.0,0.23613829093281147,0.32746249184605347,0.9792630468306144,36.0,0.24923791551749166,0.3643489621135143,0.0,0.7323979730612942,3.6943277953073075,0.23065761912336358,0.2611111111111111,0.2611111111111111
58.5,0.14405298233032227,0.7196070551872253,0.0,0.23613829093281147,0.32746249184605347,0.9792630468306144,37.0,0.24923791551749166,0.3643489621135143,0.0,0.7328907615593349,3.7160747903151545,0.25003779072776555,0.2722222222222222,0.2722222222222222
58.75,0.15123741328716278,0.7292386889457703,0.0,0.23613829093281147,0.32746249184605347,0.9792630468306144,37.0,0.2338510669182755,0.33880098708085354,0.0,0.7336341752390453,3.737906156855723,0.26973312538319244,0.2777777777777778,0.2777777777777778
59.0,0.10696093738079071,0.7290964722633362,0.0,0.23613829093281147,0.32746249184605347,0.9792630468306144,37.0,0.2338510669182755,0.33880098708085354,0.0,0.73019053771883,3.7590755129260307,0.28905299471289164,0.28888888888888886,0.28888888888888886
59.25,0.09009823948144913,0.7342258095741272,0.0,0.23613829093281147,0.32746249184605347,0.9792630468306144,37.0,0.2338510669182755,0.33880098708085354,0.0,0.7282366727039713,3.78038868489201,0.3087036931715904,0.28888888888888886,0.28888888888888886
59.5,0.0718453899025917,0.7175842523574829,0.0,0.23613829093281147,0.32746249184605347,0.9792630468306144,38.0,0.2338510669182755,0.33880098708085354,0.0,0.7277071322293258,3.801778265499913,0.3285785198751847,0.29444444444444445,0.29444444444444445
59.75,0.04435092210769653,0.7248966693878174,0.0,0.23613829093281147,0.32746249184605347,0.9792630468306144,38.0,0.2338510669182755,0.33880098708085354,0.0,0.7273030841802182,3.812365762777576,0.3384647152757553,0.3,0.3
60.0,0.01577739417552948,0.727342426776886,0.0,0.23613829093281147,0.32746249184605347,0.9792630468306144,38.0,0.2338510669182755,0.33880098708085354,0.0,0.7251113437668533,3.833313537988768,0.3581078943988084,0.3111111111111111,0.3111111111111111
60.25,0.010535992681980133,0.7051563858985901,0.0,0.23613829093281147,0.32746249184605347,0.9792630468306144,38.0,0.2338510669182755,0.33880098708085354,0.0,0.7244317274685126,3.854397292620473,0.37793987611620733,0.31666666666666665,0.31666666666666665
60.5,-0.018314523622393608,0.7053604125976562,0.0,0.23613829093281147,0.32746249184605347,0.9792630468306144,39.0,0.2338510669182755,0.33880098708085354,0.0,0.7211610757340798,3.8751427607065323,0.3974666891538249,0.32222222222222224,0.32222222222222224
60.75,-0.030022364109754562,0.7165583372116089,0.0,0.23613829093281147,0.32746249184605347,0.9792630468306144,39.0,0.2338510669182755,0.33880098708085354,0.0,0.7175827217845459,3.895708146298118,0.4168181614595469,0.3277777777777778,0.3277777777777778
61.0,-0.0450705885887146,0.701734185218811,0.0,0.23613829093281147,0.32746249184605347,0.9792630468306144,39.0,0.2338510669182755,0.33880098708085354,0.0,0.7144271984806718,3.916334155695807,0.4361944753449358,0.3388888888888889,0.3388888888888889
61.25,-0.07270734012126923,0.715490460395813,0.0,0.24123038028020646,0.33751185083745916,0.9785979673367061,39.0,0.2338510669182755,0.33880098708085354,0.0,0.712374078887323,3.9369157632307035,0.4554766493148709,0.3388888888888889,0.3388888888888889
61.5,-0.07011808454990387,0.7159349322319031,0.0,0.24123038028020646,0.33751185083745916,0.9785979673367061,40.0,0.2338510669182755,0.33880098708085354,0.0,0.7107511503700664,3.9577111683991286,0.4748738470234485,0.34444444444444444,0.34444444444444444
61.75,-0.0997089073061943,0.7058328986167908,0.0,0.24123038028020646,0.33751185083745916,0.9785979673367061,40.0,0.2338510669182755,0.33880098708085354,0.0,0.7110370392130678,3.9787185888483307,0.4943667964952442,0.35,0.35
62.0,-0.07903416454792023,0.6987784504890442,0.0,0.24123038028020646,0.33751185083745916,0.9785979673367061,40.0,0.18420670634344607,0.28305995064595735,0.0,0.710225719625723,3.999551632187249,0.513581256352789,0.35555555555555557,0.35555555555555557
62.25,-0.08097241073846817,0.7076796889305115,0.0,0.24123038028020646,0.33751185083745916,0.9785979673367061,40.0,0.18420670634344607,0.28305995064595735,0.0,0.7071069717516717,4.020124876493725,0.5324195756551363,0.36666666666666664,0.36666666666666664
62.5,-0.0821029394865036,0.700108528137207,0.0,0.24123038028020646,0.33751185083745916,0.9785979673367061,41.0,0.18420670634344607,0.28305995064595735,0.0,0.7071421754936553,4.040898615632317,0.5513220994021454,0.36666666666666664,0.36666666666666664
62.75,-0.09337467700242996,0.7011960744857788,0.0,0.24123038028020646,0.33751185083745916,0.9785979673367061,41.0,0.18420670634344607,0.28305995064595735,0.0,0.7060504566491997,4.0617541753475095,0.570178813022091,0.36666666666666664,0.36666666666666664
63.0,-0.10283881425857544,0.7023242712020874,0.0,0.24123038028020646,0.33751185083745916,0.9785979673367061,41.0,0.18420670634344607,0.28305995064595735,0.0,0.702209142818655,4.082480792273364,0.5887792889684705,0.36666666666666664,0.36666666666666664
63.25,-0.09557861089706421,0.6887361407279968,0.0,0.24123038028020646,0.33751185083745916,0.9785979673367061,41.0,0.18420670634344607,0.28305995064595735,0.0,0.7004785317498121,4.103343135841625,0.6073464460810847,0.36666666666666664,0.36666666666666664
63.5,-0.09943341463804245,0.7142025232315063,0.0,0.24123038028020646,0.33751185083745916,0.9785979673367061,42.0,0.18420670634344607,0.28305995064595735,0.0,0.6984958542953729,4.124123623236647,0.6256869229579185,0.37222222222222223,0.37222222222222223
63.75,-0.09849918633699417,0.7079896926879883,0.0,0.24123038028020646,0.33751185083745916,0.9785979673367061,42.0,0.18420670634344607,0.28305995064595735,0.0,0.6999686557320571,4.134743435227936,0.6350002820157683,0.37222222222222223,0.37222222222222223
64.0,-0.1722501516342163,0.6927639245986938,0.0,0.24123038028020646,0.33751185083745916,0.9785979673367061,42.0,0.18420670634344607,0.28305995064595735,0.0,0.7026520462275636,4.166923625057754,0.6630036869181241,0.37222222222222223,0.37222222222222223
64.25,-0.1576726883649826,0.6937236189842224,0.0,0.24123038028020646,0.33751185083745916,0.9785979673367061,42.0,0.18420670634344607,0.28305995064595735,0.0,0.7016887375259578,4.188080240110739,0.6811796119740249,0.37777777777777777,0.37777777777777777
64.5,-0.14863616228103638,0.6724300384521484,0.0,0.24123038028020646,0.33751185083745916,0.9785979673367061,43.0,0.18420670634344607,0.28305995064595735,0.0,0.7014497231149658,4.19869268765296,0.6902086901862415,0.37777777777777777,0.37777777777777777
64.75,-0.15881451964378357,0.6940112709999084,0.0,0.24123038028020646,0.33751185083745916,0.9785979673367061,43.0,0.18420670634344607,0.28305995064595735,0.0,0.7000628962956039,4.219658916445245,0.7078745937202462,0.37777777777777777,0.37777777777777777
65.0,-0.15847311913967133,0.693700909614563,0.0,0.24123038028020646,0.33751185083745916,0.9785979673367061,43.0,0.18420670634344607,0.28305995064595735,0.0,0.6953395984221723,4.251344485804422,0.7341590489466195,0.38333333333333336,0.38333333333333336
65.25,-0.17876192927360535,0.6917528510093689,0.0,0.24123038028020646,0.33751185083745916,0.9785979673367061,43.0,0.17607780519669036,0.26781826099579037,0.0,0.693891218156469,4.262061052389944,0.7429361445219853,0.3888888888888889,0.3888888888888889
65.5,-0.19600579142570496,0.6964986324310303,0.0,0.24123038028020646,0.33751185083745916,0.9785979673367061,43.0,0.17607780519669036,0.26781826099579037,0.0,0.6890131730221587,4.294174424723422,0.7688956066318645,0.3888888888888889,0.3888888888888889
65.75,-0.1905030608177185,0.6695096492767334,0.0,0.24123038028020646,0.33751185083745916,0.9785979673367061,44.0,0.17607780519669036,0.26781826099579037,0.0,0.6889725398652884,4.305028888343558,0.7775402692939201,0.39444444444444443,0.39444444444444443
66.0,-0.21079659461975098,0.6647787690162659,0.0,0.24123038028020646,0.33751185083745916,0.9785979673367061,44.0,0.17607780519669036,0.26781826099579037,0.0,0.68931567465303,4.326661418745639,0.7945686115769836,0.39444444444444443,0.39444444444444443
66.25,-0.2203822135925293,0.6455039978027344,0.0,0.24123038028020646,0.33751185083745916,0.9785979673367061,44.0,0.17607780519669036,0.26781826099579037,0.0,0.6832862517187692,4.34776271182285,0.8109096815692123,0.39444444444444443,0.39444444444444443
66.5,-0.2070007026195526,0.65549236536026,0.0,0.24123038028020646,0.33751185083745916,0.9785979673367061,44.0,0.17607780519669036,0.26781826099579037,0.0,0.6782121530819079,4.368664014663311,0.8268156267846306,0.4,0.4
66.75,-0.2294584959745407,0.6517733931541443,0.0,0.24123038028020646,0.33751185083745916,0.9785979673367061,45.0,0.17607780519669036,0.26781826099579037,0.0,0.671102378498965,4.389447527640874,0.842344134684579,0.40555555555555556,0.40555555555555556
67.0,-0.22273044288158417,0.6525255441665649,0.0,0.24123038028020646,0.33751185083745916,0.9785979673367061,45.0,0.17607780519669036,0.26781826099579037,0.0,0.6641554326131582,4.410307699420657,0.8576494353812815,0.4111111111111111,0.4111111111111111
67.25,-0.21461211144924164,0.6315386891365051,0.0,0.24123038028020646,0.33751185083745916,0.9785979673367061,45.0,0.17607780519669036,0.26781826099579037,0.0,0.6584427330450717,4.431479746467681,0.8728909081712852,0.4166666666666667,0.4166666666666667
67.5,-0.21682877838611603,0.6342702507972717,0.0,0.24123038028020646,0.33751185083745916,0.9785979673367061,45.0,0.17607780519669036,0.26781826099579037,0.0,0.652422165901463,4.452450752912733,0.88770599498776,0.4222222222222222,0.4222222222222222
67.75,-0.23475554585456848,0.6411187052726746,0.0,0.24123038028020646,0.33751185083745916,0.9785979673367061,46.0,0.17607780519669036,0.26781826099579037,0.0,0.6469922189633148,4.473311683154111,0.9021775380261551,0.42777777777777776,0.42777777777777776
68.0,-0.27475714683532715,0.6376565098762512,0.0,0.24123038028020646,0.33751185083745916,0.9785979673367061,46.0,0.17607780519669036,0.26781826099579037,0.0,0.6441818537100781,4.494309832055714,0.916476302819385,0.43333333333333335,0.43333333333333335
68.25,-0.25018879771232605,0.6471008062362671,0.0,0.24612876935615322,0.34729013854930724,0.9778697616535454,46.0,0.17607780519669036,0.26781826099579037,0.0,0.6426175657457813,4.515586525996338,0.9306603371178586,0.43333333333333335,0.43333333333333335
68.5,-0.27289149165153503,0.6357301473617554,0.0,0.24612876935615322,0.34729013854930724,0.9778697616535454,46.0,0.17506169255334592,0.26506024096385544,0.0,0.6409013233198866,4.537135838931777,0.9446905747868379,0.4388888888888889,0.4388888888888889
68.75,-0.2751593589782715,0.621796727180481,0.0,0.24612876935615322,0.34729013854930724,0.9778697616535454,47.0,0.17506169255334592,0.26506024096385544,0.0,0.6371763000545869,4.558482329852612,0.9582738909219453,0.45,0.45
69.0,-0.27811580896377563,0.6149131059646606,0.0,0.24612876935615322,0.34729013854930724,0.9778697616535454,47.0,0.17506169255334592,0.26506024096385544,0.0,0.6356012962300212,4.579769784141576,0.9714950266938648,0.45555555555555555,0.45555555555555555
69.25,-0.2505512237548828,0.6320855617523193,0.0,0.24612876935615322,0.34729013854930724,0.9778697616535454,47.0,0.17506169255334592,0.26506024096385544,0.0,0.6336649919829999,4.601026876740138,0.9843697241352425,0.46111111111111114,0.46111111111111114
69.5,-0.25376245379447937,0.63104248046875,0.0,0.24612876935615322,0.34729013854930724,0.9778697616535454,47.0,0.17506169255334592,0.26506024096385544,0.0,0.6316658082485903,4.62256918436009,0.9970917996737938,0.4666666666666667,0.4666666666666667
69.75,-0.22908718883991241,0.635040283203125,0.0,0.24612876935615322,0.34729013854930724,0.9778697616535454,48.0,0.17506169255334592,0.26506024096385544,0.0,0.6280665563807509,4.644282194151867,1.009620865288225,0.4777777777777778,0.4777777777777778
70.0,-0.23806114494800568,0.6210055947303772,0.0,0.24612876935615322,0.34729013854930724,0.9778697616535454,48.0,0.17506169255334592,0.26506024096385544,0.0,0.6290181861881285,4.666467244914725,1.0221374263195195,0.4777777777777778,0.4777777777777778
70.25,-0.25037404894828796,0.6009654998779297,0.0,0.24612876935615322,0.34729013854930724,0.9778697616535454,48.0,0.17506169255334592,0.26506024096385544,0.0,0.6269779297983938,4.688320721498929,1.0341985106383482,0.48333333333333334,0.48333333333333334
70.5,-0.27826669812202454,0.604346513748169,0.0,0.24612876935615322,0.34729013854930724,0.9778697616535454,48.0,0.17506169255334592,0.26506024096385544,0.0,0.6232666205489772,4.7096904313830965,1.04572920515398,0.49444444444444446,0.49444444444444446
70.75,-0.30258846282958984,0.6150711178779602,0.0,0.24612876935615322,0.34729013854930724,0.9778697616535454,49.0,0.17506169255334592,0.26506024096385544,0.0,0.6189765240663089,4.730970049849467,1.0569286892539236,0.49444444444444446,0.49444444444444446
71.0,-0.30720263719558716,0.6035182476043701,0.0,0.24612876935615322,0.34729013854930724,0.9778697616535454,49.0,0.17506169255334592,0.26506024096385544,0.0,0.6189949061872729,4.741831934269332,1.0625339633044733,0.5055555555555555,0.5055555555555555
71.25,-0.2918531894683838,0.6080549359321594,0.0,0.24612876935615322,0.34729013854930724,0.9778697616535454,49.0,0.17506169255334592,0.26506024096385544,0.0,0.6156836826833562,4.76365641573838,1.073549494773844,0.5111111111111111,0.5111111111111111
71.5,-0.29992571473121643,0.6103340983390808,0.0,0.24612876935615322,0.34729013854930724,0.9778697616535454,49.0,0.17506169255334592,0.26506024096385544,0.0,0.6095958315436883,4.78534413402737,1.0841509781857337,0.5222222222222223,0.5222222222222223
71.75,-0.28419357538223267,0.6247458457946777,0.0,0.24612876935615322,0.34729013854930724,0.9778697616535454,50.0,0.17825518943242852,0.26767310204674116,0.0,0.608188007298739,4.818383994054015,1.0996832360521573,0.5277777777777778,0.5277777777777778
72.0,-0.27701428532600403,0.6213757395744324,0.0,0.24612876935615322,0.34729013854930724,0.9778697616535454,50.0,0.17825518943242852,0.26767310204674116,0.0,0.609618191309725,4.829654595924311,1.1048224827585003,0.5333333333333333,0.5333333333333333
72.25,-0.24688230454921722,0.6074095368385315,0.0,0.24612876935615322,0.34729013854930724,0.9778697616535454,50.0,0.17825518943242852,0.26767310204674116,0.0,0.6122309543985818,4.852419754666685,1.114971816418236,0.5444444444444444,0.5444444444444444
72.5,-0.26195573806762695,0.6200761795043945,0.0,0.24612876935615322,0.34729013854930724,0.9778697616535454,50.0,0.17825518943242852,0.26767310204674116,0.0,0.6127462207367484,4.875047951502857,1.1247683300271747,0.55,0.55
72.75,-0.24753141403198242,0.643604040145874,0.0,0.24612876935615322,0.34729013854930724,0.9778697616535454,51.0,0.17825518943242852,0.26767310204674116,0.0,0.6145759083218398,4.897742215127459,1.1343192453656945,0.5611111111111111,0.5611111111111111
73.0,-0.25379666686058044,0.6257084608078003,0.0,0.24612876935615322,0.34729013854930724,0.9778697616535454,51.0,0.17825518943242852,0.26767310204674116,0.0,0.6195263073509142,4.921093870714709,1.1438689499393102,0.5666666666666667,0.5666666666666667
73.25,-0.26874271035194397,0.6241751909255981,0.0,0.24612876935615322,0.34729013854930724,0.9778697616535454,51.0,0.17825518943242852,0.26767310204674116,0.0,0.6254350123311999,4.944898257968415,1.1533274283847228,0.5722222222222222,0.5722222222222222
73.5,-0.25253427028656006,0.6463871598243713,0.0,0.24612876935615322,0.34729013854930724,0.9778697616535454,51.0,0.17825518943242852,0.26767310204674116,0.0,0.6233240689493592,4.968272035061235,1.1623352607156103,0.5777777777777777,0.5777777777777777
73.75,-0.2636277675628662,0.6447483897209167,0.0,0.24612876935615322,0.34729013854930724,0.9778697616535454,52.0,0.17825518943242852,0.26767310204674116,0.0,0.628709482081814,4.992162064395543,1.1712582418840958,0.5888888888888889,0.5888888888888889
74.0,-0.27462488412857056,0.6355190873146057,0.0,0.24612876935615322,0.34729013854930724,0.9778697616535454,52.0,0.17825518943242852,0.26767310204674116,0.0,0.633845782236418,5.016341731298726,1.1800135837288295,0.5944444444444444,0.5944444444444444
74.25,-0.2940561771392822,0.6438473463058472,0.0,0.24612876935615322,0.34729013854930724,0.9778697616535454,52.0,0.17825518943242852,0.26767310204674116,0.0,0.6345379831704009,5.040409806767001,1.1884390964147689,0.6055555555555555,0.6055555555555555
74.5,-0.2800164222717285,0.6399476528167725,0.0,0.24612876935615322,0.34729013854930724,0.9778697616535454,52.0,0.17825518943242852,0.26767310204674116,0.0,0.6349476355556473,5.064635135682398,1.1966133980801545,0.6055555555555555,0.6055555555555555
74.75,-0.29521599411964417,0.6343162655830383,0.0,0.24612876935615322,0.34729013854930724,0.9778697616535454,52.0,0.17825518943242852,0.26767310204674116,0.0,0.6370680691809768,5.076885389983127,1.2006331740512028,0.6222222222222222,0.6222222222222222
75.0,-0.28444716334342957,0.6248475313186646,0.0,0.24612876935615322,0.34729013854930724,0.9778697616535454,53.0,0.17215851357236173,0.2573668166642474,0.0,0.6380021921180123,5.101186033998582,1.2083797420792235,0.6277777777777778,0.6277777777777778
75.25,-0.26169508695602417,0.6455851197242737,0.0,0.24384653712007973,0.34678624813153963,0.977376024673322,53.0,0.17215851357236173,0.2573668166642474,0.0,0.6339179518871266,5.125032698884983,1.2156754903464533,0.6388888888888888,0.6388888888888888
75.5,-0.29513758420944214,0.6167876124382019,0.0,0.24384653712007973,0.34678624813153963,0.977376024673322,53.0,0.17215851357236173,0.2573668166642474,0.0,0.6358615171280686,5.149428470797404,1.2228435237802096,0.6444444444444445,0.6444444444444445
75.75,-0.2890356779098511,0.6373452544212341,0.0,0.24384653712007973,0.34678624813153963,0.977376024673322,53.0,0.17215851357236173,0.2573668166642474,0.0,0.6346779226196807,5.1736283864982795,1.2296749883776104,0.6555555555555556,0.6555555555555556
76.0,-0.7228893041610718,0.6101199388504028,0.0,0.24384653712007973,0.34678624813153963,0.977376024673322,54.0,0.17215851357236173,0.2573668166642474,0.0,0.6309471535495889,5.197844924711107,1.236211987090696,0.6666666666666666,0.6666666666666666
76.25,-0.8541569113731384,0.6382291316986084,0.0,0.24384653712007973,0.34678624813153963,0.977376024673322,54.0,0.17215851357236173,0.2573668166642474,0.0,0.6319041827981009,5.209920757377978,1.2393531962707736,0.6777777777777778,0.6777777777777778
76.5,-0.9095291495323181,0.6401056051254272,0.0,0.24384653712007973,0.34678624813153963,0.977376024673322,54.0,0.17215851357236173,0.2573668166642474,0.0,0.629112075575498,5.2341994051289715,1.2453483791567124,0.6833333333333333,0.6833333333333333
76.75,-0.9436030983924866,0.6574379205703735,0.0,0.24384653712007973,0.34678624813153963,0.977376024673322,54.0,0.17215851357236173,0.2573668166642474,0.0,0.6319930923274082,5.2591646496727105,1.2509276230068505,0.7055555555555556,0.7055555555555556
77.0,-0.8956565856933594,0.6746479272842407,0.0,0.24384653712007973,0.34678624813153963,0.977376024673322,55.0,0.17215851357236173,0.2573668166642474,0.0,0.6327361302011447,5.284620781802125,1.2558479625396517,0.7166666666666667,0.7166666666666667
77.25,-0.8849767446517944,0.6785395741462708,0.0,0.24384653712007973,0.34678624813153963,0.977376024673322,55.0,0.17215851357236173,0.2573668166642474,0.0,0.6397708954427266,5.310878837954323,1.2599784932582416,0.75,0.75
77.5,-0.8277890086174011,0.6866852641105652,0.0,0.24384653712007973,0.34678624813153963,0.977376024673322,55.0,0.17215851357236173,0.2573668166642474,0.0,0.6520417628198517,5.337874218614294,1.2632273073452092,0.7666666666666667,0.7666666666666667
77.75,-0.7499711513519287,0.7047030925750732,0.0,0.24384653712007973,0.34678624813153963,0.977376024673322,55.0,0.17215851357236173,0.2573668166642474,0.0,0.6609029568796578,5.365143828092196,1.2655470276377192,0.8,0.8
78.0,-0.6791055798530579,0.703411877155304,0.0,0.24384653712007973,0.34678624813153963,0.977376024673322,56.0,0.17215851357236173,0.2573668166642474,0.0,0.6738248601921324,5.393140390396216,1.267035152881971,0.8166666666666667,0.8166666666666667
78.25,-0.6464557647705078,0.7009477019309998,0.0,0.24384653712007973,0.34678624813153963,0.977376024673322,56.0,0.17215851357236173,0.2573668166642474,0.0,0.6851919643524474,5.421855469026081,1.2677302885501882,0.8444444444444444,0.8444444444444444
78.5,-0.5953930020332336,0.7198160290718079,0.0,0.24384653712007973,0.34678624813153963,0.977376024673322,56.0,0.16286834083321236,0.24168965016693278,0.0,0.6890551689734739,5.4358289180909845,1.2677931806855505,0.8611111111111112,0.8611111111111112
78.75,-0.5594464540481567,0.7416090369224548,0.0,0.24384653712007973,0.34678624813153963,0.977376024673322,56.0,0.16286834083321236,0.24168965016693278,0.0,0.6945661076979215,5.46418356840339,1.267381638647566,0.8888888888888888,0.8888888888888888
79.0,-0.5139673948287964,0.7270004749298096,0.0,0.24384653712007973,0.34678624813153963,0.977376024673322,57.0,0.16286834083321236,0.24168965016693278,0.0,0.7061992003553748,5.493508050042126,1.26626222904681,0.9055555555555556,0.9055555555555556
79.25,-0.5072531700134277,0.7347990274429321,0.0,0.24384653712007973,0.34678624813153963,0.977376024673322,57.0,0.16286834083321236,0.24168965016693278,0.0,0.713789489621741,5.5228946454437535,1.2644889882637593,0.9333333333333333,0.9333333333333333
79.5,-0.4497716724872589,0.7372288107872009,0.0,0.24384653712007973,0.34678624813153963,0.977376024673322,57.0,0.16286834083321236,0.24168965016693278,0.0,0.7202687339541131,5.552264818200021,1.262101614208026,0.95,0.95
79.75,-0.4297350347042084,0.742114245891571,0.0,0.24384653712007973,0.34678624813153963,0.977376024673322,57.0,0.16286834083321236,0.24168965016693278,0.0,0.7255292839991021,5.581632141794014,1.259142739461206,0.9777777777777777,0.9777777777777777
80.0,-0.24876926839351654,0.760779082775116,0.0,0.24384653712007973,0.34678624813153963,0.977376024673322,58.0,0.16286834083321236,0.24168965016693278,0.0,0.7323150839423197,5.611019116319474,1.2556611438596295,1.0,1.0
80.25,-0.12366944551467896,0.7445951104164124,0.0,0.24384653712007973,0.34678624813153963,0.977376024673322,58.0,0.16286834083321236,0.24168965016693278,0.0,0.7384177316098652,5.640922999944813,1.2516202843090163,1.0,1.0
80.5,-0.10901639610528946,0.7375567555427551,0.0,0.24384653712007973,0.34678624813153963,0.977376024673322,58.0,0.16286834083321236,0.24168965016693278,0.0,0.7407136499137356,5.670513922747488,1.2472459614272886,1.0,1.0
80.75,-0.07610016316175461,0.7460999488830566,0.0,0.24384653712007973,0.34678624813153963,0.977376024673322,58.0,0.16286834083321236,0.24168965016693278,0.0,0.7401119345896502,5.69967957989306,1.2427402431171035,1.0,1.0
81.0,-0.06534338742494583,0.7464987635612488,0.0,0.24384653712007973,0.34678624813153963,0.977376024673322,59.0,0.16286834083321236,0.24168965016693278,0.0,0.7420709810786718,5.72895683242882,1.238123833147365,1.0,1.0
81.25,-0.04870649054646492,0.7494468688964844,0.0,0.24384653712007973,0.34678624813153963,0.977376024673322,59.0,0.16286834083321236,0.24168965016693278,0.0,0.7423424911087794,5.7581740247742434,1.2334395632418413,1.0,1.0
81.5,-0.03331605717539787,0.7343738079071045,0.0,0.24384653712007973,0.34678624813153963,0.977376024673322,59.0,0.16286834083321236,0.24168965016693278,0.0,0.7433628326016763,5.77295567935026,1.2310444529353306,1.0,1.0
81.75,-0.07389097660779953,0.7230526804924011,0.0,0.24384653712007973,0.34678624813153963,0.977376024673322,59.0,0.16286834083321236,0.24168965016693278,0.0,0.7408001183129911,5.802191297586295,1.2262684420100216,1.0,1.0
82.0,-0.048525720834732056,0.7161217331886292,0.0,0.24384653712007973,0.34678624813153963,0.977376024673322,60.0,0.14486863115111046,0.21483524459282916,0.0,0.7389101434620069,5.831037989426521,1.2215078950873441,1.0,1.0
82.25,-0.2102145552635193,0.7342076301574707,0.0,0.2374231950844854,0.3421658986175115,0.9765170575981387,60.0,0.14486863115111046,0.21483524459282916,0.0,0.7359434949858319,5.859522995757822,1.2167222695926405,1.0,1.0
82.5,-0.2342536449432373,0.7184993028640747,0.0,0.2374231950844854,0.3421658986175115,0.9765170575981387,60.0,0.14486863115111046,0.21483524459282916,0.0,0.7338427965939925,5.888090997104923,1.2117361129392081,1.0,1.0
82.75,-0.23599958419799805,0.7174692749977112,0.0,0.2374231950844854,0.3421658986175115,0.9765170575981387,60.0,0.14486863115111046,0.21483524459282916,0.0,0.7297799514391606,5.916457286510911,1.2065122487367623,1.0,1.0
83.0,-0.24094465374946594,0.7122935652732849,0.0,0.2374231950844854,0.3421658986175115,0.9765170575981387,61.0,0.14486863115111046,0.21483524459282916,0.0,0.7251792893497392,5.944623978941438,1.201040076500218,1.0,1.0
83.25,-0.04183626174926758,0.7155710458755493,0.0,0.2374231950844854,0.3421658986175115,0.9765170575981387,61.0,0.14486863115111046,0.21483524459282916,0.0,0.7222619022837385,5.972716115721825,1.1953030894592025,1.0,1.0
83.5,-0.02989131212234497,0.7449672222137451,0.0,0.2374231950844854,0.3421658986175115,0.9765170575981387,61.0,0.14486863115111046,0.21483524459282916,0.0,0.7210649652431687,5.9867202497740655,1.1923648603044512,1.0,1.0
83.75,-0.024792172014713287,0.7383569478988647,0.0,0.2374231950844854,0.3421658986175115,0.9765170575981387,61.0,0.14486863115111046,0.21483524459282916,0.0,0.7238599349532591,6.015386330822789,1.186296412661664,1.0,1.0
84.0,0.013736624270677567,0.7646738290786743,0.0,0.2374231950844854,0.3421658986175115,0.9765170575981387,62.0,0.14486863115111046,0.21483524459282916,0.0,0.7268675485783648,6.044409107892323,1.1801354999855884,1.0,1.0
84.25,0.0099924486130476,0.7546087503433228,0.0,0.2374231950844854,0.3421658986175115,0.9765170575981387,62.0,0.14486863115111046,0.21483524459282916,0.0,0.7328870649592406,6.073944480454239,1.1738627711278597,1.0,1.0
84.5,-0.008869238197803497,0.7490103244781494,0.0,0.2374231950844854,0.3421658986175115,0.9765170575981387,62.0,0.14486863115111046,0.21483524459282916,0.0,0.7385201686495305,6.10350501877004,1.1676062401827034,1.0,1.0
84.75,-0.03365880250930786,0.7323918342590332,0.0,0.2374231950844854,0.3421658986175115,0.9765170575981387,62.0,0.14486863115111046,0.21483524459282916,0.0,0.7440878304449068,6.132866078709221,1.1614002153275167,1.0,1.0
85.0,-0.018622567877173424,0.7345491647720337,0.0,0.2374231950844854,0.3421658986175115,0.9765170575981387,62.0,0.14486863115111046,0.21483524459282916,0.0,0.7446350963616151,6.16172837524774,1.1552766173984501,1.0,1.0
85.25,-0.021161047741770744,0.7364844679832458,0.0,0.2374231950844854,0.3421658986175115,0.9765170575981387,63.0,0.13703004790245318,0.20322252866889243,0.0,0.7437092412462639,6.176042963507051,1.1522225507854111,1.0,1.0
85.5,0.0018327883444726467,0.744425892829895,0.0,0.2374231950844854,0.3421658986175115,0.9765170575981387,63.0,0.13703004790245318,0.20322252866889243,0.0,0.7428956124130234,6.2047801926698485,1.1460659862919924,1.0,1.0
85.75,0.0011119102127850056,0.7441198825836182,0.0,0.2374231950844854,0.3421658986175115,0.9765170575981387,63.0,0.13703004790245318,0.20322252866889243,0.0,0.740968150644667,6.233724163279383,1.1398517903469723,1.0,1.0
86.0,-0.016118980944156647,0.7514901161193848,0.0,0.2374231950844854,0.3421658986175115,0.9765170575981387,63.0,0.13703004790245318,0.20322252866889243,0.0,0.7390082879281499,6.2626889176981555,1.1336300738950382,1.0,1.0
86.25,-0.13466772437095642,0.7603064179420471,0.0,0.2374231950844854,0.3421658986175115,0.9765170575981387,64.0,0.13703004790245318,0.20322252866889243,0.0,0.739948575000181,6.292020003303345,1.1273266536553945,1.0,1.0
86.5,-0.1446390002965927,0.7366848587989807,0.0,0.2374231950844854,0.3421658986175115,0.9765170575981387,64.0,0.13703004790245318,0.20322252866889243,0.0,0.7445094532522141,6.321663017901842,1.1208948291215208,1.0,1.0
86.75,-0.18167470395565033,0.7185623645782471,0.0,0.2374231950844854,0.3421658986175115,0.9765170575981387,64.0,0.13703004790245318,0.20322252866889243,0.0,0.7446730723533248,6.350784052939232,1.1144219469948937,1.0,1.0
87.0,-0.19796860218048096,0.7497258186340332,0.0,0.2374231950844854,0.3421658986175115,0.9765170575981387,64.0,0.13703004790245318,0.20322252866889243,0.0,0.7432074418101534,6.379355749106755,1.1078732462030685,1.0,1.0
87.25,-0.18345674872398376,0.7490269541740417,0.0,0.2374231950844854,0.3421658986175115,0.9765170575981387,65.0,0.13703004790245318,0.20322252866889243,0.0,0.7445891687832414,6.408270568334938,1.1010197400715405,1.0,1.0
87.5,-0.1151893213391304,0.7392035126686096,0.0,0.2374231950844854,0.3421658986175115,0.9765170575981387,65.0,0.13703004790245318,0.20322252866889243,0.0,0.7453261433198658,6.437326192210881,1.0939014761374146,1.0,1.0
87.75,-0.1370367705821991,0.735447108745575,0.0,0.2374231950844854,0.3421658986175115,0.9765170575981387,65.0,0.13703004790245318,0.20322252866889243,0.0,0.7426020163431882,6.466152557551125,1.086662464360478,1.0,1.0
88.0,-0.13214819133281708,0.7444671392440796,0.0,0.2374231950844854,0.3421658986175115,0.9765170575981387,65.0,0.13703004790245318,0.20322252866889243,0.0,0.7394546192997409,6.49461363404189,1.0793680448667453,1.0,1.0
88.25,-0.11447212845087051,0.7454145550727844,0.0,0.2374231950844854,0.3421658986175115,0.9765170575981387,66.0,0.13703004790245318,0.20322252866889243,0.0,0.7405630575951999,6.50903256100712,1.075611808630711,1.0,1.0
88.5,-0.13464461266994476,0.7399568557739258,0.0,0.2374231950844854,0.3421658986175115,0.9765170575981387,66.0,0.13703004790245318,0.20322252866889243,0.0,0.7429706942596823,6.537788867977203,1.0680002865385967,1.0,1.0
88.75,-0.10753275454044342,0.7440302968025208,0.0,0.2374231950844854,0.3421658986175115,0.9765170575981387,66.0,0.12832051095950064,0.19146465379590652,0.0,0.7415658173195352,6.566384520338473,1.0602955993207122,1.0,1.0
89.0,-0.11549519002437592,0.7433398962020874,0.0,0.2374231950844854,0.3421658986175115,0.9765170575981387,66.0,0.12832051095950064,0.19146465379590652,0.0,0.7414770753935604,6.595104095336623,1.0524204913268438,1.0,1.0
89.25,-0.12103404104709625,0.7253676056861877,0.0,0.2291360294117647,0.33345588235294116,0.9754709664619574,67.0,0.12832051095950064,0.19146465379590652,0.0,0.7423086209673069,6.623760953656314,1.0444291990375274,1.0,1.0
89.5,-0.07915583997964859,0.7319313883781433,0.0,0.2291360294117647,0.33345588235294116,0.9754709664619574,67.0,0.12832051095950064,0.19146465379590652,0.0,0.7419033410368777,6.6521389210760935,1.0363771037778902,1.0,1.0
89.75,-0.0857250988483429,0.7395908832550049,0.0,0.2291360294117647,0.33345588235294116,0.9754709664619574,67.0,0.12832051095950064,0.19146465379590652,0.0,0.7382220563450437,6.680120699919082,1.0283054388995925,1.0,1.0
90.0,-0.04901420325040817,0.7308467626571655,0.0,0.2291360294117647,0.33345588235294116,0.9754709664619574,67.0,0.12832051095950064,0.19146465379590652,0.0,0.7373832821200589,6.708217144059855,1.0200976660112329,1.0,1.0
90.25,-0.06606005132198334,0.7482417821884155,0.0,0.2291360294117647,0.33345588235294116,0.9754709664619574,68.0,0.12832051095950064,0.19146465379590652,0.0,0.735603327309161,6.7363399605077054,1.0117915118411551,1.0,1.0
90.5,-0.06315551698207855,0.7282684445381165,0.0,0.2291360294117647,0.33345588235294116,0.9754709664619574,68.0,0.12832051095950064,0.19146465379590652,0.0,0.7364567026606064,6.764841342297914,1.003303247855061,1.0,1.0
90.75,-0.06183159723877907,0.7382820248603821,0.0,0.2291360294117647,0.33345588235294116,0.9754709664619574,68.0,0.12832051095950064,0.19146465379590652,0.0,0.734254346980532,6.792982417380476,0.9948377977343327,1.0,1.0
91.0,-0.0824493020772934,0.7559447288513184,0.0,0.2291360294117647,0.33345588235294116,0.9754709664619574,68.0,0.12832051095950064,0.19146465379590652,0.0,0.7364503936028227,6.821237264818224,0.9862548475529247,1.0,1.0
91.25,-0.07850401848554611,0.75275719165802,0.0,0.2291360294117647,0.33345588235294116,0.9754709664619574,69.0,0.12832051095950064,0.19146465379590652,0.0,0.7404703769854789,6.849956797044175,0.9774491330451276,1.0,1.0
91.5,-0.023758618161082268,0.7357582449913025,0.0,0.2291360294117647,0.33345588235294116,0.9754709664619574,69.0,0.12832051095950064,0.19146465379590652,0.0,0.7450474063839215,6.878829284970677,0.9684967922999412,1.0,1.0
91.75,-0.018321430310606956,0.7383379340171814,0.0,0.2291360294117647,0.33345588235294116,0.9754709664619574,69.0,0.12832051095950064,0.19146465379590652,0.0,0.7425641053068771,6.907068489748958,0.9596677202975816,1.0,1.0
92.0,-0.0053987279534339905,0.7427712678909302,0.0,0.2291360294117647,0.33345588235294116,0.9754709664619574,69.0,0.11061111917549717,0.16606183771229496,0.0,0.7422828573101264,6.921078483029345,0.9552784244073989,1.0,1.0
92.25,-0.05545460432767868,0.7275253534317017,0.0,0.2291360294117647,0.33345588235294116,0.9754709664619574,70.0,0.11061111917549717,0.16606183771229496,0.0,0.7451316245463763,6.949456849715121,0.9463793231545184,1.0,1.0
92.5,-0.05557022988796234,0.7307969331741333,0.0,0.2291360294117647,0.33345588235294116,0.9754709664619574,70.0,0.11061111917549717,0.16606183771229496,0.0,0.7441899103293617,6.97758711739757,0.9375417059826294,1.0,1.0
92.75,-0.06700760126113892,0.7115090489387512,0.0,0.2291360294117647,0.33345588235294116,0.9754709664619574,70.0,0.11061111917549717,0.16606183771229496,0.0,0.7385338347846448,7.005339373421507,0.928760566044967,1.0,1.0
93.0,-0.03492375835776329,0.7267086505889893,0.0,0.2291360294117647,0.33345588235294116,0.9754709664619574,70.0,0.11061111917549717,0.16606183771229496,0.0,0.7339744308311917,7.032753387993928,0.9200009730694491,1.0,1.0
93.25,-0.045429106801748276,0.7192184329032898,0.0,0.2291360294117647,0.33345588235294116,0.9754709664619574,71.0,0.11061111917549717,0.16606183771229496,0.0,0.7300531724880208,7.060021800622371,0.9112100432109457,1.0,1.0
93.5,-0.023301444947719574,0.7348363399505615,0.0,0.2291360294117647,0.33345588235294116,0.9754709664619574,71.0,0.11061111917549717,0.16606183771229496,0.0,0.7270789242923817,7.087431383521252,0.9023265604815537,1.0,1.0
93.75,-0.006721081677824259,0.7243106365203857,0.0,0.2291360294117647,0.33345588235294116,0.9754709664619574,71.0,0.11061111917549717,0.16606183771229496,0.0,0.723995325451992,7.115008556850173,0.8933629418391866,1.0,1.0
94.0,-0.002084494801238179,0.7282626628875732,0.0,0.2291360294117647,0.33345588235294116,0.9754709664619574,71.0,0.11061111917549717,0.16606183771229496,0.0,0.72521083931042,7.143055043685821,0.8842290182789144,1.0,1.0
94.25,0.021659161895513535,0.7285487055778503,0.0,0.2291360294117647,0.33345588235294116,0.9754709664619574,72.0,0.11061111917549717,0.16606183771229496,0.0,0.7240713817756226,7.170285651832936,0.8753550724049197,1.0,1.0
94.5,-0.018989838659763336,0.7190873622894287,0.0,0.2291360294117647,0.33345588235294116,0.9754709664619574,72.0,0.11061111917549717,0.16606183771229496,0.0,0.7248939815345317,7.197833483217358,0.8663865778480894,1.0,1.0
94.75,-0.017712511122226715,0.7333790063858032,0.0,0.2291360294117647,0.33345588235294116,0.9754709664619574,72.0,0.11061111917549717,0.16606183771229496,0.0,0.7262958889339235,7.225513753381598,0.8573874939555778,1.0,1.0
95.0,-0.01716633141040802,0.7282398343086243,1.0,0.2291360294117647,0.33345588235294116,0.9754709664619574,72.0,0.11061111917549717,0.16606183771229496,0.0,0.7283624057019561,7.253667442408616,0.8482182961233843,1.0,1.0
95.25,0.010200818069279194,0.7258062362670898,1.0,0.2291360294117647,0.33345588235294116,0.9754709664619574,73.0,0.11061111917549717,0.16606183771229496,0.0,0.7288254317043752,7.281326185435164,0.839186921892796,1.0,1.0
95.5,0.0,0.0,1.0,0.2291360294117647,0.33345588235294116,0.9754709664619574,73.0,0.0915952968500508,0.13761068369865,0.0,0.7275557020647461,7.295015299008416,0.8347151009083055,1.0,1.0
95.75,0.0,0.0,1.0,0.2291360294117647,0.33345588235294116,0.9754709664619574,73.0,0.0915952968500508,0.13761068369865,0.0,0.7258328400788016,7.32191074210627,0.8259364152245692,1.0,1.0
96.0,0.0,0.0,1.0,0.2291360294117647,0.33345588235294116,0.9754709664619574,73.0,0.0915952968500508,0.13761068369865,0.0,0.6839347204775346,7.343748157145938,0.8188123345780477,1.0,1.0
96.25,0.0,0.0,1.0,0.21235283781409242,0.3139167105956774,0.9743392040689338,73.0,0.0915952968500508,0.13761068369865,0.0,0.5521858000414245,7.364572534807216,0.812018693445122,1.0,1.0
96.5,0.0,0.0,1.0,0.21235283781409242,0.3139167105956774,0.9743392040689338,73.0,0.0915952968500508,0.13761068369865,0.0,0.42446879440969665,7.370368547921409,0.8101276528071047,1.0,1.0
96.75,1.0,0.0,1.0,0.21235283781409242,0.3139167105956774,0.9743392040689338,73.0,0.0915952968500508,0.13761068369865,0.0,0.2830200758933416,7.370539871897781,0.8100719479636429,1.0,1.0
97.0,1.0,0.0,1.0,0.21235283781409242,0.3139167105956774,0.9743392040689338,73.0,0.0915952968500508,0.13761068369865,0.0,0.2004247646814667,7.36933420517051,0.8104681548748882,1.0,1.0
97.25,1.0,0.0,1.0,0.21235283781409242,0.3139167105956774,0.9743392040689338,73.0,0.0915952968500508,0.13761068369865,0.0,0.094736715018298,7.368100228283994,0.8108863303601224,1.0,1.0
97.5,1.0,0.0,1.0,0.21235283781409242,0.3139167105956774,0.9743392040689338,73.0,0.0915952968500508,0.13761068369865,0.0,0.038709279791580974,7.367350729149879,0.8111336697621957,1.0,1.0
97.75,0.9967373712430506,0.0,1.0,0.21235283781409242,0.3139167105956774,0.9743392040689338,73.0,0.0915952968500508,0.13761068369865,0.0,0.01101553743027703,7.366866758587241,0.8112845350426684,1.0,1.0
98.0,0.9727247251237082,0.0,1.0,0.21235283781409242,0.3139167105956774,0.9743392040689338,73.0,0.0915952968500508,0.13761068369865,0.0,0.0025129548469476812,7.366659312798943,0.8113448843097131,1.0,1.0
98.25,0.962929982496818,0.0,1.0,0.21235283781409242,0.3139167105956774,0.9743392040689338,73.0,0.0915952968500508,0.13761068369865,0.0,0.0004042819329982038,7.366590724560993,0.811363212123972,1.0,1.0
98.5,0.9307794171212895,0.0,1.0,0.21235283781409242,0.3139167105956774,0.9743392040689338,73.0,0.05037015532007548,0.08172448831470461,0.0,2.2125808448413407e-05,7.366567311532614,0.811368643614063,1.0,1.0
98.75,0.9093834062654178,0.0,1.0,0.21235283781409242,0.3139167105956774,0.9743392040689338,73.0,0.05037015532007548,0.08172448831470461,0.0,4.719565782599098e-06,7.366565015090046,0.8113690481266239,1.0,1.0
99.0,0.8883743217945096,0.0,1.0,0.21235283781409242,0.3139167105956774,0.9743392040689338,73.0,0.05037015532007548,0.08172448831470461,0.0,2.008234302627653e-05,7.366564789206366,0.811369065394594,1.0,1.0
99.25,0.8676510071143994,0.0,1.0,0.21235283781409242,0.3139167105956774,0.9743392040689338,73.0,0.05037015532007548,0.08172448831470461,0.0,3.660191858845701e-05,7.366564993535747,0.811369031585316,1.0,1.0
99.5,0.8366253800713295,0.0,1.0,0.21235283781409242,0.3139167105956774,0.9743392040689338,73.0,0.05037015532007548,0.08172448831470461,0.0,4.220746669474303e-05,7.366565101615164,0.8113690057751175,1.0,1.0
99.75,0.8264135738349072,0.0,1.0,0.21235283781409242,0.3139167105956774,0.9743392040689338,73.0,0.05037015532007548,0.08172448831470461,0.0,5.1921654630628134e-05,7.3665651606056395,0.8113689859010997,1.0,1.0
100.0,0.7958328965875453,0.0,1.0,0.21235283781409242,0.3139167105956774,0.9743392040689338,73.0,0.05037015532007548,0.08172448831470461,0.0,5.527884967904245e-05,7.366565231479447,0.8113689715481428,1.0,1.0
100.25,0.7752167703933622,0.0,1.0,0.21235283781409242,0.3139167105956774,0.9743392040689338,73.0,0.05037015532007548,0.08172448831470461,0.0,0.00013753610509028856,7.366565339195037,0.8113689580278363,1.0,1.0
100.5,0.7548101108504501,0.0,1.0,0.21235283781409242,0.3139167105956774,0.9743392040689338,73.0,0.05037015532007548,0.08172448831470461,0.0,0.00013128687610274183,7.366565375512299,0.8113689513594827,1.0,1.0
100.75,0.7342443326455622,0.0,1.0,0.21235283781409242,0.3139167105956774,0.9743392040689338,73.0,0.05037015532007548,0.08172448831470461,0.0,0.000138960623781284,7.366565390421594,0.811368942266749,1.0,1.0
101.0,0.71354953429096,0.0,1.0,0.21235283781409242,0.3139167105956774,0.9743392040689338,73.0,0.05037015532007548,0.08172448831470461,0.0,0.00013853974222382157,7.366565363473278,0.8113689253774692,1.0,1.0
101.25,0.693076953705578,0.0,1.0,0.21235283781409242,0.3139167105956774,0.9743392040689338,73.0,0.05037015532007548,0.08172448831470461,0.0,0.0001324913912696467,7.366565425408203,0.81136892981778,1.0,1.0
101.5,0.672373496210713,0.0,1.0,0.21235283781409242,0.3139167105956774,0.9743392040689338,73.0,0.06009580490637248,0.09551458847437945,0.0,0.0001342068247184568,7.36656541641093,0.8113689173569264,1.0,1.0
101.75,0.6518742665944869,0.0,1.0,0.21235283781409242,0.3139167105956774,0.9743392040689338,73.0,0.06009580490637248,0.09551458847437945,0.0,0.00013078353183363224,7.366565462285633,0.8113689222079606,1.0,1.0
102.0,0.6310722745136489,0.0,1.0,0.21235283781409242,0.3139167105956774,0.9743392040689338,73.0,0.06009580490637248,0.09551458847437945,0.0,0.00013328613117981873,7.366565441639903,0.8113689066283644,1.0,1.0
102.25,0.610443127482244,0.0,1.0,0.21036959187248205,0.31187598528638993,0.9742580418256094,73.0,0.06009580490637248,0.09551458847437945,0.0,0.00012230446666576834,7.366565485381155,0.8113689145647994,1.0,1.0
102.5,0.5792864488399558,0.0,1.0,0.21036959187248205,0.31187598528638993,0.9742580418256094,73.0,0.06009580490637248,0.09551458847437945,0.0,0.0001300333896480268,7.366565498313097,0.8113689119755274,1.0,1.0
102.75,0.5688215879819288,0.0,1.0,0.21036959187248205,0.31187598528638993,0.9742580418256094,73.0,0.06009580490637248,0.09551458847437945,0.0,7.320031064859179e-05,7.366565388252189,0.8113688542878191,1.0,1.0
103.0,0.5378202370896007,0.0,1.0,0.21036959187248205,0.31187598528638993,0.9742580418256094,73.0,0.06009580490637248,0.09551458847437945,0.0,7.130500523293131e-05,7.366565447553207,0.8113688723225503,1.0,1.0
103.25,0.5168368794642706,0.0,1.0,0.21036959187248205,0.31187598528638993,0.9742580418256094,73.0,0.06009580490637248,0.09551458847437945,0.0,6.917157461114756e-05,7.366565413609454,0.8113688470984475,1.0,1.0
103.5,0.49584235793665515,0.0,1.0,0.21036959187248205,0.31187598528638993,0.9742580418256094,73.0,0.06009580490637248,0.09551458847437945,0.0,8.013189251093538e-05,7.366565446584284,0.811368855957643,1.0,1.0
103.75,0.4751880190929574,0.0,1.0,0.21036959187248205,0.31187598528638993,0.9742580418256094,73.0,0.06009580490637248,0.09551458847437945,0.0,7.350847024255644e-05,7.366565493141638,0.8113688735975105,1.0,1.0
104.0,0.45412606571158926,0.0,1.0,0.21036959187248205,0.31187598528638993,0.9742580418256094,73.0,0.06009580490637248,0.09551458847437945,0.0,8.260979054907486e-05,7.366565481562408,0.811368860539036,1.0,1.0
104.25,0.433396384915835,0.0,1.0,0.21036959187248205,0.31187598528638993,0.9742580418256094,73.0,0.06009580490637248,0.09551458847437945,0.0,7.370945919665578e-05,7.36656550902197,0.8113688703670712,1.0,1.0
104.5,0.412135545016973,0.0,1.0,0.21036959187248205,0.31187598528638993,0.9742580418256094,73.0,0.059224851212077226,0.0947887937291334,0.0,7.484542796839638e-05,7.366565479386171,0.8113688460434144,1.0,1.0
104.75,0.3911689684664868,0.0,1.0,0.21036959187248205,0.31187598528638993,0.9742580418256094,73.0,0.059224851212077226,0.0947887937291334,0.0,8.333479788972215e-05,7.366565574349408,0.8113689018391639,1.0,1.0
105.0,0.35935361225684237,0.0,1.0,0.21036959187248205,0.31187598528638993,0.9742580418256094,73.0,0.059224851212077226,0.0947887937291334,0.0,7.576890331396356e-05,7.366565515059688,0.8113688574706986,1.0,1.0
105.25,0.3489300416220975,0.0,1.0,0.21036959187248205,0.31187598528638993,0.9742580418256094,73.0,0.059224851212077226,0.0947887937291334,0.0,8.301423047771019e-05,7.366565589796402,0.8113689047793486,1.0,1.0
105.5,0.31714339646650885,0.0,1.0,0.21036959187248205,0.31187598528638993,0.9742580418256094,73.0,0.059224851212077226,0.0947887937291334,0.0,6.527896596655076e-05,7.36656556244791,0.8113688813864086,1.0,1.0
105.75,0.30625135196127096,0.0,1.0,0.21036959187248205,0.31187598528638993,0.9742580418256094,73.0,0.059224851212077226,0.0947887937291334,0.0,6.998990342436819e-05,7.366565539605065,0.8113688610004751,1.0,1.0
106.0,0.2738135214133839,0.0,1.0,0.21036959187248205,0.31187598528638993,0.9742580418256094,73.0,0.059224851212077226,0.0947887937291334,0.0,5.791766459923202e-05,7.366565603965779,0.8113689057482124,1.0,1.0
106.25,0.2628924648848936,0.0,1.0,0.21036959187248205,0.31187598528638993,0.9742580418256094,73.0,0.059224851212077226,0.0947887937291334,0.0,7.660138620155828e-05,7.366565630564875,0.8113689239521783,1.0,1.0
106.5,0.2304109888726615,0.0,1.0,0.21036959187248205,0.31187598528638993,0.9742580418256094,73.0,0.059224851212077226,0.0947887937291334,0.0,5.4867234166743506e-05,7.366565608974883,0.811368904359081,1.0,1.0
106.75,0.2192973379785767,0.0,1.0,0.21036959187248205,0.31187598528638993,0.9742580418256094,73.0,0.059224851212077226,0.0947887937291334,0.0,7.455621937892914e-05,7.366565621588543,0.8113689127386924,1.0,1.0
107.0,0.2,0.0,1.0,0.21036959187248205,0.31187598528638993,0.9742580418256094,73.0,0.059224851212077226,0.0947887937291334,0.0,5.3047874868220426e-05,7.366565595073679,0.8113688886103725,1.0,1.0
107.25,0.2,0.0,1.0,0.21036959187248205,0.31187598528638993,0.9742580418256094,73.0,0.059224851212077226,0.0947887937291334,0.0,6.755656702348954e-05,7.366565601887178,0.8113688925147571,1.0,1.0
107.5,0.2,0.0,1.0,0.21036959187248205,0.31187598528638993,0.9742580418256094,73.0,0.059224851212077226,0.0947887937291334,0.0,5.024586262085944e-05,7.366565508000294,0.8113688100370356,1.0,1.0
107.75,0.2,0.0,1.0,0.21036959187248205,0.31187598528638993,0.9742580418256094,73.0,0.059224851212077226,0.0947887937291334,0.0,4.5512305603650486e-05,7.366565431004716,0.8113687400961148,1.0,1.0
108.0,0.2,0.0,1.0,0.21036959187248205,0.31187598528638993,0.9742580418256094,73.0,0.059224851212077226,0.0947887937291334,0.0,4.4386689050605505e-05,7.366565405270544,0.8113687132290542,1.0,1.0
108.25,0.0,0.0,1.0,0.21036959187248205,0.31187598528638993,0.9742580418256094,73.0,0.059224851212077226,0.0947887937291334,0.0,4.416493751337464e-05,7.3665653997938625,0.8113687036279407,1.0,1.0
108.5,0.0,0.0,1.0,0.21036959187248205,0.31187598528638993,0.9742580418256094,73.0,0.059224851212077226,0.0947887937291334,0.0,4.4168254100452066e-05,7.366565400377388,0.8113686994122722,1.0,1.0
108.75,0.0,0.0,1.0,0.21036959187248205,0.31187598528638993,0.9742580418256094,73.0,0.059224851212077226,0.0947887937291334,0.0,3.921136895148276e-05,7.366565559988074,0.8113688430933724,1.0,1.0
109.0,0.0,0.0,1.0,0.21036959187248205,0.31187598528638993,0.9742580418256094,73.0,0.059224851212077226,0.0947887937291334,0.0,3.2744343578416514e-05,7.366565517530396,0.8113688034578618,1.0,1.0
109.25,0.0,0.0,1.0,0.21027751028626454,0.3119145583471943,0.9742467692918143,73.0,0.059224851212077226,0.0947887937291334,0.0,3.119176576500006e-05,7.36656548937116,0.8113687776711346,1.0,1.0
109.5,0.0,0.0,1.0,0.21027751028626454,0.3119145583471943,0.9742467692918143,73.0,0.059224851212077226,0.0947887937291334,0.0,3.086647201714269e-05,7.366565480181663,0.8113687693295705,1.0,1.0
109.75,0.0,0.0,1.0,0.21027751028626454,0.3119145583471943,0.9742467692918143,73.0,0.059224851212077226,0.0947887937291334,0.0,3.0846736643180166e-05,7.366565477980287,0.8113687673717022,1.0,1.0
110.0,-0.15614497661590576,-0.03312346339225769,1.0,0.21027751028626454,0.3119145583471943,0.9742467692918143,74.0,0.059224851212077226,0.0947887937291334,0.0,8.909861685496074e-05,7.366565535370903,0.8113688202149071,1.0,1.0
110.25,-0.4052830934524536,-0.03259935602545738,1.0,0.21027751028626454,0.3119145583471943,0.9742467692918143,74.0,0.059224851212077226,0.0947887937291334,0.0,0.0017467103171912442,7.366258218922702,0.8110865584020202,1.0,1.0
110.5,-0.6571069359779358,0.023786667734384537,1.0,0.21027751028626454,0.3119145583471943,0.9742467692918143,74.0,0.059224851212077226,0.0947887937291334,0.0,0.0102226246625334,7.365127979653241,0.8100547602427087,1.0,1.0
110.75,-0.8678157329559326,0.06399795413017273,1.0,0.21027751028626454,0.3119145583471943,0.9742467692918143,74.0,0.059224851212077226,0.0947887937291334,0.0,0.008621393386632717,7.364983165952884,0.8099224299941503,1.0,1.0
111.0,-1.044933557510376,0.11067590862512589,1.0,0.21027751028626454,0.3119145583471943,0.9742467692918143,75.0,0.059224851212077226,0.0947887937291334,0.0,0.0020964885908963927,7.366038546201543,0.8108449489913964,1.0,1.0
111.25,-1.2410646677017212,0.15603980422019958,1.0,0.21027751028626454,0.3119145583471943,0.9742467692918143,75.0,0.059224851212077226,0.0947887937291334,0.0,0.016704913232596395,7.368671833591803,0.8130703330610303,1.0,1.0
111.5,-1.4238040447235107,0.22263561189174652,1.0,0.21027751028626454,0.3119145583471943,0.9742467692918143,75.0,0.059224851212077226,0.0947887937291334,0.0,0.02818485904753792,7.370683798320653,0.8147108198909295,1.0,1.0
111.75,-1.526725172996521,0.32636648416519165,1.0,0.21027751028626454,0.3119145583471943,0.9742467692918143,75.0,0.059224851212077226,0.0947887937291334,0.0,0.06409263430140565,7.376624373551218,0.8193253689424965,1.0,1.0
112.0,-1.6063770055770874,0.40394100546836853,1.0,0.21027751028626454,0.3119145583471943,0.9742467692918143,76.0,0.059224851212077226,0.0947887937291334,0.0,0.12010815978389851,7.385459240266416,0.8256995104354745,1.0,1.0
112.25,-1.6174613237380981,0.4756816625595093,1.0,0.21027751028626454,0.3119145583471943,0.9742467692918143,76.0,0.059224851212077226,0.0947887937291334,0.0,0.1848816059267768,7.397357013931739,0.8335415582967106,1.0,1.0
112.5,-1.620477557182312,0.5028915405273438,1.0,0.21027751028626454,0.3119145583471943,0.9742467692918143,76.0,0.059224851212077226,0.0947887937291334,0.0,0.2191025421115507,7.404495455248322,0.8378927707551256,1.0,1.0
112.75,-1.5762646198272705,0.561870276927948,1.0,0.21027751028626454,0.3119145583471943,0.9742467692918143,76.0,0.059224851212077226,0.0947887937291334,0.0,0.29369304793318235,7.421267061385332,0.8472008136158001,1.0,1.0
113.0,-1.4871701002120972,0.6021904945373535,1.0,0.21027751028626454,0.3119145583471943,0.9742467692918143,77.0,0.059224851212077226,0.0947887937291334,0.0,0.3702838590054648,7.44117821057926,0.8567709552725126,1.0,1.0
113.25,-1.394174337387085,0.6094427108764648,1.0,0.21027751028626454,0.3119145583471943,0.9742467692918143,77.0,0.059224851212077226,0.0947887937291334,0.0,0.44640547608414666,7.463745936207465,0.8659370236609583,1.0,1.0
113.5,-1.297070026397705,0.6280502676963806,1.0,0.21027751028626454,0.3119145583471943,0.9742467692918143,77.0,0.059224851212077226,0.0947887937291334,0.0,0.4805764013015714,7.47558453693022,0.8701397858645079,1.0,1.0
113.75,-1.226630449295044,0.6657505035400391,1.0,0.21027751028626454,0.3119145583471943,0.9742467692918143,77.0,0.059224851212077226,0.0947887937291334,0.0,0.5341127915091308,7.499940688699231,0.8776336666027732,1.0,1.0
114.0,-1.165884256362915,0.663943886756897,1.0,0.21027751028626454,0.3119145583471943,0.9742467692918143,78.0,0.059224851212077226,0.0947887937291334,0.0,0.5584184438772882,7.512752012479073,0.8810143992504598,1.0,1.0
114.25,-1.0854920148849487,0.6676187515258789,1.0,0.21027751028626454,0.3119145583471943,0.9742467692918143,78.0,0.059224851212077226,0.0947887937291334,0.0,0.5994410482845194,7.538946475229792,0.8868839468761609,1.0,1.0
114.5,-1.0147433280944824,0.6777829527854919,1.0,0.21027751028626454,0.3119145583471943,0.9742467692918143,78.0,0.059224851212077226,0.0947887937291334,0.0,0.6253943794603428,7.565564011500045,0.8915471966188248,1.0,1.0
114.75,-0.9723573327064514,0.6957601308822632,1.0,0.21027751028626454,0.3119145583471943,0.9742467692918143,78.0,0.053563652199158075,0.08578893888808245,0.0,0.6417875333950045,7.592489555842247,0.8950716154454064,1.0,1.0
115.0,-0.9093364477157593,0.6921777725219727,1.0,0.21027751028626454,0.3119145583471943,0.9742467692918143,79.0,0.053563652199158075,0.08578893888808245,0.0,0.6559993619435316,7.6198952901782615,0.8975436592015114,1.0,1.0
115.25,-0.8290541172027588,0.696647047996521,1.0,0.21027751028626454,0.3119145583471943,0.9742467692918143,79.0,0.053563652199158075,0.08578893888808245,0.0,0.6621066065751912,7.633645796680609,0.8983880772729628,1.0,1.0
115.5,-0.7975592613220215,0.7100123763084412,1.0,0.21027751028626454,0.3119145583471943,0.9742467692918143,79.0,0.053563652199158075,0.08578893888808245,0.0,0.671168174557402,7.661502853125488,0.8993515442966407,1.0,1.0
115.75,-0.7554371356964111,0.7091837525367737,1.0,0.21027751028626454,0.3119145583471943,0.9742467692918143,79.0,0.053563652199158075,0.08578893888808245,0.0,0.6803620187421209,7.689808516027467,0.8993995278879651,1.0,1.0
116.0,-0.6815676689147949,0.7212298512458801,1.0,0.21027751028626454,0.3119145583471943,0.9742467692918143,80.0,0.053563652199158075,0.08578893888808245,0.0,0.6889010722163303,7.718399402731717,0.8985570843448468,1.0,1.0
116.25,-0.6853563785552979,0.7084187269210815,1.0,0.21027751028626454,0.3119145583471943,0.9742467692918143,80.0,0.053563652199158075,0.08578893888808245,0.0,0.6985072830247434,7.747266512208939,0.896875130085414,1.0,1.0
116.5,-0.6328080296516418,0.7108989953994751,1.0,0.21027751028626454,0.3119145583471943,0.9742467692918143,80.0,0.053563652199158075,0.08578893888808245,0.0,0.7011339744194076,7.761604467529426,0.8957462525548604,1.0,1.0
116.75,-0.5931761264801025,0.7120699286460876,1.0,0.21027751028626454,0.3119145583471943,0.9742467692918143,80.0,0.053563652199158075,0.08578893888808245,0.0,0.7046593831896935,7.789981334737478,0.8929398983692168,1.0,1.0
117.0,-0.5807347893714905,0.7188217043876648,1.0,0.21027751028626454,0.3119145583471943,0.9742467692918143,81.0,0.053563652199158075,0.08578893888808245,0.0,0.7085553048005935,7.818341572344068,0.8894020623352306,1.0,1.0
117.25,-0.5186322331428528,0.7232252359390259,1.0,0.19534645870621326,0.2960027273502088,0.9735478721965208,81.0,0.053563652199158075,0.08578893888808245,0.0,0.7122464059027249,7.846849469956243,0.8851521936666674,1.0,1.0
117.5,-0.49014633893966675,0.7202395796775818,1.0,0.19534645870621326,0.2960027273502088,0.9735478721965208,81.0,0.053563652199158075,0.08578893888808245,0.0,0.7142021796156264,7.861144125470634,0.8827700471164217,1.0,1.0
117.75,-0.47575899958610535,0.72246253490448,1.0,0.19534645870621326,0.2960027273502088,0.9735478721965208,81.0,0.053563652199158075,0.08578893888808245,0.0,0.7170167761546984,7.889693148722864,0.8775541562612699,1.0,1.0
118.0,-0.42387402057647705,0.7142757177352905,1.0,0.19534645870621326,0.2960027273502088,0.9735478721965208,81.0,0.053563652199158075,0.08578893888808245,0.0,0.7198161888221485,7.918256428708146,0.87176274935542,1.0,1.0
118.25,-0.39653298258781433,0.7119476199150085,1.0,0.19534645870621326,0.2960027273502088,0.9735478721965208,82.0,0.04674118159384526,0.07475685876034258,0.0,0.720547504837462,7.946334745598072,0.8655338102958935,1.0,1.0
118.5,-0.4026245176792145,0.7490072846412659,1.0,0.19534645870621326,0.2960027273502088,0.9735478721965208,82.0,0.04674118159384526,0.07475685876034258,0.0,0.7199471415459273,7.960216061756143,0.8622694691458597,1.0,1.0
118.75,-0.3755495548248291,0.737957239151001,1.0,0.19534645870621326,0.2960027273502088,0.9735478721965208,82.0,0.04674118159384526,0.07475685876034258,0.0,0.7237285870144656,7.988624558963466,0.855229146001254,1.0,1.0
119.0,-0.3498001992702484,0.7328612208366394,1.0,0.19534645870621326,0.2960027273502088,0.9735478721965208,82.0,0.04674118159384526,0.07475685876034258,0.0,0.7279752819350152,8.01733438802306,0.8476467381708128,1.0,1.0
119.25,-0.35041630268096924,0.7124922275543213,1.0,0.19534645870621326,0.2960027273502088,0.9735478721965208,83.0,0.04674118159384526,0.07475685876034258,0.0,0.729172969515176,8.04572076541487,0.8397018185177868,1.0,1.0
119.5,-0.3214554488658905,0.7028005123138428,1.0,0.19534645870621326,0.2960027273502088,0.9735478721965208,83.0,0.04674118159384526,0.07475685876034258,0.0,0.7280159662571817,8.059589311815106,0.8356622203141298,1.0,1.0
119.75,-0.29611048102378845,0.701205313205719,1.0,0.19534645870621326,0.2960027273502088,0.9735478721965208,83.0,0.04674118159384526,0.07475685876034258,0.0,0.7254077929546243,8.086801268192527,0.8274331064741763,1.0,1.0
120.0,-0.270622193813324,0.6973766684532166,1.0,0.19534645870621326,0.2960027273502088,0.9735478721965208,83.0,0.04674118159384526,0.07475685876034258,0.0,0.7246106061996008,8.10027312649285,0.823216197403782,1.0,1.0
120.25,-0.23145908117294312,0.7092850208282471,1.0,0.19534645870621326,0.2960027273502088,0.9735478721965208,84.0,0.04674118159384526,0.07475685876034258,0.0,0.7205199849257098,8.126893187439125,0.8146250285385139,1.0,1.0
120.5,-0.20531399548053741,0.7253336906433105,1.0,0.19534645870621326,0.2960027273502088,0.9735478721965208,84.0,0.04674118159384526,0.07475685876034258,0.0,0.7130423492461367,8.153283906463821,0.8057903634720657,1.0,1.0
120.75,-0.18476305902004242,0.7295161485671997,1.0,0.19534645870621326,0.2960027273502088,0.9735478721965208,84.0,0.04674118159384526,0.07475685876034258,0.0,0.7134553820512226,8.180518071087292,0.7963995820352427,1.0,1.0
121.0,-0.17050203680992126,0.722362220287323,1.0,0.19534645870621326,0.2960027273502088,0.9735478721965208,84.0,0.04674118159384526,0.07475685876034258,0.0,0.7127348412440941,8.207873897799928,0.7867325547034383,1.0,1.0
121.25,-0.21194246411323547,0.7288357019424438,1.0,0.19534645870621326,0.2960027273502088,0.9735478721965208,85.0,0.04674118159384526,0.07475685876034258,0.0,0.7145446788000033,8.23509934522816,0.7768970117158929,1.0,1.0
121.5,-0.221504345536232,0.7097881436347961,1.0,0.19534645870621326,0.2960027273502088,0.9735478721965208,85.0,0.04674118159384526,0.07475685876034258,0.0,0.7160342766929154,8.248727992886572,0.7718906245046134,1.0,1.0
121.75,-0.14239923655986786,0.7173047661781311,1.0,0.19534645870621326,0.2960027273502088,0.9735478721965208,85.0,0.04674118159384526,0.07475685876034258,0.0,0.7200887952913482,8.275694214809704,0.7617944487304269,1.0,1.0
122.0,-0.14709270000457764,0.720870852470398,1.0,0.19534645870621326,0.2960027273502088,0.9735478721965208,85.0,0.03948323414138482,0.061692553345913774,0.0,0.7207536067480479,8.289085055710068,0.7566854807207549,1.0,1.0
122.25,-0.10397887229919434,0.725239098072052,1.0,0.19534645870621326,0.2960027273502088,0.9735478721965208,86.0,0.03948323414138482,0.061692553345913774,0.0,0.720945022528262,8.302468181053447,0.7515270439815076,1.0,1.0
122.5,-0.14347247779369354,0.7288370728492737,1.0,0.19534645870621326,0.2960027273502088,0.9735478721965208,86.0,0.03948323414138482,0.061692553345913774,0.0,0.7230603416037712,8.329733200476214,0.7408815052865848,1.0,1.0
122.75,-0.14343783259391785,0.7308074831962585,1.0,0.19534645870621326,0.2960027273502088,0.9735478721965208,86.0,0.03948323414138482,0.061692553345913774,0.0,0.7213389946486584,8.356378491671496,0.730332682767158,1.0,1.0
123.0,-0.11622385680675507,0.7303928136825562,1.0,0.19534645870621326,0.2960027273502088,0.9735478721965208,86.0,0.03948323414138482,0.061692553345913774,0.0,0.7240343695091815,8.370333460420584,0.724744096593886,1.0,1.0
123.25,-0.13125823438167572,0.7295001149177551,1.0,0.19534645870621326,0.2960027273502088,0.9735478721965208,87.0,0.03948323414138482,0.061692553345913774,0.0,0.7235602785802763,8.396978297408001,0.7139494015259359,1.0,1.0
123.5,-0.055452488362789154,0.7456826567649841,1.0,0.19534645870621326,0.2960027273502088,0.9735478721965208,87.0,0.03948323414138482,0.061692553345913774,0.0,0.7257166802446076,8.423893099839766,0.7028808065373683,1.0,1.0
123.75,-0.02684587426483631,0.7262523770332336,1.0,0.19534645870621326,0.2960027273502088,0.9735478721965208,87.0,0.03948323414138482,0.061692553345913774,0.0,0.7335765697451321,8.451747138469399,0.6912983513558467,1.0,1.0
124.0,-0.03477531298995018,0.7473150491714478,1.0,0.19534645870621326,0.2960027273502088,0.9735478721965208,87.0,0.03948323414138482,0.061692553345913774,0.0,0.7312531310273866,8.465042648861191,0.6857475820893297,1.0,1.0
124.25,-0.03147886320948601,0.7295967936515808,1.0,0.19534645870621326,0.2960027273502088,0.9735478721965208,88.0,0.03948323414138482,0.061692553345913774,0.0,0.732528046816635,8.491992488924781,0.6744642894332624,1.0,1.0
124.5,-0.0019388094078749418,0.7306267023086548,1.0,0.19534645870621326,0.2960027273502088,0.9735478721965208,88.0,0.03948323414138482,0.061692553345913774,0.0,0.7330926162602635,8.519064948790742,0.6630900755657264,1.0,1.0
124.75,0.016567271202802658,0.7057954668998718,1.0,0.19534645870621326,0.2960027273502088,0.9735478721965208,88.0,0.03948323414138482,0.061692553345913774,0.0,0.7344743965589496,8.546000168467884,0.6517412992400511,1.0,1.0
125.0,0.024610940366983414,0.7008259296417236,1.0,0.19534645870621326,0.2960027273502088,0.9735478721965208,88.0,0.03948323414138482,0.061692553345913774,0.0,0.7295081930121011,8.572251403989153,0.6406876107483626,1.0,1.0
125.25,0.01741069182753563,0.6998217105865479,1.0,0.18106284962158606,0.2764889766370517,0.9725942158374591,89.0,0.03948323414138482,0.061692553345913774,0.0,0.723922539952703,8.585176456587266,0.6352516736276456,1.0,1.0
125.5,-0.03537450358271599,0.6995974779129028,1.0,0.18106284962158606,0.2764889766370517,0.9725942158374591,89.0,0.03948323414138482,0.061692553345913774,0.0,0.7214256656171811,8.61116698106069,0.6243432863463186,1.0,1.0
125.75,-0.010346796363592148,0.6932421922683716,1.0,0.18106284962158606,0.2764889766370517,0.9725942158374591,89.0,0.024531862389316303,0.03774132675279431,0.0,0.7151500355156165,8.63700815437561,0.6135056853273518,1.0,1.0
126.0,-0.022414682433009148,0.6629844903945923,1.0,0.18106284962158606,0.2764889766370517,0.9725942158374591,89.0,0.024531862389316303,0.03774132675279431,0.0,0.7086577493896918,8.66270824327265,0.602695382419485,1.0,1.0
126.25,-0.03298189491033554,0.6630120873451233,1.0,0.18106284962158606,0.2764889766370517,0.9725942158374591,90.0,0.024531862389316303,0.03774132675279431,0.0,0.7027594107561823,8.675077412881397,0.5974801510216144,1.0,1.0
126.5,-0.10446470975875854,0.6495358943939209,1.0,0.18106284962158606,0.2764889766370517,0.9725942158374591,90.0,0.024531862389316303,0.03774132675279431,0.0,0.6904784160849509,8.699391421710837,0.5872051401154214,1.0,1.0
126.75,-0.07675943523645401,0.640047013759613,1.0,0.18106284962158606,0.2764889766370517,0.9725942158374591,90.0,0.024531862389316303,0.03774132675279431,0.0,0.6845085721961283,8.723715797009328,0.576861765532231,1.0,1.0
127.0,-0.06732799857854843,0.6317951083183289,1.0,0.18106284962158606,0.2764889766370517,0.9725942158374591,90.0,0.024531862389316303,0.03774132675279431,0.0,0.6736468899815931,8.74730769879553,0.5667278159384065,1.0,1.0
127.25,-0.09741336107254028,0.6185768842697144,1.0,0.18106284962158606,0.2764889766370517,0.9725942158374591,91.0,0.024531862389316303,0.03774132675279431,0.0,0.6677968238614765,8.75894678536745,0.5616938847446431,1.0,1.0
127.5,0.03895631805062294,0.605434000492096,1.0,0.18106284962158606,0.2764889766370517,0.9725942158374591,91.0,0.024531862389316303,0.03774132675279431,0.0,0.6536836596776471,8.781734251918797,0.5517744962458461,1.0,1.0
127.75,0.06709641218185425,0.5627536177635193,1.0,0.18106284962158606,0.2764889766370517,0.9725942158374591,91.0,0.024531862389316303,0.03774132675279431,0.0,0.6416798824991904,8.803960046642864,0.5420426345491992,1.0,1.0
128.0,0.0744098424911499,0.5497761368751526,1.0,0.18106284962158606,0.2764889766370517,0.9725942158374591,91.0,0.024531862389316303,0.03774132675279431,0.0,0.6333431388142331,8.814584014116617,0.5374004068737581,1.0,1.0
128.25,0.05100172385573387,0.5128827691078186,1.0,0.18106284962158606,0.2764889766370517,0.9725942158374591,91.0,0.024531862389316303,0.03774132675279431,0.0,0.610750147041782,8.834957631775364,0.5285557351439144,1.0,1.0
128.5,0.05747414007782936,0.4901278614997864,1.0,0.18106284962158606,0.2764889766370517,0.9725942158374591,92.0,0.024531862389316303,0.03774132675279431,0.0,0.5884332312208248,8.85416589018025,0.5202897148313096,1.0,1.0
128.75,0.07997787743806839,0.47941696643829346,1.0,0.18106284962158606,0.2764889766370517,0.9725942158374591,92.0,0.024531862389316303,0.03774132675279431,0.0,0.57539637040049,8.863329538549882,0.51636638384131,1.0,1.0
129.0,0.0535808801651001,0.47734251618385315,1.0,0.18106284962158606,0.2764889766370517,0.9725942158374591,92.0,0.024531862389316303,0.03774132675279431,0.0,0.5495138280519044,8.880993862130223,0.508841599371202,1.0,1.0
129.25,0.0573267787694931,0.47700196504592896,1.0,0.18106284962158606,0.2764889766370517,0.9725942158374591,92.0,0.01829002758020032,0.02859631296269415,0.0,0.5256699178214368,8.898340600294798,0.5015080112558377,1.0,1.0
129.5,0.061956968158483505,0.47959643602371216,1.0,0.18106284962158606,0.2764889766370517,0.9725942158374591,93.0,0.01829002758020032,0.02859631296269415,0.0,0.5077090692524775,8.915693083291124,0.4942167514322609,1.0,1.0
129.75,0.05241687595844269,0.4747551381587982,1.0,0.18106284962158606,0.2764889766370517,0.9725942158374591,93.0,0.01829002758020032,0.02859631296269415,0.0,0.4946345331583319,8.933197367559226,0.48690519610217753,1.0,1.0
130.0,0.06599467992782593,0.4713837802410126,1.0,0.18106284962158606,0.2764889766370517,0.9725942158374591,93.0,0.01829002758020032,0.02859631296269415,0.0,0.4898276488237828,8.941917463088954,0.4832785551265847,1.0,1.0
130.25,0.047654975205659866,0.47173014283180237,1.0,0.18106284962158606,0.2764889766370517,0.9725942158374591,93.0,0.01829002758020032,0.02859631296269415,0.0,0.48228039582150434,8.959301085708862,0.4760781234803661,1.0,1.0
130.5,-0.005331037566065788,0.46747297048568726,1.0,0.18106284962158606,0.2764889766370517,0.9725942158374591,94.0,0.01829002758020032,0.02859631296269415,0.0,0.4773363221640841,8.976584791665928,0.46896576997760153,1.0,1.0
130.75,-0.03923812136054039,0.467805415391922,1.0,0.18106284962158606,0.2764889766370517,0.9725942158374591,94.0,0.01829002758020032,0.02859631296269415,0.0,0.4753538789964946,8.993914732517418,0.4618657926411246,1.0,1.0
131.0,-0.05139659345149994,0.46529901027679443,1.0,0.18106284962158606,0.2764889766370517,0.9725942158374591,94.0,0.01829002758020032,0.02859631296269415,0.0,0.4740651393061554,9.002579140084757,0.4583130725833501,1.0,1.0
131.25,-0.043433092534542084,0.461443692445755,1.0,0.18106284962158606,0.2764889766370517,0.9725942158374591,94.0,0.01829002758020032,0.02859631296269415,0.0,0.47181945211284393,9.019873821121191,0.4511946146408927,1.0,1.0
131.5,0.013001236133277416,0.45592039823532104,1.0,0.18106284962158606,0.2764889766370517,0.9725942158374591,95.0,0.01829002758020032,0.02859631296269415,0.0,0.46905509138629886,9.03701615059348,0.44409843995488185,1.0,1.0
131.75,0.0197927113622427,0.4647502601146698,1.0,0.18106284962158606,0.2764889766370517,0.9725942158374591,95.0,0.01829002758020032,0.02859631296269415,0.0,0.46673047735045037,9.053928875288957,0.43707137767488846,1.0,1.0
132.0,0.03049396350979805,0.46968787908554077,1.0,0.18106284962158606,0.2764889766370517,0.9725942158374591,95.0,0.01829002758020032,0.02859631296269415,0.0,0.4642860150387249,9.070937875308744,0.43001351012077477,1.0,1.0
132.25,0.020847879350185394,0.46785831451416016,1.0,0.18106284962158606,0.2764889766370517,0.9725942158374591,95.0,0.01829002758020032,0.02859631296269415,0.0,0.4654911476139979,9.079610172364566,0.42642438930623855,1.0,1.0
132.5,-0.027591777965426445,0.4656389653682709,1.0,0.18106284962158606,0.2764889766370517,0.9725942158374591,96.0,0.01829002758020032,0.02859631296269415,0.0,0.4640536080463597,9.096839326857307,0.41930959648071847,1.0,1.0
132.75,-0.03260733187198639,0.45636630058288574,1.0,0.18106284962158606,0.2764889766370517,0.9725942158374591,96.0,0.01829002758020032,0.02859631296269415,0.0,0.46424029433741915,9.114146950567946,0.41217154534808614,1.0,1.0
133.0,-0.03967174515128136,0.459958553314209,1.0,0.18106284962158606,0.2764889766370517,0.9725942158374591,96.0,0.014515894904920888,0.023080272898824212,0.0,0.4644033017462957,9.122741539820634,0.4086202240544788,1.0,1.0
133.25,-0.039854876697063446,0.47105881571769714,1.0,0.17631979492109268,0.2692461747977249,0.9718569921272624,96.0,0.014515894904920888,0.023080272898824212,0.0,0.46328258199769207,9.139715973664703,0.4015772852492446,1.0,1.0
133.5,-0.05009060353040695,0.46405336260795593,1.0,0.17631979492109268,0.2692461747977249,0.9718569921272624,97.0,0.014515894904920888,0.023080272898824212,0.0,0.464567743105777,9.148310716249389,0.39799563442127356,1.0,1.0
133.75,-0.03511107340455055,0.46584999561309814,1.0,0.17631979492109268,0.2692461747977249,0.9718569921272624,97.0,0.014515894904920888,0.023080272898824212,0.0,0.465676961185773,9.165537259784436,0.3907883739917867,1.0,1.0
134.0,-0.03676271811127663,0.4651784598827362,1.0,0.17631979492109268,0.2692461747977249,0.9718569921272624,97.0,0.014515894904920888,0.023080272898824212,0.0,0.4645343349341092,9.182680767815617,0.3835796919573879,1.0,1.0
134.25,-0.022301720455288887,0.4668771028518677,1.0,0.17631979492109268,0.2692461747977249,0.9718569921272624,97.0,0.014515894904920888,0.023080272898824212,0.0,0.4645551819987293,9.199812052211335,0.3763459059882475,1.0,1.0
134.5,-0.04183278605341911,0.46222323179244995,1.0,0.17631979492109268,0.2692461747977249,0.9718569921272624,98.0,0.014515894904920888,0.023080272898824212,0.0,0.46460728263356377,9.20840839861804,0.37270707370311495,1.0,1.0
134.75,-0.02843945100903511,0.46941688656806946,1.0,0.17631979492109268,0.2692461747977249,0.9718569921272624,98.0,0.014515894904920888,0.023080272898824212,0.0,0.46444395375063613,9.225460256119401,0.36546950786992244,1.0,1.0
135.0,-0.030252398923039436,0.4618237614631653,1.0,0.17631979492109268,0.2692461747977249,0.9718569921272624,98.0,0.014515894904920888,0.023080272898824212,0.0,0.46444187362001976,9.242496730090389,0.35821192811639035,1.0,1.0
135.25,-0.022006578743457794,0.46268677711486816,1.0,0.17631979492109268,0.2692461747977249,0.9718569921272624,98.0,0.014515894904920888,0.023080272898824212,0.0,0.4647089093027467,9.259496390563426,0.35094774664984135,1.0,1.0
135.5,-0.019259819760918617,0.44894033670425415,1.0,0.17631979492109268,0.2692461747977249,0.9718569921272624,99.0,0.014515894904920888,0.023080272898824212,0.0,0.46459049304056,9.27656410176624,0.3436334432808816,1.0,1.0
135.75,-0.016731230542063713,0.4404800534248352,1.0,0.17631979492109268,0.2692461747977249,0.9718569921272624,99.0,0.014515894904920888,0.023080272898824212,0.0,0.46306440050164976,9.284863647422549,0.3400699701064842,1.0,1.0
136.0,-0.014976542443037033,0.44493138790130615,1.0,0.17631979492109268,0.2692461747977249,0.9718569921272624,99.0,0.014515894904920888,0.023080272898824212,0.0,0.45765283870430096,9.301161455907692,0.33306224240997323,1.0,1.0
136.25,-0.012952379882335663,0.4445022642612457,1.0,0.17631979492109268,0.2692461747977249,0.9718569921272624,99.0,0.014515894904920888,0.023080272898824212,0.0,0.4567089521436967,9.309383146848326,0.3295229104664116,1.0,1.0
136.5,-0.014718817546963692,0.4358173906803131,1.0,0.17631979492109268,0.2692461747977249,0.9718569921272624,100.0,0.014515894904920888,0.023080272898824212,0.0,0.4567089521436967,9.309383146848326,0.3295229104664116,1.0,1.0
136.75,-0.0048872982151806355,0.4257011413574219,1.0,0.17631979492109268,0.2692461747977249,0.9718569921272624,100.0,0.014515894904920888,0.023080272898824212,0.0,0.4567089521436967,9.309383146848326,0.3295229104664116,1.0,1.0
137.0,-0.026103444397449493,0.4302072823047638,1.0,0.17631979492109268,0.2692461747977249,0.9718569921272624,100.0,0.014515894904920888,0.023080272898824212,0.0,0.4567089521436967,9.309383146848326,0.3295229104664116,1.0,1.0
137.25,-0.028044601902365685,0.43756547570228577,1.0,0.17631979492109268,0.2692461747977249,0.9718569921272624,100.0,0.014515894904920888,0.023080272898824212,0.0,0.4567089521436967,9.309383146848326,0.3295229104664116,1.0,1.0
137.5,-0.01648438163101673,0.43506714701652527,1.0,0.17631979492109268,0.2692461747977249,0.9718569921272624,101.0,0.014515894904920888,0.023080272898824212,0.0,0.4567089521436967,9.309383146848326,0.3295229104664116,1.0,1.0
137.75,-0.015336588956415653,0.436196506023407,1.0,0.17631979492109268,0.2692461747977249,0.9718569921272624,101.0,0.014515894904920888,0.023080272898824212,0.0,0.4567089521436967,9.309383146848326,0.3295229104664116,1.0,1.0
138.0,-0.009705617092549801,0.433433473110199,1.0,0.17631979492109268,0.2692461747977249,0.9718569921272624,101.0,0.014515894904920888,0.023080272898824212,0.0,0.4567089521436967,9.309383146848326,0.3295229104664116,1.0,1.0
138.25,-0.009871338494122028,0.4296969175338745,1.0,0.17631979492109268,0.2692461747977249,0.9718569921272624,101.0,0.014515894904920888,0.023080272898824212,0.0,0.4567089521436967,9.309383146848326,0.3295229104664116,1.0,1.0
138.5,-0.0048036230728030205,0.4342994689941406,1.0,0.17631979492109268,0.2692461747977249,0.9718569921272624,101.0,0.014515894904920888,0.023080272898824212,0.0,0.4567089521436967,9.309383146848326,0.3295229104664116,1.0,1.0
138.75,-0.005775014869868755,0.4404645562171936,1.0,0.17631979492109268,0.2692461747977249,0.9718569921272624,102.0,0.014515894904920888,0.023080272898824212,0.0,0.4567089521436967,9.309383146848326,0.3295229104664116,1.0,1.0
139.0,-0.008392730727791786,0.421170175075531,1.0,0.17631979492109268,0.2692461747977249,0.9718569921272624,102.0,0.014515894904920888,0.023080272898824212,0.0,0.4567089521436967,9.309383146848326,0.3295229104664116,1.0,1.0
139.25,0.0024958038702607155,0.4255261719226837,1.0,0.17631979492109268,0.2692461747977249,0.9718569921272624,102.0,0.014515894904920888,0.023080272898824212,0.0,0.4567089521436967,9.309383146848326,0.3295229104664116,1.0,1.0
139.5,-0.009023120626807213,0.43354207277297974,1.0,0.17631979492109268,0.2692461747977249,0.9718569921272624,102.0,0.014515894904920888,0.023080272898824212,0.0,0.4567089521436967,9.309383146848326,0.3295229104664116,1.0,1.0
139.75,-0.024907292798161507,0.43780234456062317,1.0,0.17631979492109268,0.2692461747977249,0.9718569921272624,103.0,0.014515894904920888,0.023080272898824212,0.0,0.4567089521436967,9.309383146848326,0.3295229104664116,1.0,1.0
140.0,-0.040237221866846085,0.4329894781112671,1.0,0.17631979492109268,0.2692461747977249,0.9718569921272624,103.0,0.014515894904920888,0.023080272898824212,0.0,0.4567089521436967,9.309383146848326,0.3295229104664116,1.0,1.0
140.25,-0.003695531515404582,0.43253740668296814,1.0,0.17631979492109268,0.2692461747977249,0.9718569921272624,103.0,0.014515894904920888,0.023080272898824212,0.0,0.4567089521436967,9.309383146848326,0.3295229104664116,1.0,1.0
140.5,-0.004129929933696985,0.4285356402397156,1.0,0.17631979492109268,0.2692461747977249,0.9718569921272624,103.0,0.014515894904920888,0.023080272898824212,0.0,0.4567089521436967,9.309383146848326,0.3295229104664116,1.0,1.0
140.75,-0.002023127628490329,0.4283294975757599,1.0,0.17631979492109268,0.2692461747977249,0.9718569921272624,104.0,0.014515894904920888,0.023080272898824212,0.0,0.4567089521436967,9.309383146848326,0.3295229104664116,1.0,1.0
141.0,-0.007096671499311924,0.43122637271881104,1.0,0.17631979492109268,0.2692461747977249,0.9718569921272624,104.0,0.014515894904920888,0.023080272898824212,0.0,0.4567089521436967,9.309383146848326,0.3295229104664116,1.0,1.0
141.25,-0.02415424771606922,0.4322507381439209,1.0,0.17631979492109268,0.2692461747977249,0.9718569921272624,104.0,0.014515894904920888,0.023080272898824212,0.0,0.4567089521436967,9.309383146848326,0.3295229104664116,1.0,1.0
141.5,-0.024377714842557907,0.4288184642791748,1.0,0.17631979492109268,0.2692461747977249,0.9718569921272624,104.0,0.014515894904920888,0.023080272898824212,0.0,0.4567089521436967,9.309383146848326,0.3295229104664116,1.0,1.0
