t_s,cmd_angular_z,cmd_linear_x,fault_active,global_costmap_lethal_ratio,global_costmap_occupied_ratio,global_costmap_unknown_ratio,global_plan_update_count,local_costmap_lethal_ratio,local_costmap_occupied_ratio,local_costmap_unknown_ratio,odom_speed,odom_x,odom_y,scan_range_max_ratio,scan_span_ratio
0.0,nan,nan,nan,nan,nan,nan,nan,nan,nan,nan,nan,nan,nan,1.0,1.0
0.25,nan,nan,0.0,nan,nan,nan,nan,nan,nan,nan,nan,nan,nan,1.0,1.0
0.5,nan,nan,0.0,nan,nan,nan,nan,nan,nan,nan,nan,nan,nan,1.0,1.0
0.75,nan,nan,0.0,nan,nan,nan,nan,nan,nan,nan,nan,nan,nan,1.0,1.0
1.0,nan,nan,0.0,nan,nan,nan,nan,nan,nan,nan,nan,nan,nan,1.0,1.0
1.25,nan,nan,0.0,nan,nan,nan,nan,nan,nan,nan,nan,nan,nan,1.0,1.0
1.5,nan,nan,0.0,nan,nan,nan,nan,nan,nan,nan,1.9647691554424867e-09,1.9647691554424865e-11,0.0,1.0,1.0
1.75,nan,nan,0.0,nan,nan,nan,nan,nan,nan,nan,2.8053057622780627e-06,3.1476147098455874e-05,-7.638867048763567e-36,1.0,1.0
2.0,nan,nan,0.0,nan,nan,nan,nan,nan,nan,nan,0.0007792953514003382,2.379218527878804e-05,-1.3909459850691902e-35,1.0,1.0
2.25,nan,nan,0.0,nan,nan,nan,nan,nan,nan,nan,0.0015608814627426806,-4.6397928676545735e-05,-1.6241661348345967e-35,1.0,1.0
2.5,nan,nan,0.0,nan,nan,nan,nan,nan,nan,nan,0.0031276434876068323,-0.00018706268246068634,-5.0872024605645565e-36,1.0,1.0
2.75,nan,nan,0.0,nan,nan,nan,nan,nan,nan,nan,0.0004897815703819898,8.29144576858065e-06,2.2505002832978494e-36,1.0,1.0
3.0,nan,nan,0.0,nan,nan,nan,nan,nan,nan,nan,0.0002449434221514154,-1.6413451301150346e-06,-3.442380898405175e-31,1.0,1.0
3.25,nan,nan,0.0,nan,nan,nan,nan,nan,nan,nan,0.0002478269576912384,-3.5903538438444977e-06,-8.502786888698721e-32,1.0,1.0
3.5,nan,nan,0.0,nan,nan,nan,nan,nan,nan,nan,0.0005193566017722503,-4.080447545876947e-06,2.0779904853145098e-31,1.0,1.0
3.75,nan,nan,0.0,nan,nan,nan,nan,nan,nan,nan,0.0002590175329355625,-4.327617363255707e-06,2.055296417640993e-31,1.0,1.0
4.0,nan,nan,0.0,nan,nan,nan,nan,nan,nan,nan,0.00025876547797835654,-4.332245055566826e-06,3.573397081286343e-32,1.0,1.0
4.25,nan,nan,0.0,nan,nan,nan,nan,nan,nan,nan,0.00025835544126410917,-4.329568335696608e-06,-7.135086944802787e-32,1.0,1.0
4.5,nan,nan,0.0,nan,nan,nan,nan,nan,nan,nan,0.0005208388746437049,-4.162139507968346e-06,4.43594996560265e-32,1.0,1.0
4.75,nan,nan,0.0,nan,nan,nan,nan,nan,nan,nan,0.0007497620844816178,-7.4760756756079954e-06,6.819335974026948e-27,1.0,1.0
5.0,nan,nan,0.0,nan,nan,nan,nan,nan,nan,nan,0.0002317806802452045,-4.665276530222388e-06,1.086960020316863e-26,1.0,1.0
5.25,nan,nan,0.0,nan,nan,nan,nan,nan,nan,nan,0.0005173720164080847,-4.098446693650909e-06,6.053821450208568e-28,1.0,1.0
5.5,nan,nan,0.0,nan,nan,nan,nan,nan,nan,nan,0.00025843522780822763,-4.320321726967316e-06,3.3929538969095135e-29,1.0,1.0
5.75,nan,nan,0.0,nan,nan,nan,nan,nan,nan,nan,0.0002589582522609941,-4.330602704213243e-06,5.0965923525438605e-30,1.0,1.0
6.0,nan,nan,0.0,nan,nan,nan,nan,nan,nan,nan,0.00052048881999382,-4.161818568658189e-06,1.9996422436633702e-30,1.0,1.0
6.25,nan,nan,0.0,nan,nan,nan,nan,nan,nan,nan,6.161735875505217e-05,-5.307970656696631e-07,2.5336573830123363e-31,0.2,0.07777777777777778
6.5,nan,nan,0.0,nan,nan,nan,nan,nan,nan,nan,4.457482662588291e-05,-1.7411877000596843e-06,1.802202777245717e-31,0.2,0.07777777777777778
6.75,nan,nan,0.0,nan,nan,nan,nan,nan,nan,nan,0.00041021983097832583,2.301010484840223e-06,6.657021184848403e-33,0.2,0.07777777777777778
7.0,nan,nan,0.0,nan,nan,nan,nan,nan,nan,nan,0.00017436114961121124,3.2990937514199125e-06,5.331663111946564e-32,0.2,0.07777777777777778
7.25,nan,nan,0.0,nan,nan,nan,nan,nan,nan,nan,0.0004351401884267511,3.238518700172381e-06,2.507237251440691e-31,0.2,0.07777777777777778
7.5,nan,nan,0.0,nan,nan,nan,nan,nan,nan,nan,0.00017558795543962962,3.412255126387309e-06,1.7937737651697624e-31,0.2,0.07777777777777778
7.75,nan,nan,0.0,nan,nan,nan,nan,nan,nan,nan,0.00017514567025623314,3.4081192084745174e-06,2.2495803965181e-31,0.2,0.07777777777777778
8.0,nan,nan,0.0,nan,nan,nan,nan,nan,nan,nan,0.00017514567025623314,3.4081192084745174e-06,2.2495803965181e-31,0.2,0.07777777777777778
8.25,nan,nan,0.0,nan,nan,nan,nan,nan,nan,nan,0.00043397851207568937,3.2369475472659502e-06,2.907106087621518e-31,0.2,0.07777777777777778
8.5,nan,nan,0.0,nan,nan,nan,nan,nan,nan,nan,0.00043397851207568937,3.2369475472659502e-06,2.907106087621518e-31,0.2,0.07777777777777778
8.75,nan,nan,0.0,nan,nan,nan,nan,nan,nan,nan,0.0004336414856311177,3.2328559131042728e-06,-1.9950282677542534e-32,0.2,0.07777777777777778
9.0,nan,nan,0.0,nan,nan,nan,nan,nan,nan,nan,0.0004333636583699444,3.2294067398777484e-06,1.1860648279148064e-31,0.2,0.07777777777777778
9.25,nan,nan,0.0,nan,nan,nan,nan,nan,nan,nan,0.00043313449771330016,3.226554535566136e-06,1.2471700142250593e-31,0.2,0.07777777777777778
9.5,nan,nan,0.0,nan,nan,nan,nan,nan,nan,nan,0.00043313449771330016,3.226554535566136e-06,1.2471700142250593e-31,0.2,0.07777777777777778
9.75,nan,nan,0.0,nan,nan,nan,nan,nan,nan,nan,0.00017397970378814635,3.394292979036819e-06,1.3300297668237475e-31,0.2,0.07777777777777778
10.0,nan,nan,0.0,nan,nan,nan,nan,nan,nan,nan,0.0004329443614987187,3.2241959902887104e-06,2.725841422634981e-32,0.2,0.07777777777777778
10.25,nan,nan,0.0,nan,nan,nan,nan,nan,nan,nan,0.00017380215417209789,3.3921478900691755e-06,2.0409093781673167e-31,0.2,0.07777777777777778
10.5,nan,nan,0.0,nan,nan,nan,nan,nan,nan,nan,0.00043278541927426286,3.2222347957833386e-06,6.750407232508193e-32,0.2,0.07777777777777778
10.75,nan,nan,0.0,nan,nan,nan,nan,0.0,0.0,0.0,0.00043265148327405824,3.2205911868531038e-06,-1.1351259217910247e-33,0.2,0.07777777777777778
11.0,nan,nan,0.0,nan,nan,nan,nan,0.0,0.0,0.0,0.0004325380107018465,3.219204470295436e-06,1.559789870931651e-31,0.2,0.07777777777777778
11.25,nan,nan,0.0,nan,nan,nan,nan,0.0,0.0,0.0,0.00017332958546532358,3.3864921496530974e-06,-1.2820928368993062e-30,0.2,0.07777777777777778
11.5,nan,nan,0.0,nan,nan,nan,nan,0.0,0.0,0.0,0.0001732516394167417,3.385566052547828e-06,2.8027913112344176e-31,0.2,0.07777777777777778
11.75,nan,nan,0.0,nan,nan,nan,nan,0.0,0.0,0.0,0.00043222530930173185,3.2154199748738394e-06,2.062346396100154e-31,0.2,0.07777777777777778
12.0,nan,nan,0.0,0.15902527075812276,0.20703971119133574,0.9875100325550776,nan,0.0,0.0,0.0,0.00043217136546335946,3.2147732076237513e-06,1.5446914939348616e-31,0.2,0.07777777777777778
12.25,nan,nan,0.0,0.15902527075812276,0.20703971119133574,0.9875100325550776,nan,0.0,0.0,0.0,0.00017307387445797832,3.3834715722562907e-06,1.3060773215822263e-31,0.2,0.07777777777777778
12.5,nan,nan,0.0,0.15902527075812276,0.20703971119133574,0.9875100325550776,nan,0.0,0.0,0.0,0.00017302921350853648,3.382946965391766e-06,2.8512751210666477e-31,0.2,0.07777777777777778
12.75,nan,nan,0.0,0.15902527075812276,0.20703971119133574,0.9875100325550776,nan,0.0,0.0,0.0,0.0004320474458947502,3.213291211187002e-06,-1.0971746368553032e-31,0.2,0.07777777777777778
13.0,nan,nan,0.0,0.15902527075812276,0.20703971119133574,0.9875100325550776,nan,0.0,0.0,0.0,0.0004463386637002233,3.28285551009893e-06,3.2270123348805024e-31,0.2,0.07777777777777778
13.25,nan,nan,0.0,0.15902527075812276,0.20703971119133574,0.9875100325550776,nan,0.0,0.0,0.0,0.0004351096008419925,3.27196631731727e-06,4.106256155668025e-31,0.2,0.07777777777777778
13.5,nan,nan,0.0,0.15902527075812276,0.20703971119133574,0.9875100325550776,nan,0.11191754971694005,0.17549716940049354,0.0,0.00017325051792842187,3.3935445748478502e-06,-3.1000061408010455e-32,0.2,0.07777777777777778
13.75,nan,nan,0.0,0.15902527075812276,0.20703971119133574,0.9875100325550776,nan,0.11191754971694005,0.17549716940049354,0.0,0.00017294838454575312,3.3844404360626507e-06,3.1659259529226757e-31,0.2,0.07777777777777778
14.0,nan,nan,0.0,0.15902527075812276,0.20703971119133574,0.9875100325550776,nan,0.11191754971694005,0.17549716940049354,0.0,0.0001728603306293665,3.381645567558313e-06,1.572755060958574e-31,0.2,0.07777777777777778
14.25,nan,nan,0.0,0.15902527075812276,0.20703971119133574,0.9875100325550776,nan,0.11191754971694005,0.17549716940049354,0.0,0.0004318936237203747,3.2115563851851482e-06,1.3674162010042343e-31,0.2,0.07777777777777778
14.5,nan,nan,0.0,0.15902527075812276,0.20703971119133574,0.9875100325550776,nan,0.11191754971694005,0.17549716940049354,0.0,0.0004318780666045413,3.211305473322228e-06,1.6210672165459775e-31,0.2,0.07777777777777778
14.75,nan,nan,0.0,0.15902527075812276,0.20703971119133574,0.9875100325550776,nan,0.11191754971694005,0.17549716940049354,0.0,0.00043186558182870514,3.2111412679995962e-06,1.730497702581071e-32,0.2,0.07777777777777778
15.0,nan,nan,0.0,0.15902527075812276,0.20703971119133574,0.9875100325550776,nan,0.11191754971694005,0.17549716940049354,0.0,0.00043185481726949385,3.2110098324967784e-06,3.0538170632840526e-31,0.2,0.07777777777777778
15.25,nan,nan,0.0,0.15902527075812276,0.20703971119133574,0.9875100325550776,nan,0.11191754971694005,0.17549716940049354,0.0,0.00017276312995417019,3.3798392639597684e-06,-1.3340316046081525e-31,0.2,0.07777777777777778
15.5,nan,nan,0.0,0.15902527075812276,0.20703971119133574,0.9875100325550776,nan,0.11191754971694005,0.17549716940049354,0.0,0.00017275513339418363,3.37974611471601e-06,5.200442176494213e-32,0.2,0.07777777777777778
15.75,nan,nan,0.0,0.15902527075812276,0.20703971119133574,0.9875100325550776,nan,0.11191754971694005,0.17549716940049354,0.0,0.0004318228595185075,3.2106314599344363e-06,1.3821190264812973e-31,0.2,0.07777777777777778
16.0,nan,nan,0.0,0.15902527075812276,0.20703971119133574,0.9875100325550776,nan,0.11191754971694005,0.17549716940049354,0.0,0.00043181692344581674,3.210561506808284e-06,-1.25493764218328e-31,0.2,0.07777777777777778
16.25,nan,nan,0.0,0.15902527075812276,0.20703971119133574,0.9875100325550776,nan,0.11191754971694005,0.17549716940049354,0.0,0.00043181153086783395,3.2104986108687427e-06,4.759081031496642e-32,0.2,0.07777777777777778
16.5,nan,nan,0.0,0.15902527075812276,0.20703971119133574,0.9875100325550776,nan,0.11191754971694005,0.17549716940049354,0.0,0.00017272615056908595,3.3794101413013447e-06,-1.8364824585531392e-31,0.2,0.07777777777777778
16.75,nan,nan,0.0,0.15902527075812276,0.20703971119133574,0.9875100325550776,nan,0.11191754971694005,0.17549716940049354,0.0,0.00017272210297407194,3.37936293473125e-06,-5.082672939911491e-32,0.2,0.07777777777777778
17.0,nan,nan,0.0,0.15902527075812276,0.20703971119133574,0.9875100325550776,nan,0.11191754971694005,0.17549716940049354,0.0,0.0004317955448037564,3.2103091887676667e-06,1.3768211776391307e-31,0.2,0.07777777777777778
17.25,nan,nan,0.0,0.15902527075812276,0.20703971119133574,0.9875100325550776,nan,0.11191754971694005,0.17549716940049354,0.0,0.00044611350151021334,3.280213311812998e-06,8.035237372989488e-32,0.2,0.07777777777777778
17.5,nan,nan,0.0,0.15902527075812276,0.20703971119133574,0.9875100325550776,nan,0.11191754971694005,0.17549716940049354,0.0,0.0004349110923060794,3.269627867515156e-06,1.6884258322184182e-31,0.2,0.07777777777777778
17.75,nan,nan,0.0,0.15902527075812276,0.20703971119133574,0.9875100325550776,nan,0.11191754971694005,0.17549716940049354,0.0,0.00017308181048414562,3.391583830807888e-06,-1.6899315158232953e-32,0.2,0.07777777777777778
18.0,nan,nan,0.0,0.15902527075812276,0.20703971119133574,0.9875100325550776,nan,0.11191754971694005,0.17549716940049354,0.0,0.00017279829722291774,3.3826965872432766e-06,2.705707260763192e-32,0.2,0.07777777777777778
18.25,nan,nan,0.0,0.15902527075812276,0.20703971119133574,0.9875100325550776,nan,0.11191754971694005,0.17549716940049354,0.0,0.00017272657778849275,3.3800926688094926e-06,-5.296046966043669e-34,0.2,0.07777777777777778
18.5,nan,nan,0.0,0.15902527075812276,0.20703971119133574,0.9875100325550776,nan,0.11191754971694005,0.17549716940049354,0.0,0.00017270752225415577,3.3793731043321945e-06,1.1099290293708723e-31,0.2,0.07777777777777778
18.75,nan,nan,0.0,0.15902527075812276,0.20703971119133574,0.9875100325550776,nan,0.11191754971694005,0.17549716940049354,0.0,0.0004317826219769109,3.210248752167773e-06,1.3484324247492634e-31,0.2,0.07777777777777778
19.0,nan,nan,0.0,0.15902527075812276,0.20703971119133574,0.9875100325550776,nan,0.11191754971694005,0.17549716940049354,0.0,0.0004317790536463353,3.210139535693169e-06,1.4950799175395534e-31,0.2,0.07777777777777778
19.25,nan,nan,0.0,0.15902527075812276,0.20703971119133574,0.9875100325550776,nan,0.11191754971694005,0.17549716940049354,0.0,0.00043177724042482707,3.2101011702095693e-06,7.686026715814323e-32,0.2,0.07777777777777778
19.5,nan,nan,0.0,0.15902527075812276,0.20703971119133574,0.9875100325550776,nan,0.11191754971694005,0.17549716940049354,0.0,0.00043177599282899596,3.2100820202638524e-06,1.5440368836965593e-32,0.2,0.07777777777777778
19.75,nan,nan,0.0,0.15902527075812276,0.20703971119133574,0.9875100325550776,nan,0.11191754971694005,0.17549716940049354,0.0,0.00043177501259501104,3.2100690059662457e-06,9.831976761777852e-32,0.2,0.07777777777777778
20.0,nan,nan,0.0,0.15902527075812276,0.20703971119133574,0.9875100325550776,nan,0.11191754971694005,0.17549716940049354,0.0,0.00043177408516536896,3.2100584392627595e-06,1.27393672799742e-32,0.2,0.07777777777777778
20.25,nan,nan,0.0,0.15902527075812276,0.20703971119133574,0.9875100325550776,nan,0.11191754971694005,0.17549716940049354,0.0,0.00017269403842414091,3.3790382818843613e-06,8.64537533086228e-32,0.2,0.07777777777777778
20.5,nan,nan,0.0,0.15902527075812276,0.20703971119133574,0.9875100325550776,nan,0.11191754971694005,0.17549716940049354,0.0,0.00017269330669838527,3.3790297360036846e-06,2.043797430007444e-32,0.2,0.07777777777777778
20.75,-0.0072560179978609085,0.13895709812641144,0.0,0.15902527075812276,0.20703971119133574,0.9875100325550776,1.0,0.11191754971694005,0.17549716940049354,0.0,0.00043177178144949367,3.2100316907474085e-06,-4.785097801282756e-32,0.2,0.07777777777777778
21.0,-0.056442707777023315,0.335438996553421,0.0,0.15902527075812276,0.20703971119133574,0.9875100325550776,1.0,0.11191754971694005,0.17549716940049354,0.0,0.002433594779549,0.0005071083634705485,-7.598458771815371e-08,0.18888888888888888,0.07777777777777778
21.25,-0.07133988291025162,0.43036261200904846,0.0,0.15902527075812276,0.20703971119133574,0.9875100325550776,1.0,0.11191754971694005,0.17549716940049354,0.0,0.022653414547072707,0.003750982445232436,-4.2036858385605865e-06,0.18888888888888888,0.08333333333333333
21.5,-0.06506049633026123,0.5077117085456848,0.0,0.15902527075812276,0.20703971119133574,0.9875100325550776,1.0,0.11191754971694005,0.17549716940049354,0.0,0.05811193480925034,0.010314382962061084,-2.8513193035147582e-05,0.2,0.07777777777777778
21.75,-0.06218690052628517,0.5878440737724304,0.0,0.15902527075812276,0.20703971119133574,0.9875100325550776,2.0,0.11191754971694005,0.17549716940049354,0.0,0.10581740239430269,0.02023485233750958,-9.003024180571365e-05,0.2,0.07777777777777778
22.0,-0.04498271271586418,0.6275928616523743,0.0,0.15902527075812276,0.20703971119133574,0.9875100325550776,2.0,0.11191754971694005,0.17549716940049354,0.0,0.16704644634980229,0.033517794469431976,-0.00020759426391885256,0.20555555555555555,0.07777777777777778
22.25,-0.05297001451253891,0.6655651926994324,0.0,0.15902527075812276,0.20703971119133574,0.9875100325550776,2.0,0.11191754971694005,0.17549716940049354,0.0,0.2412120536889008,0.05016865339785465,-0.0003933217307578331,0.18333333333333332,0.07222222222222222
22.5,-0.023826317861676216,0.7006035447120667,0.0,0.15902527075812276,0.20703971119133574,0.9875100325550776,2.0,0.12135288140513863,0.18391638844534766,0.0,0.31919431560380984,0.07011485045434979,-0.0006596714766850383,0.17777777777777778,0.07222222222222222
22.75,-0.01916002295911312,0.7170700430870056,0.0,0.15902527075812276,0.20703971119133574,0.9875100325550776,3.0,0.12135288140513863,0.18391638844534766,0.0,0.3980118167961829,0.09329106221617656,-0.0010122694107466015,0.19444444444444445,0.07777777777777778
23.0,0.0013243546709418297,0.7244879007339478,0.0,0.15902527075812276,0.20703971119133574,0.9875100325550776,3.0,0.12135288140513863,0.18391638844534766,0.0,0.47689619594076305,0.11967400909722974,-0.0014427421823826013,0.19444444444444445,0.07777777777777778
23.25,0.0016066706739366055,0.7331897020339966,0.0,0.15902527075812276,0.20703971119133574,0.9875100325550776,3.0,0.12135288140513863,0.18391638844534766,0.0,0.5539642171754919,0.14882870799688486,-0.001940374435802465,0.2,0.08333333333333333
23.5,0.003216178622096777,0.7337401509284973,0.0,0.15902527075812276,0.20703971119133574,0.9875100325550776,3.0,0.12135288140513863,0.18391638844534766,0.0,0.6160328220545811,0.1788389831510141,-0.002459505596951568,0.2,0.08333333333333333
23.75,0.00010395050048828125,0.759067177772522,0.0,0.15902527075812276,0.20703971119133574,0.9875100325550776,4.0,0.12135288140513863,0.18391638844534766,0.0,0.6410932678320562,0.1938625577932918,-0.0027207674656075215,0.2,0.08333333333333333
24.0,0.030231468379497528,0.7352598309516907,0.0,0.15902527075812276,0.20703971119133574,0.9875100325550776,4.0,0.12135288140513863,0.18391638844534766,0.0,0.6846909544913353,0.22429673950832893,-0.0032468243685325675,0.19444444444444445,0.08333333333333333
24.25,0.027688471600413322,0.7453127503395081,0.0,0.15902527075812276,0.20703971119133574,0.9875100325550776,4.0,0.12135288140513863,0.18391638844534766,0.0,0.7144198071072215,0.2544578726498857,-0.0037560101454230253,0.19444444444444445,0.08888888888888889
24.5,0.021753642708063126,0.7385873794555664,0.0,0.15902527075812276,0.20703971119133574,0.9875100325550776,4.0,0.12135288140513863,0.18391638844534766,0.0,0.7279131045969642,0.2843216281159937,-0.004231852111099472,0.19444444444444445,0.08888888888888889
24.75,0.03032311610877514,0.7144837379455566,0.0,0.15902527075812276,0.20703971119133574,0.9875100325550776,5.0,0.12135288140513863,0.18391638844534766,0.0,0.7310301192550079,0.2992036279704371,-0.004457817962144187,0.2,0.08888888888888889
25.0,0.012769991531968117,0.7109463214874268,0.0,0.1501781774987273,0.19786187001527236,0.9867141916691466,5.0,0.12135288140513863,0.18391638844534766,0.0,0.7310300431723604,0.32832161602119486,-0.004875653723581107,0.20555555555555555,0.08888888888888889
25.25,0.030550556257367134,0.7207142114639282,0.0,0.1501781774987273,0.19786187001527236,0.9867141916691466,5.0,0.12135288140513863,0.18391638844534766,0.0,0.7283261211299232,0.34257255891086874,-0.005069223412592563,0.21666666666666667,0.09444444444444444
25.5,0.052089717239141464,0.718858003616333,0.0,0.1501781774987273,0.19786187001527236,0.9867141916691466,5.0,0.12135288140513863,0.18391638844534766,0.0,0.7232858463612418,0.3711529784568446,-0.0054374505061362075,0.2111111111111111,0.09444444444444444
25.75,0.05353132635354996,0.7298426628112793,0.0,0.1501781774987273,0.19786187001527236,0.9867141916691466,6.0,0.12135288140513863,0.18391638844534766,0.0,0.7210643071023584,0.3999055232762494,-0.005772711918387447,0.21666666666666667,0.09444444444444444
26.0,0.03733415901660919,0.7210372090339661,0.0,0.1501781774987273,0.19786187001527236,0.9867141916691466,6.0,0.13775584264769922,0.20467411815938452,0.0,0.72131786347286,0.42903027509085884,-0.006056522655757463,0.21666666666666667,0.09444444444444444
26.25,0.040309272706508636,0.7279090881347656,0.0,0.1501781774987273,0.19786187001527236,0.9867141916691466,6.0,0.13775584264769922,0.20467411815938452,0.0,0.7204881526407944,0.4435118231431632,-0.006175110608097032,0.2,0.09444444444444444
26.5,0.01643582247197628,0.7315548658370972,0.0,0.1501781774987273,0.19786187001527236,0.9867141916691466,6.0,0.13775584264769922,0.20467411815938452,0.0,0.7196324338374239,0.4724198366561042,-0.0063791025001500475,0.20555555555555555,0.09444444444444444
26.75,0.022124918177723885,0.7403039932250977,0.0,0.1501781774987273,0.19786187001527236,0.9867141916691466,7.0,0.13775584264769922,0.20467411815938452,0.0,0.7247722890557682,0.5018151405155605,-0.006550478616747157,0.21666666666666667,0.1
27.0,0.00900249183177948,0.7316190600395203,0.0,0.1501781774987273,0.19786187001527236,0.9867141916691466,7.0,0.13775584264769922,0.20467411815938452,0.0,0.7282358459737317,0.5313307396497464,-0.00669764065792092,0.2111111111111111,0.1
27.25,0.019882891327142715,0.7227991819381714,0.0,0.1501781774987273,0.19786187001527236,0.9867141916691466,7.0,0.13775584264769922,0.20467411815938452,0.0,0.7294375313314652,0.5460170778230645,-0.006762709571322563,0.20555555555555555,0.1
27.5,0.017753975465893745,0.7301713228225708,0.0,0.1501781774987273,0.19786187001527236,0.9867141916691466,7.0,0.13775584264769922,0.20467411815938452,0.0,0.7299100423109535,0.5751457431800976,-0.006875412258139107,0.2,0.1
27.75,0.01558967586606741,0.7138662338256836,0.0,0.1501781774987273,0.19786187001527236,0.9867141916691466,7.0,0.13775584264769922,0.20467411815938452,0.0,0.7299260076794519,0.6185175905708133,-0.006999903301793988,0.2,0.10555555555555556
28.0,-0.24960239231586456,0.7218729853630066,0.0,0.1501781774987273,0.19786187001527236,0.9867141916691466,8.0,0.13775584264769922,0.20467411815938452,0.0,0.7258424356982778,0.6469739776247195,-0.007066358692042753,0.2111111111111111,0.10555555555555556
28.25,-0.23881646990776062,0.7101255655288696,0.0,0.1501781774987273,0.19786187001527236,0.9867141916691466,8.0,0.13775584264769922,0.20467411815938452,0.0,0.7238622236983984,0.6612959863624236,-0.0071019011617613195,0.20555555555555555,0.10555555555555556
28.5,-0.27191081643104553,0.7270984649658203,0.0,0.1501781774987273,0.19786187001527236,0.9867141916691466,8.0,0.13775584264769922,0.20467411815938452,0.0,0.718400219977934,0.7041135080124494,-0.007434074554868559,0.2111111111111111,0.10555555555555556
28.75,-0.20061442255973816,0.7266157269477844,0.0,0.1501781774987273,0.19786187001527236,0.9867141916691466,8.0,0.13775584264769922,0.20467411815938452,0.0,0.7181423923577765,0.7329616533085754,-0.008015550104948572,0.2222222222222222,0.11666666666666667
29.0,-0.15129244327545166,0.7294976711273193,0.0,0.1501781774987273,0.19786187001527236,0.9867141916691466,9.0,0.13775584264769922,0.20467411815938452,0.0,0.7181432512304848,0.7618707470431711,-0.008876414947009307,0.22777777777777777,0.11666666666666667
29.25,-0.17911489307880402,0.7400346994400024,0.0,0.1501781774987273,0.19786187001527236,0.9867141916691466,9.0,0.13775584264769922,0.20467411815938452,0.0,0.7205091730142158,0.791026306421637,-0.00995811434092246,0.2222222222222222,0.1111111111111111
29.5,-0.11950724571943283,0.7384248375892639,0.0,0.1501781774987273,0.19786187001527236,0.9867141916691466,9.0,0.1683843808970823,0.25228625344752503,0.0,0.7260387582264112,0.8207295162771489,-0.01124333575594372,0.2222222222222222,0.11666666666666667
29.75,-0.12895257771015167,0.7302610874176025,0.0,0.1501781774987273,0.19786187001527236,0.9867141916691466,9.0,0.1683843808970823,0.25228625344752503,0.0,0.7299161319503917,0.8503660383927367,-0.012691464288042862,0.2222222222222222,0.12222222222222222
30.0,-0.1392204612493515,0.7244879603385925,0.0,0.1501781774987273,0.19786187001527236,0.9867141916691466,10.0,0.1683843808970823,0.25228625344752503,0.0,0.7323475424934621,0.8796830064920313,-0.014268686668558624,0.21666666666666667,0.11666666666666667
30.25,-0.14576619863510132,0.7285822033882141,0.0,0.1501781774987273,0.19786187001527236,0.9867141916691466,10.0,0.1683843808970823,0.25228625344752503,0.0,0.732947873390883,0.9086695597865744,-0.015978566417283676,0.2222222222222222,0.12222222222222222
30.5,-0.13909253478050232,0.7362613677978516,0.0,0.1501781774987273,0.19786187001527236,0.9867141916691466,10.0,0.1683843808970823,0.25228625344752503,0.0,0.7338318342975336,0.9377228496208772,-0.017856760624887145,0.25,0.13333333333333333
30.75,-0.12418472021818161,0.7399533987045288,0.0,0.1501781774987273,0.19786187001527236,0.9867141916691466,10.0,0.1683843808970823,0.25228625344752503,0.0,0.7328243340030471,0.967057826344563,-0.019932118370080878,0.2388888888888889,0.13333333333333333
31.0,-0.0843179002404213,0.7401139140129089,0.0,0.1501781774987273,0.19786187001527236,0.9867141916691466,11.0,0.1683843808970823,0.25228625344752503,0.0,0.7328569527843405,1.0113089104179924,-0.023371880445594028,0.24444444444444444,0.1388888888888889
31.25,-0.08645443618297577,0.7418292164802551,0.0,0.1501781774987273,0.19786187001527236,0.9867141916691466,11.0,0.1683843808970823,0.25228625344752503,0.0,0.7346830650479518,1.0408284916649058,-0.02582833798676252,0.24444444444444444,0.1388888888888889
31.5,-0.07628537714481354,0.747175395488739,0.0,0.1501781774987273,0.19786187001527236,0.9867141916691466,11.0,0.1683843808970823,0.25228625344752503,0.0,0.7380978472660497,1.070501649478614,-0.028395950240393205,0.25555555555555554,0.1388888888888889
31.75,-0.07269544154405594,0.7430077195167542,0.0,0.1501781774987273,0.19786187001527236,0.9867141916691466,11.0,0.1683843808970823,0.25228625344752503,0.0,0.7410309067239561,1.100207686235844,-0.031061368807900863,0.2611111111111111,0.14444444444444443
32.0,-0.05675732344388962,0.7507523894309998,0.0,0.1650556531927358,0.22510251903925016,0.984606227849471,12.0,0.1683843808970823,0.25228625344752503,0.0,0.7418457052531343,1.1297585652162354,-0.033796930180033546,0.26666666666666666,0.15
32.25,-0.059837039560079575,0.7427758574485779,0.0,0.1650556531927358,0.22510251903925016,0.984606227849471,12.0,0.1683843808970823,0.25228625344752503,0.0,0.74287445850463,1.1594318722456658,-0.03662109042294824,0.2722222222222222,0.15555555555555556
32.5,-0.0785030871629715,0.7138517498970032,0.0,0.1650556531927358,0.22510251903925016,0.984606227849471,12.0,0.18914211061111919,0.2794309769197271,0.0,0.7435617333005946,1.1889501078438116,-0.03949843565864856,0.26666666666666666,0.15555555555555556
32.75,-0.08792178332805634,0.7182641625404358,0.0,0.1650556531927358,0.22510251903925016,0.984606227849471,12.0,0.18914211061111919,0.2794309769197271,0.0,0.7362231338612449,1.2319836944837377,-0.0438273389399851,0.26666666666666666,0.15
33.0,-0.06770732253789902,0.7343040704727173,0.0,0.1650556531927358,0.22510251903925016,0.984606227849471,13.0,0.18914211061111919,0.2794309769197271,0.0,0.7325334194414358,1.2605765957741322,-0.04682597442075487,0.2611111111111111,0.15555555555555556
33.25,-0.09887834638357162,0.7241868376731873,0.0,0.1650556531927358,0.22510251903925016,0.984606227849471,13.0,0.18914211061111919,0.2794309769197271,0.0,0.7311587032317172,1.2896475259117055,-0.04996297505217593,0.2722222222222222,0.16111111111111112
33.5,-0.1041647344827652,0.7398340106010437,0.0,0.1650556531927358,0.22510251903925016,0.984606227849471,13.0,0.18914211061111919,0.2794309769197271,0.0,0.7269288121606475,1.3184664663560914,-0.05316930423898602,0.26666666666666666,0.15555555555555556
33.75,-0.12038756906986237,0.7272250652313232,0.0,0.1650556531927358,0.22510251903925016,0.984606227849471,13.0,0.18914211061111919,0.2794309769197271,0.0,0.7278574381929518,1.3476808494505537,-0.056537603818188994,0.2722222222222222,0.15555555555555556
34.0,-0.14142805337905884,0.7340191602706909,0.0,0.1650556531927358,0.22510251903925016,0.984606227849471,14.0,0.18914211061111919,0.2794309769197271,0.0,0.7296369069593682,1.376761831963874,-0.06002634120766394,0.26666666666666666,0.15555555555555556
34.25,-0.18935678899288177,0.7310063242912292,0.0,0.1650556531927358,0.22510251903925016,0.984606227849471,14.0,0.18914211061111919,0.2794309769197271,0.0,0.7319728505787046,1.405869747994961,-0.06366248227345586,0.2777777777777778,0.15555555555555556
34.5,-0.18019893765449524,0.7281643152236938,0.0,0.1650556531927358,0.22510251903925016,0.984606227849471,14.0,0.18914211061111919,0.2794309769197271,0.0,0.7321962115420569,1.434991927149895,-0.0675011354021057,0.26666666666666666,0.15555555555555556
34.75,-0.1952458620071411,0.7192601561546326,0.0,0.1650556531927358,0.22510251903925016,0.984606227849471,14.0,0.18914211061111919,0.2794309769197271,0.0,0.7319716236536925,1.4638254944066524,-0.07152845209705391,0.2722222222222222,0.15555555555555556
35.0,-0.16292718052864075,0.7294563055038452,0.0,0.1650556531927358,0.22510251903925016,0.984606227849471,15.0,0.18914211061111919,0.2794309769197271,0.0,0.7301965966233012,1.4924730604150993,-0.07576069988459352,0.2777777777777778,0.16111111111111112
35.25,-0.12849244475364685,0.72418612241745,0.0,0.1650556531927358,0.22510251903925016,0.984606227849471,15.0,0.18914211061111919,0.2794309769197271,0.0,0.7289323820154021,1.521064894917065,-0.08018991851553263,0.2722222222222222,0.16111111111111112
35.5,-0.15085351467132568,0.7200732231140137,0.0,0.1650556531927358,0.22510251903925016,0.984606227849471,15.0,0.18914211061111919,0.2794309769197271,0.0,0.7286466135872712,1.5498128743690043,-0.08481435632662168,0.26666666666666666,0.15555555555555556
35.75,-0.12731701135635376,0.7185818552970886,0.0,0.1650556531927358,0.22510251903925016,0.984606227849471,15.0,0.18986790535636522,0.2805922485121208,0.0,0.7246197687166941,1.5782168455853913,-0.08954797006415793,0.2722222222222222,0.16111111111111112
36.0,-0.08292660117149353,0.7312409281730652,0.0,0.1650556531927358,0.22510251903925016,0.984606227849471,16.0,0.18986790535636522,0.2805922485121208,0.0,0.723713231278939,1.6066319522325638,-0.09443829162628606,0.2777777777777778,0.16111111111111112
36.25,-0.018625028431415558,0.7012914419174194,0.0,0.1650556531927358,0.22510251903925016,0.984606227849471,16.0,0.18986790535636522,0.2805922485121208,0.0,0.7251863791360257,1.6354357939962543,-0.09950341296828083,0.2777777777777778,0.16111111111111112
36.5,-0.03255078196525574,0.7012518644332886,0.0,0.1650556531927358,0.22510251903925016,0.984606227849471,16.0,0.18986790535636522,0.2805922485121208,0.0,0.721445201864762,1.6634324461839927,-0.10448148497955294,0.2722222222222222,0.15555555555555556
36.75,0.003954281099140644,0.6867124438285828,0.0,0.1650556531927358,0.22510251903925016,0.984606227849471,16.0,0.18986790535636522,0.2805922485121208,0.0,0.7158644999329964,1.690933794238102,-0.10938765397813016,0.2777777777777778,0.16111111111111112
37.0,-0.012623460963368416,0.6803401708602905,0.0,0.1650556531927358,0.22510251903925016,0.984606227849471,16.0,0.18986790535636522,0.2805922485121208,0.0,0.7086243771158353,1.731590117668137,-0.11665938077910679,0.2833333333333333,0.15555555555555556
37.25,-0.04041386395692825,0.671511173248291,0.0,0.1650556531927358,0.22510251903925016,0.984606227849471,17.0,0.18986790535636522,0.2805922485121208,0.0,0.7000433420397103,1.758330943688987,-0.12144698475553041,0.2833333333333333,0.15555555555555556
37.5,-0.0244209636002779,0.6652141809463501,0.0,0.1650556531927358,0.22510251903925016,0.984606227849471,17.0,0.18986790535636522,0.2805922485121208,0.0,0.6899248414692336,1.784713387628232,-0.1261894524208041,0.28888888888888886,0.16111111111111112
37.75,-0.013128314167261124,0.6654559373855591,0.0,0.1650556531927358,0.22510251903925016,0.984606227849471,17.0,0.18986790535636522,0.2805922485121208,0.0,0.6833601930482051,1.8109061546843614,-0.13093392994840714,0.29444444444444445,0.16111111111111112
38.0,0.02713470160961151,0.6515686511993408,0.0,0.17814973400804462,0.24795640326975477,0.9826245164083002,17.0,0.18986790535636522,0.2805922485121208,0.0,0.6767247162226377,1.83694614379956,-0.1356745081555319,0.29444444444444445,0.16111111111111112
38.25,0.02144220471382141,0.6524024605751038,0.0,0.17814973400804462,0.24795640326975477,0.9826245164083002,18.0,0.18986790535636522,0.2805922485121208,0.0,0.669104419235179,1.8625885530909054,-0.14033691362869805,0.29444444444444445,0.16111111111111112
38.5,0.03714566305279732,0.6447181701660156,0.0,0.17814973400804462,0.24795640326975477,0.9826245164083002,18.0,0.18986790535636522,0.2805922485121208,0.0,0.6636146942060862,1.8882497602136892,-0.14497288218143156,0.28888888888888886,0.16111111111111112
38.75,0.05494768172502518,0.6320317387580872,0.0,0.17814973400804462,0.24795640326975477,0.9826245164083002,18.0,0.18435186529249528,0.26404412832051094,0.0,0.6583233861871421,1.913663158131111,-0.14953164861876048,0.29444444444444445,0.16666666666666666
39.0,0.04815882444381714,0.6334990859031677,0.0,0.17814973400804462,0.24795640326975477,0.9826245164083002,18.0,0.18435186529249528,0.26404412832051094,0.0,0.6525466819539383,1.9387705029479332,-0.15398922558309114,0.29444444444444445,0.16666666666666666
39.25,0.030082914978265762,0.6448951959609985,0.0,0.17814973400804462,0.24795640326975477,0.9826245164083002,19.0,0.18435186529249528,0.26404412832051094,0.0,0.6442791681679584,1.9759332703739239,-0.1604895734744211,0.28888888888888886,0.16666666666666666
39.5,0.05126982927322388,0.6388036012649536,0.0,0.17814973400804462,0.24795640326975477,0.9826245164083002,19.0,0.18435186529249528,0.26404412832051094,0.0,0.6434340188719874,1.9885419525188446,-0.16267360191999142,0.29444444444444445,0.16666666666666666
39.75,0.07375042885541916,0.6482539772987366,0.0,0.17814973400804462,0.24795640326975477,0.9826245164083002,19.0,0.18435186529249528,0.26404412832051094,0.0,0.6410994670560198,2.013777149548665,-0.1670153875561662,0.28888888888888886,0.16111111111111112
40.0,0.08832807838916779,0.646774411201477,0.0,0.17814973400804462,0.24795640326975477,0.9826245164083002,19.0,0.18435186529249528,0.26404412832051094,0.0,0.6386533831205183,2.039126541338353,-0.17132348385074164,0.2833333333333333,0.16111111111111112
40.25,0.0920804962515831,0.6521120667457581,0.0,0.17814973400804462,0.24795640326975477,0.9826245164083002,20.0,0.18435186529249528,0.26404412832051094,0.0,0.6396212130962383,2.064612941150479,-0.17557730826931991,0.28888888888888886,0.16111111111111112
40.5,0.09534846246242523,0.644751250743866,0.0,0.17814973400804462,0.24795640326975477,0.9826245164083002,20.0,0.18435186529249528,0.26404412832051094,0.0,0.6432193226824656,2.090311258726929,-0.17977250460671046,0.2833333333333333,0.16111111111111112
40.75,0.1565576195716858,0.6305857300758362,0.0,0.17814973400804462,0.24795640326975477,0.9826245164083002,20.0,0.18435186529249528,0.26404412832051094,0.0,0.6458883983235504,2.1159792489585043,-0.1838631388252479,0.2833333333333333,0.16111111111111112
41.0,0.13583789765834808,0.6261986494064331,0.0,0.17814973400804462,0.24795640326975477,0.9826245164083002,20.0,0.18435186529249528,0.26404412832051094,0.0,0.6446459079054433,2.1411666611911877,-0.18775718303474342,0.29444444444444445,0.16666666666666666
41.25,0.1584222912788391,0.6309608817100525,0.0,0.17814973400804462,0.24795640326975477,0.9826245164083002,21.0,0.18435186529249528,0.26404412832051094,0.0,0.6424483302822059,2.166062014236733,-0.19145431016787587,0.3,0.16666666666666666
41.5,0.19525255262851715,0.636059582233429,0.0,0.17814973400804462,0.24795640326975477,0.9826245164083002,21.0,0.18435186529249528,0.26404412832051094,0.0,0.6403747804054601,2.1911030758523187,-0.1950111559552144,0.3,0.16666666666666666
41.75,0.18412400782108307,0.6367294788360596,0.0,0.17814973400804462,0.24795640326975477,0.9826245164083002,21.0,0.20031934968790827,0.28872114965887646,0.0,0.6373440968081466,2.2162057240358393,-0.19839689327751733,0.3055555555555556,0.16666666666666666
42.0,0.1827528327703476,0.6250846982002258,0.0,0.17814973400804462,0.24795640326975477,0.9826245164083002,21.0,0.20031934968790827,0.28872114965887646,0.0,0.6337178821549159,2.253916092508165,-0.20312035575604306,0.29444444444444445,0.16111111111111112
42.25,0.2051253318786621,0.6370992660522461,0.0,0.17814973400804462,0.24795640326975477,0.9826245164083002,22.0,0.20031934968790827,0.28872114965887646,0.0,0.6322876273877015,2.2788416169142462,-0.20600834748151564,0.28888888888888886,0.16666666666666666
42.5,0.2021944671869278,0.6308225393295288,0.0,0.17814973400804462,0.24795640326975477,0.9826245164083002,22.0,0.20031934968790827,0.28872114965887646,0.0,0.6334715367843697,2.3040386150875105,-0.2087375968246149,0.29444444444444445,0.16111111111111112
42.75,0.22890229523181915,0.6250796318054199,0.0,0.17814973400804462,0.24795640326975477,0.9826245164083002,22.0,0.20031934968790827,0.28872114965887646,0.0,0.6323280177502969,2.329160943980197,-0.21125158332485494,0.29444444444444445,0.16111111111111112
43.0,0.20111528038978577,0.6250863671302795,0.0,0.17814973400804462,0.24795640326975477,0.9826245164083002,22.0,0.20031934968790827,0.28872114965887646,0.0,0.6314426392281158,2.35419330297886,-0.21353264204461414,0.28888888888888886,0.16666666666666666
43.25,0.22184011340141296,0.6382611393928528,0.0,0.17814973400804462,0.24795640326975477,0.9826245164083002,23.0,0.20031934968790827,0.28872114965887646,0.0,0.6298094564135668,2.3791266347771804,-0.21558708509589436,0.3055555555555556,0.16666666666666666
43.5,0.2468092441558838,0.6403465270996094,0.0,0.17814973400804462,0.24795640326975477,0.9826245164083002,23.0,0.20031934968790827,0.28872114965887646,0.0,0.6310669341114242,2.404364730092058,-0.21745015833103,0.29444444444444445,0.16666666666666666
43.75,0.1980491280555725,0.6464681625366211,0.0,0.17814973400804462,0.24795640326975477,0.9826245164083002,23.0,0.20031934968790827,0.28872114965887646,0.0,0.6314988021539595,2.4298481628393835,-0.21908971447032707,0.28888888888888886,0.16111111111111112
44.0,0.21836750209331512,0.6487970352172852,0.0,0.17814973400804462,0.24795640326975477,0.9826245164083002,23.0,0.20031934968790827,0.28872114965887646,0.0,0.6333860561451417,2.4555456814510324,-0.2205110260748464,0.28888888888888886,0.16111111111111112
44.25,0.26466190814971924,0.6505003571510315,0.0,0.17814973400804462,0.24795640326975477,0.9826245164083002,24.0,0.20031934968790827,0.28872114965887646,0.0,0.6368364435333441,2.481433333032666,-0.22173180811992305,0.3,0.17222222222222222
44.5,0.24381504952907562,0.6560049057006836,0.0,0.17814973400804462,0.24795640326975477,0.9826245164083002,24.0,0.20031934968790827,0.28872114965887646,0.0,0.6420972828376176,2.5075884491047784,-0.22273120481485767,0.28888888888888886,0.16666666666666666
44.75,0.2134793996810913,0.6645387411117554,0.0,0.17814973400804462,0.24795640326975477,0.9826245164083002,24.0,0.20031934968790827,0.28872114965887646,0.0,0.6466382482998724,2.533841625993355,-0.22347237829193634,0.3055555555555556,0.16666666666666666
45.0,0.2465098798274994,0.6544052362442017,0.0,0.20401220084467386,0.2868371656499296,0.980782584386188,24.0,0.21367397300043547,0.30802728988242123,0.0,0.6510163973684469,2.5602468443220894,-0.22397287165193555,0.29444444444444445,0.16666666666666666
45.25,0.23403479158878326,0.6661490797996521,0.0,0.20401220084467386,0.2868371656499296,0.980782584386188,25.0,0.21367397300043547,0.30802728988242123,0.0,0.6528341113760441,2.5865227209867436,-0.22422711322728153,0.3055555555555556,0.16666666666666666
45.5,0.21786530315876007,0.6524336934089661,0.0,0.20401220084467386,0.2868371656499296,0.980782584386188,25.0,0.21367397300043547,0.30802728988242123,0.0,0.6563307802945504,2.613041154743825,-0.22422415539101284,0.28888888888888886,0.16666666666666666
45.75,0.24004440009593964,0.665880560874939,0.0,0.20401220084467386,0.2868371656499296,0.980782584386188,25.0,0.21367397300043547,0.30802728988242123,0.0,0.6562779240705175,2.639295108214204,-0.22397920781880046,0.3,0.17222222222222222
46.0,0.24728283286094666,0.6728973984718323,0.0,0.20401220084467386,0.2868371656499296,0.980782584386188,25.0,0.21367397300043547,0.30802728988242123,0.0,0.6576581823842793,2.6657745176202363,-0.22349259329952303,0.28888888888888886,0.16666666666666666
46.25,0.24752116203308105,0.6601386070251465,0.0,0.20401220084467386,0.2868371656499296,0.980782584386188,26.0,0.21367397300043547,0.30802728988242123,0.0,0.6606442260295828,2.692580354450164,-0.22274171852453767,0.3,0.17222222222222222
46.5,0.5851506590843201,0.5793092250823975,0.0,0.20401220084467386,0.2868371656499296,0.980782584386188,26.0,0.21367397300043547,0.30802728988242123,0.0,0.659304750201321,2.718828350251916,-0.22174128303299775,0.3,0.17222222222222222
46.75,0.6017059087753296,0.6071939468383789,0.0,0.20401220084467386,0.2868371656499296,0.980782584386188,26.0,0.21367397300043547,0.30802728988242123,0.0,0.6399533271374578,2.742617322326774,-0.22054391712237437,0.29444444444444445,0.16666666666666666
47.0,0.5394304990768433,0.6038607954978943,0.0,0.20401220084467386,0.2868371656499296,0.980782584386188,26.0,0.21367397300043547,0.30802728988242123,0.0,0.631545946458377,2.76637128325651,-0.21890958989979833,0.3055555555555556,0.17222222222222222
47.25,0.5401008129119873,0.6096317768096924,0.0,0.20401220084467386,0.2868371656499296,0.980782584386188,27.0,0.21367397300043547,0.30802728988242123,0.0,0.6236816744605148,2.7902106645585945,-0.21672754753147885,0.29444444444444445,0.17222222222222222
47.5,0.5450113415718079,0.5970596671104431,0.0,0.20401220084467386,0.2868371656499296,0.980782584386188,27.0,0.21367397300043547,0.30802728988242123,0.0,0.6138429662341132,2.8141217943885986,-0.2140076408649336,0.29444444444444445,0.16666666666666666
47.75,0.5236150622367859,0.5986264944076538,0.0,0.20401220084467386,0.2868371656499296,0.980782584386188,27.0,0.21367397300043547,0.30802728988242123,0.0,0.6030103879401905,2.837770325964538,-0.21080594408260783,0.3055555555555556,0.17222222222222222
48.0,0.5205467343330383,0.6186703443527222,0.0,0.20401220084467386,0.2868371656499296,0.980782584386188,27.0,0.21367397300043547,0.30802728988242123,0.0,0.6015859560795336,2.861384853360291,-0.2070973583971531,0.3055555555555556,0.17222222222222222
48.25,0.5067377090454102,0.6029093861579895,0.0,0.20401220084467386,0.2868371656499296,0.980782584386188,27.0,0.23602845115401364,0.3428654376542314,0.0,0.6050980796637697,2.885549219307228,-0.20278543230294505,0.29444444444444445,0.17222222222222222
48.5,0.4672703146934509,0.6223210096359253,0.0,0.20401220084467386,0.2868371656499296,0.980782584386188,28.0,0.23602845115401364,0.3428654376542314,0.0,0.6055636796078344,2.9095034278994785,-0.19800859523583564,0.3055555555555556,0.17222222222222222
48.75,0.47298550605773926,0.6482402086257935,0.0,0.20401220084467386,0.2868371656499296,0.980782584386188,28.0,0.23602845115401364,0.3428654376542314,0.0,0.6057319335748736,2.9334359638233782,-0.19274083676995094,0.3111111111111111,0.17777777777777778
49.0,0.47414299845695496,0.6282616257667542,0.0,0.20401220084467386,0.2868371656499296,0.980782584386188,28.0,0.23602845115401364,0.3428654376542314,0.0,0.6162833159275366,2.958303679292038,-0.1867747792446927,0.3055555555555556,0.17777777777777778
49.25,0.4790063500404358,0.6520012617111206,0.0,0.20401220084467386,0.2868371656499296,0.980782584386188,28.0,0.23602845115401364,0.3428654376542314,0.0,0.6218511296007236,2.982979174942053,-0.18035974294188328,0.3111111111111111,0.17777777777777778
49.5,0.46145564317703247,0.6610907912254333,0.0,0.20401220084467386,0.2868371656499296,0.980782584386188,29.0,0.23602845115401364,0.3428654376542314,0.0,0.6262940864430288,3.0077203394166996,-0.17342245471068868,0.3055555555555556,0.17777777777777778
49.75,0.4576340615749359,0.649058997631073,0.0,0.20401220084467386,0.2868371656499296,0.980782584386188,29.0,0.23602845115401364,0.3428654376542314,0.0,0.6355773891284316,3.0329528461226682,-0.16583326123090514,0.3111111111111111,0.18333333333333332
50.0,0.4378337860107422,0.6366008520126343,0.0,0.20401220084467386,0.2868371656499296,0.980782584386188,29.0,0.23602845115401364,0.3428654376542314,0.0,0.6435641317684061,3.0702855951293517,-0.15366103009791968,0.29444444444444445,0.17777777777777778
50.25,0.4443359971046448,0.6428676247596741,0.0,0.20401220084467386,0.2868371656499296,0.980782584386188,29.0,0.23602845115401364,0.3428654376542314,0.0,0.6428905102072747,3.094410741699513,-0.14517713453179534,0.3055555555555556,0.18333333333333332
50.5,0.44134411215782166,0.644172191619873,0.0,0.20401220084467386,0.2868371656499296,0.980782584386188,30.0,0.23602845115401364,0.3428654376542314,0.0,0.6460050616855978,3.118467555104164,-0.13623759445591388,0.3111111111111111,0.18888888888888888
50.75,0.43476954102516174,0.6750955581665039,0.0,0.20401220084467386,0.2868371656499296,0.980782584386188,30.0,0.23602845115401364,0.3428654376542314,0.0,0.6464892933813523,3.1426043231672227,-0.12677928683457837,0.3111111111111111,0.18888888888888888
51.0,0.46787598729133606,0.688901424407959,0.0,0.20401220084467386,0.2868371656499296,0.980782584386188,30.0,0.23602845115401364,0.3428654376542314,0.0,0.6506328276863655,3.167424768964388,-0.11654980340102365,0.31666666666666665,0.18888888888888888
51.25,0.47506389021873474,0.6914545297622681,0.0,0.20401220084467386,0.2868371656499296,0.980782584386188,30.0,0.23602845115401364,0.3428654376542314,0.0,0.6569132401723,3.192534252092138,-0.10568055842967254,0.32222222222222224,0.18888888888888888
51.5,0.4562373757362366,0.6803995370864868,0.0,0.20401220084467386,0.2868371656499296,0.980782584386188,31.0,0.24647989548555668,0.35897808099869355,0.0,0.664074630919002,3.2175485915310573,-0.09429515124529715,0.3333333333333333,0.2
51.75,0.47607511281967163,0.6948232054710388,0.0,0.20401220084467386,0.2868371656499296,0.980782584386188,31.0,0.24647989548555668,0.35897808099869355,0.0,0.672031283206684,3.2423547943929933,-0.08243902675862534,0.3277777777777778,0.18888888888888888
52.0,0.4273681044578552,0.6990681290626526,0.0,0.22522819751457165,0.3117782909930716,0.9794997700403106,31.0,0.24647989548555668,0.35897808099869355,0.0,0.6812738683001065,3.2671962385385096,-0.07000318441126986,0.34444444444444444,0.2
52.25,0.4312676787376404,0.7142901420593262,0.0,0.22522819751457165,0.3117782909930716,0.9794997700403106,31.0,0.24647989548555668,0.35897808099869355,0.0,0.6876882508180494,3.292089701184857,-0.0569683268558335,0.35,0.2
52.5,0.43250080943107605,0.6930394768714905,0.0,0.22522819751457165,0.3117782909930716,0.9794997700403106,32.0,0.24647989548555668,0.35897808099869355,0.0,0.692760094476894,3.316977005147377,-0.04337062046953952,0.35,0.2
52.75,0.4184708595275879,0.7029474377632141,0.0,0.22522819751457165,0.3117782909930716,0.9794997700403106,32.0,0.24647989548555668,0.35897808099869355,0.0,0.6958596286490891,3.341447046910371,-0.02944684141586423,0.3611111111111111,0.20555555555555555
53.0,0.39327555894851685,0.7331663370132446,0.0,0.22522819751457165,0.3117782909930716,0.9794997700403106,32.0,0.24647989548555668,0.35897808099869355,0.0,0.6972358262819834,3.3654716090293055,-0.015216298519349603,0.36666666666666664,0.20555555555555555
53.25,0.3694630563259125,0.7032055854797363,0.0,0.22522819751457165,0.3117782909930716,0.9794997700403106,32.0,0.24647989548555668,0.35897808099869355,0.0,0.7089818345281047,3.4023756748934293,0.007680066420794026,0.36666666666666664,0.21666666666666667
53.5,0.37420737743377686,0.7188658714294434,0.0,0.22522819751457165,0.3117782909930716,0.9794997700403106,33.0,0.24647989548555668,0.35897808099869355,0.0,0.7077282000433825,3.426207385907688,0.023098031545330504,0.35,0.2111111111111111
53.75,0.3919711112976074,0.7150368690490723,0.0,0.22522819751457165,0.3117782909930716,0.9794997700403106,33.0,0.24647989548555668,0.35897808099869355,0.0,0.7086283799589839,3.449914658159806,0.038941676536931986,0.3333333333333333,0.21666666666666667
54.0,0.3833976089954376,0.7180430889129639,0.0,0.22522819751457165,0.3117782909930716,0.9794997700403106,33.0,0.24647989548555668,0.35897808099869355,0.0,0.7122763074359315,3.4733753675119488,0.05514321971505979,0.3277777777777778,0.2222222222222222
54.25,0.3237898051738739,0.721445620059967,0.0,0.22522819751457165,0.3117782909930716,0.9794997700403106,33.0,0.24647989548555668,0.35897808099869355,0.0,0.7135537315293855,3.496538621624496,0.07167184840550048,0.31666666666666665,0.22777777777777777
54.5,0.3307608664035797,0.7357928156852722,0.0,0.22522819751457165,0.3117782909930716,0.9794997700403106,34.0,0.24647989548555668,0.35897808099869355,0.0,0.7135037375577753,3.5197809836439844,0.08875523253960307,0.3,0.23333333333333334
54.75,0.3309265077114105,0.7257484197616577,0.0,0.22522819751457165,0.3117782909930716,0.9794997700403106,34.0,0.25257657134562345,0.35999419364203805,0.0,0.7184599700612792,3.5432487693071226,0.1064930107000231,0.28888888888888886,0.23333333333333334
55.0,0.327841579914093,0.7333358526229858,0.0,0.22522819751457165,0.3117782909930716,0.9794997700403106,34.0,0.25257657134562345,0.35999419364203805,0.0,0.7209554295257442,3.566377909505906,0.1244562844954826,0.2722222222222222,0.23333333333333334
55.25,0.29547232389450073,0.7465710043907166,0.0,0.22522819751457165,0.3117782909930716,0.9794997700403106,34.0,0.25257657134562345,0.35999419364203805,0.0,0.7247611988814795,3.5893320497468166,0.14278332513251657,0.25555555555555554,0.2388888888888889
55.5,0.24499213695526123,0.7312649488449097,0.0,0.22522819751457165,0.3117782909930716,0.9794997700403106,35.0,0.25257657134562345,0.35999419364203805,0.0,0.731052061456059,3.612332260146676,0.16162189722219503,0.25555555555555554,0.25
55.75,0.23638877272605896,0.7340430617332458,0.0,0.22522819751457165,0.3117782909930716,0.9794997700403106,35.0,0.25257657134562345,0.35999419364203805,0.0,0.7333006333512561,3.6349347328936843,0.18053669573018422,0.25555555555555554,0.25555555555555554
56.0,0.22651590406894684,0.7301782965660095,0.0,0.22522819751457165,0.3117782909930716,0.9794997700403106,35.0,0.25257657134562345,0.35999419364203805,0.0,0.7333859033011457,3.6572625037044664,0.19957970140488737,0.2611111111111111,0.2611111111111111
56.25,0.20206987857818604,0.7290003299713135,0.0,0.22522819751457165,0.3117782909930716,0.9794997700403106,35.0,0.25257657134562345,0.35999419364203805,0.0,0.7348670576252383,3.67935133527781,0.21875863929646785,0.2611111111111111,0.2611111111111111
56.5,0.15034542977809906,0.7427376508712769,0.0,0.22522819751457165,0.3117782909930716,0.9794997700403106,36.0,0.25257657134562345,0.35999419364203805,0.0,0.7336683794592497,3.70114354570245,0.23800322864206708,0.26666666666666666,0.26666666666666666
56.75,0.1437283456325531,0.7336532473564148,0.0,0.22522819751457165,0.3117782909930716,0.9794997700403106,36.0,0.25257657134562345,0.35999419364203805,0.0,0.7317027546557401,3.7229172958365444,0.2575248086410301,0.2722222222222222,0.2722222222222222
57.0,0.11530531942844391,0.7260137796401978,0.0,0.22522819751457165,0.3117782909930716,0.9794997700403106,36.0,0.25257657134562345,0.35999419364203805,0.0,0.7312504551426213,3.7446480285007087,0.2772429185195633,0.2833333333333333,0.2833333333333333
57.25,0.09056174010038376,0.7275593280792236,0.0,0.22522819751457165,0.3117782909930716,0.9794997700403106,36.0,0.25257657134562345,0.35999419364203805,0.0,0.7283236942161196,3.7660287453874597,0.29684877310598107,0.28888888888888886,0.28888888888888886
57.5,0.0621030330657959,0.7167862057685852,0.0,0.22522819751457165,0.3117782909930716,0.9794997700403106,36.0,0.25257657134562345,0.35999419364203805,0.0,0.7291345743656512,3.798021393716535,0.32650967622889393,0.29444444444444445,0.29444444444444445
57.75,0.055393755435943604,0.7171037197113037,0.0,0.22522819751457165,0.3117782909930716,0.9794997700403106,37.0,0.21846421831905938,0.32399477427783424,0.0,0.7274346292774383,3.818987801965696,0.34609762003004885,0.3,0.3
58.0,0.0343964658677578,0.7117806077003479,0.0,0.22522819751457165,0.3117782909930716,0.9794997700403106,37.0,0.21846421831905938,0.32399477427783424,0.0,0.7245192082030321,3.8399080335370064,0.36572483288412067,0.3111111111111111,0.3111111111111111
58.25,-0.0054285116493701935,0.7064948678016663,0.0,0.22522819751457165,0.3117782909930716,0.9794997700403106,37.0,0.21846421831905938,0.32399477427783424,0.0,0.7219114188989524,3.8607322020719588,0.38532219310950067,0.31666666666666665,0.31666666666666665
58.5,-0.01427675224840641,0.706971287727356,0.0,0.22522819751457165,0.3117782909930716,0.9794997700403106,37.0,0.21846421831905938,0.32399477427783424,0.0,0.7178709573198078,3.8813509123432643,0.40474023396500386,0.32222222222222224,0.32222222222222224
58.75,-0.02846861071884632,0.6882269382476807,0.0,0.22522819751457165,0.3117782909930716,0.9794997700403106,38.0,0.21846421831905938,0.32399477427783424,0.0,0.7145034768975992,3.9019062967406057,0.42408635263465544,0.3333333333333333,0.3333333333333333
59.0,-0.061422646045684814,0.6965147852897644,0.0,0.2330930676277295,0.32520669917320333,0.9787309832354878,38.0,0.21846421831905938,0.32399477427783424,0.0,0.7094250283509682,3.92210457010856,0.44306745229942573,0.3388888888888889,0.3388888888888889
59.25,-0.08026528358459473,0.7005923390388489,0.0,0.2330930676277295,0.32520669917320333,0.9787309832354878,38.0,0.21846421831905938,0.32399477427783424,0.0,0.7061608452089998,3.9423912515229445,0.46207222478120313,0.3388888888888889,0.3388888888888889
59.5,-0.06884492933750153,0.6979749798774719,0.0,0.2330930676277295,0.32520669917320333,0.9787309832354878,38.0,0.21846421831905938,0.32399477427783424,0.0,0.7033825310783972,3.962851637402713,0.4811285414603505,0.35,0.35
59.75,-0.08396394550800323,0.714669942855835,0.0,0.2330930676277295,0.32520669917320333,0.9787309832354878,39.0,0.21846421831905938,0.32399477427783424,0.0,0.6995828320334206,3.9832807848781204,0.500033525230929,0.35,0.35
60.0,-0.0946066826581955,0.7211973667144775,0.0,0.2330930676277295,0.32520669917320333,0.9787309832354878,39.0,0.21846421831905938,0.32399477427783424,0.0,0.6998930095089019,4.004097229527407,0.5191750601459325,0.3611111111111111,0.3611111111111111
60.25,-0.09586982429027557,0.7196908593177795,0.0,0.2330930676277295,0.32520669917320333,0.9787309832354878,39.0,0.21846421831905938,0.32399477427783424,0.0,0.7024513204422363,4.02521096784479,0.5384424381763165,0.36666666666666664,0.36666666666666664
60.5,-0.1163460835814476,0.7155373096466064,0.0,0.2330930676277295,0.32520669917320333,0.9787309832354878,39.0,0.21846421831905938,0.32399477427783424,0.0,0.7060457470451207,4.046437928416471,0.5576601882233654,0.36666666666666664,0.36666666666666664
60.75,-0.11051621288061142,0.7183506488800049,0.0,0.2330930676277295,0.32520669917320333,0.9787309832354878,40.0,0.21846421831905938,0.32399477427783424,0.0,0.7096510778117958,4.067860906425884,0.5768975456602822,0.36666666666666664,0.36666666666666664
61.0,-0.12452033162117004,0.7021418213844299,0.0,0.2330930676277295,0.32520669917320333,0.9787309832354878,40.0,0.18072289156626506,0.2776890695311366,0.0,0.713549799739323,4.08937077392544,0.5960357370483075,0.37222222222222223,0.37222222222222223
61.25,-0.10163812339305878,0.7050702571868896,0.0,0.2330930676277295,0.32520669917320333,0.9787309832354878,40.0,0.18072289156626506,0.2776890695311366,0.0,0.7141184292699613,4.110665228698103,0.6148046485766252,0.37222222222222223,0.37222222222222223
61.5,-0.11261998116970062,0.6993561387062073,0.0,0.2330930676277295,0.32520669917320333,0.9787309832354878,40.0,0.18072289156626506,0.2776890695311366,0.0,0.7121456515112816,4.13188172564986,0.6333382479863016,0.37222222222222223,0.37222222222222223
61.75,-0.1334284394979477,0.6890552639961243,0.0,0.2330930676277295,0.32520669917320333,0.9787309832354878,41.0,0.18072289156626506,0.2776890695311366,0.0,0.7115932951674082,4.15319534161026,0.6517946789301371,0.37777777777777777,0.37777777777777777
62.0,-0.12609171867370605,0.681568443775177,0.0,0.2330930676277295,0.32520669917320333,0.9787309832354878,41.0,0.18072289156626506,0.2776890695311366,0.0,0.7072240749537001,4.174317553682527,0.6699125248117195,0.37777777777777777,0.37777777777777777
62.25,-0.1265087127685547,0.6673809885978699,0.0,0.2330930676277295,0.32520669917320333,0.9787309832354878,41.0,0.18072289156626506,0.2776890695311366,0.0,0.6975756762156671,4.2055382972101,0.6963462597224046,0.37777777777777777,0.37777777777777777
62.5,-0.1284504532814026,0.6669643521308899,0.0,0.2330930676277295,0.32520669917320333,0.9787309832354878,41.0,0.18072289156626506,0.2776890695311366,0.0,0.6902259823896576,4.225955652376323,0.7134081648042727,0.38333333333333336,0.38333333333333336
62.75,-0.14157532155513763,0.6852670907974243,0.0,0.2330930676277295,0.32520669917320333,0.9787309832354878,42.0,0.18072289156626506,0.2776890695311366,0.0,0.6855731473731835,4.236154167036068,0.7218631744544888,0.38333333333333336,0.38333333333333336
63.0,-0.1786365956068039,0.6837953925132751,0.0,0.2330930676277295,0.32520669917320333,0.9787309832354878,42.0,0.18072289156626506,0.2776890695311366,0.0,0.6802524820934286,4.267497655873052,0.7475623164799863,0.3888888888888889,0.3888888888888889
63.25,-0.22024886310100555,0.6759739518165588,0.0,0.2330930676277295,0.32520669917320333,0.9787309832354878,42.0,0.18072289156626506,0.2776890695311366,0.0,0.680567150757638,4.2891428640555125,0.7650341573448144,0.3888888888888889,0.3888888888888889
63.5,-0.21377432346343994,0.6737794876098633,0.0,0.2330930676277295,0.32520669917320333,0.9787309832354878,42.0,0.18072289156626506,0.2776890695311366,0.0,0.6759135784906486,4.310030395813147,0.7816142159569514,0.39444444444444443,0.39444444444444443
63.75,-0.21767905354499817,0.6582618951797485,0.0,0.2330930676277295,0.32520669917320333,0.9787309832354878,43.0,0.18072289156626506,0.2776890695311366,0.0,0.6775612873014383,4.33133097561694,0.7982218614476339,0.39444444444444443,0.39444444444444443
64.0,-0.23906943202018738,0.669809877872467,0.0,0.2330930676277295,0.32520669917320333,0.9787309832354878,43.0,0.1763681230947888,0.2692698504862825,0.0,0.6767690656019898,4.352418407322528,0.8143798749992538,0.4,0.4
64.25,-0.21019913256168365,0.6501365303993225,0.0,0.2330930676277295,0.32520669917320333,0.9787309832354878,43.0,0.1763681230947888,0.2692698504862825,0.0,0.6741961353368233,4.373655648078876,0.8303545977862734,0.40555555555555556,0.40555555555555556
64.5,-0.25228041410446167,0.6569228768348694,0.0,0.2330930676277295,0.32520669917320333,0.9787309832354878,43.0,0.1763681230947888,0.2692698504862825,0.0,0.6654330628044347,4.4054790885014965,0.8537212476593606,0.4111111111111111,0.4111111111111111
64.75,-0.24928604066371918,0.6721467971801758,0.0,0.2330930676277295,0.32520669917320333,0.9787309832354878,44.0,0.1763681230947888,0.2692698504862825,0.0,0.6622919739890345,4.4267620692697935,0.8689735729368168,0.4166666666666667,0.4166666666666667
65.0,-0.2445477545261383,0.6536418199539185,0.0,0.2330930676277295,0.32520669917320333,0.9787309832354878,44.0,0.1763681230947888,0.2692698504862825,0.0,0.6617646769606235,4.448460460378123,0.884195980584401,0.4222222222222222,0.4222222222222222
65.25,-0.24421006441116333,0.6472301483154297,0.0,0.2330930676277295,0.32520669917320333,0.9787309832354878,44.0,0.1763681230947888,0.2692698504862825,0.0,0.6601182863371083,4.470122072776608,0.8990753747663162,0.42777777777777776,0.42777777777777776
65.5,-0.26455873250961304,0.6403635740280151,0.0,0.2330930676277295,0.32520669917320333,0.9787309832354878,44.0,0.1763681230947888,0.2692698504862825,0.0,0.6568372991161984,4.49166372162534,0.913562073046913,0.43333333333333335,0.43333333333333335
65.75,-0.25153791904449463,0.6506457328796387,0.0,0.2330930676277295,0.32520669917320333,0.9787309832354878,45.0,0.1763681230947888,0.2692698504862825,0.0,0.6541366066555887,4.513086494893956,0.9276544897297377,0.4388888888888889,0.4388888888888889
66.0,-0.42708519101142883,0.635922372341156,0.0,0.23890645720697745,0.3366316433744772,0.9778990702414125,45.0,0.1763681230947888,0.2692698504862825,0.0,0.6500322257802007,4.545541360226177,0.9483562518097894,0.4444444444444444,0.4444444444444444
66.25,-0.3777821660041809,0.6337661743164062,0.0,0.23890645720697745,0.3366316433744772,0.9778990702414125,45.0,0.1763681230947888,0.2692698504862825,0.0,0.6451023520381669,4.567293890493881,0.9616472281844526,0.45555555555555555,0.45555555555555555
66.5,-0.363311231136322,0.6123997569084167,0.0,0.23890645720697745,0.3366316433744772,0.9778990702414125,45.0,0.1763681230947888,0.2692698504862825,0.0,0.6421208550117683,4.5891459159764585,0.9745029817919885,0.4722222222222222,0.4722222222222222
66.75,-0.3417227864265442,0.629167914390564,0.0,0.23890645720697745,0.3366316433744772,0.9778990702414125,46.0,0.1763681230947888,0.2692698504862825,0.0,0.6350620468620759,4.610597734270233,0.986690762501613,0.4777777777777778,0.4777777777777778
67.0,-0.14511139690876007,0.6426790356636047,0.0,0.23890645720697745,0.3366316433744772,0.9778990702414125,46.0,0.17970677892292058,0.2713020757729714,0.0,0.6334527142222791,4.632551394084425,0.998758638126646,0.48333333333333334,0.48333333333333334
67.25,-0.19467851519584656,0.6115554571151733,0.0,0.23890645720697745,0.3366316433744772,0.9778990702414125,46.0,0.17970677892292058,0.2713020757729714,0.0,0.6345817599384482,4.655041799628441,1.0107813875815657,0.49444444444444446,0.49444444444444446
67.5,-0.17512905597686768,0.6171603798866272,0.0,0.23890645720697745,0.3366316433744772,0.9778990702414125,46.0,0.17970677892292058,0.2713020757729714,0.0,0.6285476525848678,4.677007312801165,1.0223024911236465,0.5,0.5
67.75,-0.2219710648059845,0.6084545850753784,0.0,0.23890645720697745,0.3366316433744772,0.9778990702414125,47.0,0.17970677892292058,0.2713020757729714,0.0,0.6245662853270146,4.69891054542077,1.0335904973639902,0.5111111111111111,0.5111111111111111
68.0,-0.42308172583580017,0.5964725017547607,0.0,0.23890645720697745,0.3366316433744772,0.9778990702414125,47.0,0.17970677892292058,0.2713020757729714,0.0,0.6222991126456013,4.720642078705245,1.0445861652133002,0.5166666666666667,0.5166666666666667
68.25,-0.43881955742836,0.5987486839294434,0.0,0.23890645720697745,0.3366316433744772,0.9778990702414125,47.0,0.17970677892292058,0.2713020757729714,0.0,0.6142441778351976,4.74185293264957,1.055046956578978,0.5222222222222223,0.5222222222222223
68.5,-0.3810896575450897,0.6050704121589661,0.0,0.23890645720697745,0.3366316433744772,0.9778990702414125,47.0,0.17970677892292058,0.2713020757729714,0.0,0.6087881691343427,4.763372946977877,1.0652431043534094,0.5277777777777778,0.5277777777777778
68.75,-0.3662087321281433,0.5972052216529846,0.0,0.23890645720697745,0.3366316433744772,0.9778990702414125,47.0,0.17970677892292058,0.2713020757729714,0.0,0.605284584138107,4.796387760649784,1.08003133450748,0.5444444444444444,0.5444444444444444
69.0,-0.3632679879665375,0.5894463062286377,0.0,0.23890645720697745,0.3366316433744772,0.9778990702414125,48.0,0.17970677892292058,0.2713020757729714,0.0,0.6004109582899839,4.81831773112508,1.0893541199565484,0.55,0.55
69.25,-0.3335720896720886,0.5886196494102478,0.0,0.23890645720697745,0.3366316433744772,0.9778990702414125,48.0,0.17970677892292058,0.2713020757729714,0.0,0.5972754677904738,4.840118099092626,1.0982541657810956,0.5666666666666667,0.5666666666666667
69.5,-0.3455968201160431,0.5929125547409058,0.0,0.23890645720697745,0.3366316433744772,0.9778990702414125,48.0,0.17970677892292058,0.2713020757729714,0.0,0.5963974625468261,4.86210892694101,1.106878223004639,0.5666666666666667,0.5666666666666667
69.75,-0.3420131504535675,0.5972540378570557,0.0,0.23890645720697745,0.3366316433744772,0.9778990702414125,48.0,0.17970677892292058,0.2713020757729714,0.0,0.5956838803219621,4.8843792329039095,1.1152703845697287,0.5833333333333334,0.5833333333333334
70.0,-0.12759564816951752,0.6187412142753601,0.0,0.23890645720697745,0.3366316433744772,0.9778990702414125,49.0,0.17970677892292058,0.2713020757729714,0.0,0.5961672653769445,4.907246814892095,1.1235319360251712,0.5944444444444444,0.5944444444444444
70.25,-0.10561337321996689,0.602245569229126,0.0,0.23890645720697745,0.3366316433744772,0.9778990702414125,49.0,0.17738423573813325,0.26549571781100306,0.0,0.5965107808063421,4.918588356961415,1.1275106773006456,0.6055555555555555,0.6055555555555555
70.5,-0.09062011539936066,0.6289244294166565,0.0,0.23890645720697745,0.3366316433744772,0.9778990702414125,49.0,0.17738423573813325,0.26549571781100306,0.0,0.5983335760262228,4.9413846403403205,1.1353489272743074,0.6111111111111112,0.6111111111111112
70.75,-0.09075207263231277,0.6349741816520691,0.0,0.23890645720697745,0.3366316433744772,0.9778990702414125,49.0,0.17738423573813325,0.26549571781100306,0.0,0.6038199576327208,4.964750429168408,1.1432738172836947,0.6111111111111112,0.6111111111111112
71.0,-0.10826748609542847,0.610894501209259,0.0,0.23890645720697745,0.3366316433744772,0.9778990702414125,50.0,0.17738423573813325,0.26549571781100306,0.0,0.6102935404667841,4.988629753948621,1.1512867229490338,0.6166666666666667,0.6166666666666667
71.25,-0.12353541702032089,0.6071006655693054,0.0,0.23890645720697745,0.3366316433744772,0.9778990702414125,50.0,0.17738423573813325,0.26549571781100306,0.0,0.6129978040199702,5.012212578837705,1.1591018765933714,0.6222222222222222,0.6222222222222222
71.5,-0.1266689896583557,0.595565915107727,0.0,0.23890645720697745,0.3366316433744772,0.9778990702414125,50.0,0.17738423573813325,0.26549571781100306,0.0,0.6118200150475637,5.03535737946713,1.1666539372661655,0.6277777777777778,0.6277777777777778
71.75,-0.1412229835987091,0.6063275337219238,0.0,0.23890645720697745,0.3366316433744772,0.9778990702414125,50.0,0.17738423573813325,0.26549571781100306,0.0,0.611136727524376,5.058164979190366,1.1739689416929893,0.6333333333333333,0.6333333333333333
72.0,-0.5205113291740417,0.5466951131820679,0.0,0.23890645720697745,0.3366316433744772,0.9778990702414125,51.0,0.17738423573813325,0.26549571781100306,0.0,0.6109811894368826,5.081186996644472,1.18121110860887,0.6388888888888888,0.6388888888888888
72.25,-0.8627803921699524,0.5682228207588196,0.0,0.23890645720697745,0.3366316433744772,0.9778990702414125,51.0,0.17738423573813325,0.26549571781100306,0.0,0.6070134484847658,5.092029407336142,1.1845642450548286,0.6388888888888888,0.6388888888888888
72.5,-0.9429616332054138,0.5957643389701843,0.0,0.23890645720697745,0.3366316433744772,0.9778990702414125,51.0,0.17738423573813325,0.26549571781100306,0.0,0.5917251578976089,5.113654653842535,1.1910627294399505,0.6555555555555556,0.6555555555555556
72.75,-0.9584183096885681,0.6439893245697021,0.0,0.23890645720697745,0.3366316433744772,0.9778990702414125,51.0,0.17738423573813325,0.26549571781100306,0.0,0.5883870518513599,5.136118975030132,1.197411798065857,0.6611111111111111,0.6611111111111111
73.0,-0.9269031882286072,0.6811448931694031,0.0,0.23595169178560735,0.3350633795788003,0.9774120967814661,52.0,0.17738423573813325,0.26549571781100306,0.0,0.598772832128954,5.160635928424148,1.2037424571809912,0.6777777777777778,0.6777777777777778
73.25,-0.9085182547569275,0.6940789222717285,0.0,0.23595169178560735,0.3350633795788003,0.9774120967814661,52.0,0.17738423573813325,0.26549571781100306,0.0,0.6133975387497094,5.186940726951521,1.2097312695768048,0.6944444444444444,0.6944444444444444
73.5,-0.8745104074478149,0.7211509346961975,0.0,0.23595169178560735,0.3350633795788003,0.9774120967814661,52.0,0.17738423573813325,0.26549571781100306,0.0,0.6331240902611732,5.214412640457063,1.2150049089233141,0.7166666666666667,0.7166666666666667
73.75,-0.816082239151001,0.7234575152397156,0.0,0.23595169178560735,0.3350633795788003,0.9774120967814661,52.0,0.17056176513282043,0.25388300188706636,0.0,0.6593714211892073,5.242822095961632,1.2194085811321,0.75,0.75
74.0,-0.7348113656044006,0.7194262742996216,0.0,0.23595169178560735,0.3350633795788003,0.9774120967814661,53.0,0.17056176513282043,0.25388300188706636,0.0,0.6856037573404351,5.2718185087359055,1.22290306160952,0.7611111111111111,0.7611111111111111
74.25,-0.6866066455841064,0.7384397983551025,0.0,0.23595169178560735,0.3350633795788003,0.9774120967814661,53.0,0.17056176513282043,0.25388300188706636,0.0,0.7007045456801071,5.3006219647730335,1.225453398931424,0.7944444444444444,0.7944444444444444
74.5,-0.6103710532188416,0.7437334656715393,0.0,0.23595169178560735,0.3350633795788003,0.9774120967814661,53.0,0.17056176513282043,0.25388300188706636,0.0,0.7121531447472423,5.329854355670805,1.2271946896131847,0.8111111111111111,0.8111111111111111
74.75,-0.6174547672271729,0.7207923531532288,0.0,0.23595169178560735,0.3350633795788003,0.9774120967814661,53.0,0.17056176513282043,0.25388300188706636,0.0,0.7222918744454473,5.359579165103317,1.2282059155137368,0.8388888888888889,0.8388888888888889
75.0,-0.5378390550613403,0.7415500283241272,0.0,0.23595169178560735,0.3350633795788003,0.9774120967814661,54.0,0.17056176513282043,0.25388300188706636,0.0,0.7227596889508605,5.388703770163965,1.2284928207189496,0.85,0.85
75.25,-0.46870771050453186,0.7145510315895081,0.0,0.23595169178560735,0.3350633795788003,0.9774120967814661,54.0,0.17056176513282043,0.25388300188706636,0.0,0.7272423983614082,5.418140556718919,1.2280993814193362,0.8777777777777778,0.8777777777777778
75.5,-0.47094038128852844,0.7331694960594177,0.0,0.23595169178560735,0.3350633795788003,0.9774120967814661,54.0,0.17056176513282043,0.25388300188706636,0.0,0.728506117519809,5.447123310294956,1.2271256242195432,0.8944444444444445,0.8944444444444445
75.75,-0.4280979335308075,0.7309961915016174,0.0,0.23595169178560735,0.3350633795788003,0.9774120967814661,54.0,0.17056176513282043,0.25388300188706636,0.0,0.7302340132245002,5.476334233915708,1.2255949961083712,0.9222222222222223,0.9222222222222223
76.0,-0.42440763115882874,0.7280170321464539,0.0,0.23595169178560735,0.3350633795788003,0.9774120967814661,55.0,0.17056176513282043,0.25388300188706636,0.0,0.7285470710288562,5.505430630720802,1.2235494098830517,0.9444444444444444,0.9444444444444444
76.25,-0.16371464729309082,0.734514057636261,0.0,0.23595169178560735,0.3350633795788003,0.9774120967814661,55.0,0.17056176513282043,0.25388300188706636,0.0,0.7287441384928861,5.534437714417114,1.221027820547354,0.9611111111111111,0.9611111111111111
76.5,-0.13174203038215637,0.7390832304954529,0.0,0.23595169178560735,0.3350633795788003,0.9774120967814661,55.0,0.17056176513282043,0.25388300188706636,0.0,0.7289317752386173,5.5636357773048335,1.2181199469235542,0.9833333333333333,0.9833333333333333
76.75,-0.10164128988981247,0.7303778529167175,0.0,0.23595169178560735,0.3350633795788003,0.9774120967814661,55.0,0.15299753229786617,0.22528668892437217,0.0,0.7318419321151566,5.593096211724812,1.2149837057297161,1.0,1.0
77.0,-0.10770933330059052,0.7468023300170898,0.0,0.23595169178560735,0.3350633795788003,0.9774120967814661,56.0,0.15299753229786617,0.22528668892437217,0.0,0.7306435674154277,5.62220661355251,1.211766694530268,1.0,1.0
77.25,-0.0924844965338707,0.7343006134033203,0.0,0.23595169178560735,0.3350633795788003,0.9774120967814661,56.0,0.15299753229786617,0.22528668892437217,0.0,0.7342028080205641,5.651692798609547,1.208396171980215,1.0,1.0
77.5,-0.09888261556625366,0.7289771437644958,0.0,0.23595169178560735,0.3350633795788003,0.9774120967814661,56.0,0.15299753229786617,0.22528668892437217,0.0,0.7357734807691175,5.680994523735184,1.2049277593423278,1.0,1.0
77.75,-0.07628343254327774,0.7381973266601562,0.0,0.23595169178560735,0.3350633795788003,0.9774120967814661,56.0,0.15299753229786617,0.22528668892437217,0.0,0.7354542191068153,5.709945165285992,1.2013846747305643,1.0,1.0
78.0,-0.11773709207773209,0.7494492530822754,0.0,0.23595169178560735,0.3350633795788003,0.9774120967814661,57.0,0.15299753229786617,0.22528668892437217,0.0,0.7359516043954697,5.739246084653929,1.1976887909178269,1.0,1.0
78.25,-0.08090390264987946,0.7290537357330322,0.0,0.23595169178560735,0.3350633795788003,0.9774120967814661,57.0,0.15299753229786617,0.22528668892437217,0.0,0.7388172271960196,5.7687502895731235,1.1938532046060095,1.0,1.0
78.5,-0.09275007247924805,0.7478381991386414,0.0,0.23595169178560735,0.3350633795788003,0.9774120967814661,57.0,0.15299753229786617,0.22528668892437217,0.0,0.7357743884950908,5.797827355868818,1.1899595699260204,1.0,1.0
78.75,-0.09522657841444016,0.7378999590873718,0.0,0.23595169178560735,0.3350633795788003,0.9774120967814661,57.0,0.15299753229786617,0.22528668892437217,0.0,0.737196683915355,5.827211397715475,1.1859229216712992,1.0,1.0
79.0,-0.11741678416728973,0.747161328792572,0.0,0.23595169178560735,0.3350633795788003,0.9774120967814661,57.0,0.15299753229786617,0.22528668892437217,0.0,0.7393604017263647,5.8565574104776,1.1817855460902182,1.0,1.0
79.25,-0.06084372475743294,0.7432622909545898,0.0,0.23595169178560735,0.3350633795788003,0.9774120967814661,58.0,0.15299753229786617,0.22528668892437217,0.0,0.7403515805113537,5.871313652761301,1.1796610880880956,1.0,1.0
79.5,-0.05410338193178177,0.7274963855743408,0.0,0.23595169178560735,0.3350633795788003,0.9774120967814661,58.0,0.15299753229786617,0.22528668892437217,0.0,0.741954405580406,5.9158163194119355,1.1730800132446724,1.0,1.0
79.75,-0.07528123259544373,0.7336689233779907,0.0,0.23595169178560735,0.3350633795788003,0.9774120967814661,58.0,0.15299753229786617,0.22528668892437217,0.0,0.7410463388114086,5.94487139117754,1.16868810635471,1.0,1.0
80.0,-0.06708405911922455,0.7373941540718079,0.0,0.2290909090909091,0.3307177033492823,0.9764404043683323,58.0,0.1390622731891421,0.20699666134417186,0.0,0.7411044695823802,5.973895546231554,1.1642187237840993,1.0,1.0
80.25,-0.0774131715297699,0.7476364970207214,0.0,0.2290909090909091,0.3307177033492823,0.9764404043683323,59.0,0.1390622731891421,0.20699666134417186,0.0,0.7398469512572721,6.002876814989676,1.1596690093211088,1.0,1.0
80.5,-0.07651162892580032,0.753555178642273,0.0,0.2290909090909091,0.3307177033492823,0.9764404043683323,59.0,0.1390622731891421,0.20699666134417186,0.0,0.7390639645297779,6.0175114013929925,1.1573390874766956,1.0,1.0
80.75,-0.05550961568951607,0.7406898736953735,0.0,0.2290909090909091,0.3307177033492823,0.9764404043683323,59.0,0.1390622731891421,0.20699666134417186,0.0,0.742341847663818,6.047612572020892,1.1524787042913847,1.0,1.0
81.0,-0.085183285176754,0.7263270020484924,0.0,0.2290909090909091,0.3307177033492823,0.9764404043683323,59.0,0.1390622731891421,0.20699666134417186,0.0,0.740389740225802,6.076570677497483,1.1477224836596944,1.0,1.0
81.25,-0.13993091881275177,0.725257158279419,0.0,0.2290909090909091,0.3307177033492823,0.9764404043683323,60.0,0.1390622731891421,0.20699666134417186,0.0,0.7393742917095948,6.10540838490667,1.1429004633350486,1.0,1.0
81.5,-0.1972011774778366,0.7428067922592163,0.0,0.2290909090909091,0.3307177033492823,0.9764404043683323,60.0,0.1390622731891421,0.20699666134417186,0.0,0.7383249553958237,6.134034539020121,1.1380144050761498,1.0,1.0
81.75,-0.1848796308040619,0.720604658126831,0.0,0.2290909090909091,0.3307177033492823,0.9764404043683323,60.0,0.1390622731891421,0.20699666134417186,0.0,0.7384462736818952,6.162982273685348,1.1329075081581048,1.0,1.0
82.0,-0.20457974076271057,0.7249593734741211,0.0,0.2290909090909091,0.3307177033492823,0.9764404043683323,60.0,0.1390622731891421,0.20699666134417186,0.0,0.7313002552506194,6.1914867879954105,1.1276500443545778,1.0,1.0
82.25,-0.1727883219718933,0.7174550890922546,0.0,0.2290909090909091,0.3307177033492823,0.9764404043683323,61.0,0.1390622731891421,0.20699666134417186,0.0,0.7279595511455182,6.233992005871144,1.1193650030748703,1.0,1.0
82.5,-0.1175425723195076,0.7254331707954407,0.0,0.2290909090909091,0.3307177033492823,0.9764404043683323,61.0,0.1390622731891421,0.20699666134417186,0.0,0.727039277401488,6.248101723121763,1.1164949838078886,1.0,1.0
82.75,-0.13944372534751892,0.7457586526870728,0.0,0.2290909090909091,0.3307177033492823,0.9764404043683323,61.0,0.1390622731891421,0.20699666134417186,0.0,0.7264546284507551,6.290847130037801,1.1075286324430038,1.0,1.0
83.0,-0.13090655207633972,0.7422401309013367,0.0,0.2290909090909091,0.3307177033492823,0.9764404043683323,61.0,0.1390622731891421,0.20699666134417186,0.0,0.7293220143166357,6.31996126689125,1.1012306070007212,1.0,1.0
83.25,-0.09556572884321213,0.7551338076591492,0.0,0.2290909090909091,0.3307177033492823,0.9764404043683323,62.0,0.13093337204238642,0.19509362752213674,0.0,0.732964901907144,6.349226670923402,1.094748222528329,1.0,1.0
83.5,-0.14077521860599518,0.7426586151123047,0.0,0.2290909090909091,0.3307177033492823,0.9764404043683323,62.0,0.13093337204238642,0.19509362752213674,0.0,0.7389701894677029,6.378621661684022,1.0881034630925128,1.0,1.0
83.75,-0.1347641944885254,0.754133939743042,0.0,0.2290909090909091,0.3307177033492823,0.9764404043683323,62.0,0.13093337204238642,0.19509362752213674,0.0,0.7408283034839599,6.3931755157323185,1.084760215717765,1.0,1.0
84.0,-0.15831390023231506,0.7267162799835205,0.0,0.2290909090909091,0.3307177033492823,0.9764404043683323,62.0,0.13093337204238642,0.19509362752213674,0.0,0.7453013840776407,6.422289633950318,1.0779417604126675,1.0,1.0
84.25,-0.12887731194496155,0.7343970537185669,0.0,0.2290909090909091,0.3307177033492823,0.9764404043683323,63.0,0.13093337204238642,0.19509362752213674,0.0,0.7466705180591188,6.451118361330009,1.0710107923614607,1.0,1.0
84.5,-0.11081846058368683,0.7379212975502014,0.0,0.2290909090909091,0.3307177033492823,0.9764404043683323,63.0,0.13093337204238642,0.19509362752213674,0.0,0.7421645323136654,6.49371976034864,1.0604319649986247,1.0,1.0
84.75,-0.08981581777334213,0.7395806908607483,0.0,0.2290909090909091,0.3307177033492823,0.9764404043683323,63.0,0.13093337204238642,0.19509362752213674,0.0,0.7391771291959399,6.522219450419408,1.053173841187688,1.0,1.0
85.0,-0.06848086416721344,0.747678816318512,0.0,0.2290909090909091,0.3307177033492823,0.9764404043683323,63.0,0.13093337204238642,0.19509362752213674,0.0,0.7372528951464439,6.550732791267413,1.045800500100536,1.0,1.0
85.25,-0.08235488831996918,0.7529011964797974,0.0,0.2290909090909091,0.3307177033492823,0.9764404043683323,64.0,0.13093337204238642,0.19509362752213674,0.0,0.7368973267253089,6.579549851323576,1.0382531915161626,1.0,1.0
85.5,-0.08054831624031067,0.753168523311615,0.0,0.2290909090909091,0.3307177033492823,0.9764404043683323,64.0,0.13093337204238642,0.19509362752213674,0.0,0.7401777879167522,6.608585390233269,1.03056427644589,1.0,1.0
85.75,-0.06811505556106567,0.7444757223129272,0.0,0.2290909090909091,0.3307177033492823,0.9764404043683323,64.0,0.13093337204238642,0.19509362752213674,0.0,0.7431505760482418,6.637583357647069,1.022792827555116,1.0,1.0
86.0,-0.07974383234977722,0.725874662399292,0.0,0.2290909090909091,0.3307177033492823,0.9764404043683323,64.0,0.13093337204238642,0.19509362752213674,0.0,0.7441546598676079,6.6662220176536415,1.0150332661518269,1.0,1.0
86.25,-0.1033315658569336,0.7459139823913574,0.0,0.2290909090909091,0.3307177033492823,0.9764404043683323,65.0,0.13093337204238642,0.19509362752213674,0.0,0.7418363263783609,6.6943620863889945,1.0073108137546964,1.0,1.0
86.5,-0.11360044777393341,0.7385225892066956,0.0,0.2290909090909091,0.3307177033492823,0.9764404043683323,65.0,0.12309478879372913,0.18377122949629845,0.0,0.7422328551213585,6.72283811291617,0.9993812295676961,1.0,1.0
86.75,-0.06758210808038712,0.7300462126731873,0.0,0.2290909090909091,0.3307177033492823,0.9764404043683323,65.0,0.12309478879372913,0.18377122949629845,0.0,0.7405463993156409,6.751359183953168,0.9913101757616497,1.0,1.0
87.0,-0.10530386865139008,0.7462489008903503,0.0,0.22013729977116706,0.31990846681922197,0.975369513657802,65.0,0.12309478879372913,0.18377122949629845,0.0,0.7369675800914034,6.779555474554474,0.9832286381819292,1.0,1.0
87.25,-0.10487483441829681,0.7493833899497986,0.0,0.22013729977116706,0.31990846681922197,0.975369513657802,66.0,0.12309478879372913,0.18377122949629845,0.0,0.73853231175659,6.808191307628933,0.9749110387869854,1.0,1.0
87.5,-0.036071788519620895,0.7351831197738647,0.0,0.22013729977116706,0.31990846681922197,0.975369513657802,66.0,0.12309478879372913,0.18377122949629845,0.0,0.7416006426128665,6.836882596001504,0.966449724258559,1.0,1.0
87.75,-0.050270553678274155,0.7446997761726379,0.0,0.22013729977116706,0.31990846681922197,0.975369513657802,66.0,0.12309478879372913,0.18377122949629845,0.0,0.7411316419148648,6.851048093553377,0.9622410094748572,1.0,1.0
88.0,-0.043616943061351776,0.7429562211036682,0.0,0.22013729977116706,0.31990846681922197,0.975369513657802,66.0,0.12309478879372913,0.18377122949629845,0.0,0.7406248347010244,6.865198276772767,0.9580244222320612,1.0,1.0
88.25,-0.03109685331583023,0.7388216853141785,0.0,0.22013729977116706,0.31990846681922197,0.975369513657802,67.0,0.12309478879372913,0.18377122949629845,0.0,0.7429625284978449,6.893791370056262,0.9494743910533978,1.0,1.0
88.5,-0.07388986647129059,0.7133131623268127,0.0,0.22013729977116706,0.31990846681922197,0.975369513657802,67.0,0.12309478879372913,0.18377122949629845,0.0,0.743419963031789,6.922145764763471,0.9409486937750204,1.0,1.0
88.75,-0.05812462046742439,0.7373093366622925,0.0,0.22013729977116706,0.31990846681922197,0.975369513657802,67.0,0.12309478879372913,0.18377122949629845,0.0,0.7373474378135744,6.949697805769377,0.9325967576721238,1.0,1.0
89.0,-0.07754917442798615,0.7404696345329285,0.0,0.22013729977116706,0.31990846681922197,0.975369513657802,67.0,0.12309478879372913,0.18377122949629845,0.0,0.735689430286314,6.977536024015262,0.924076174056784,1.0,1.0
89.25,-0.02335432730615139,0.7401880025863647,0.0,0.22013729977116706,0.31990846681922197,0.975369513657802,67.0,0.12309478879372913,0.18377122949629845,0.0,0.7354309851856387,7.005682634890422,0.9153749013854815,1.0,1.0
89.5,-0.0456707738339901,0.7351794242858887,0.0,0.22013729977116706,0.31990846681922197,0.975369513657802,68.0,0.12309478879372913,0.18377122949629845,0.0,0.7334725597081185,7.033864734154726,0.9065833991226886,1.0,1.0
89.75,-0.01448559109121561,0.7369564175605774,0.0,0.22013729977116706,0.31990846681922197,0.975369513657802,68.0,0.10567571490782407,0.15967484395412979,0.0,0.7329483459970156,7.0619608814350725,0.897774051524564,1.0,1.0
90.0,0.004190906882286072,0.7344167232513428,0.0,0.22013729977116706,0.31990846681922197,0.975369513657802,68.0,0.10567571490782407,0.15967484395412979,0.0,0.7342163746051295,7.089926851956918,0.888968172697531,1.0,1.0
90.25,-0.01932765357196331,0.7483276724815369,0.0,0.22013729977116706,0.31990846681922197,0.975369513657802,68.0,0.10567571490782407,0.15967484395412979,0.0,0.7361113443899473,7.118008834276422,0.8801080353567943,1.0,1.0
90.5,-0.035716552287340164,0.7280095815658569,0.0,0.22013729977116706,0.31990846681922197,0.975369513657802,69.0,0.10567571490782407,0.15967484395412979,0.0,0.7370065496547225,7.1462620915963155,0.8711870120528653,1.0,1.0
90.75,0.002211545128375292,0.7362573146820068,0.0,0.22013729977116706,0.31990846681922197,0.975369513657802,69.0,0.10567571490782407,0.15967484395412979,0.0,0.7370562095085527,7.1744601621994395,0.8622605526177032,1.0,1.0
91.0,-0.007548193447291851,0.7489990592002869,0.0,0.22013729977116706,0.31990846681922197,0.975369513657802,69.0,0.10567571490782407,0.15967484395412979,0.0,0.7355014937678769,7.2024231717221765,0.8533783636786911,1.0,1.0
91.25,-0.007106797769665718,0.7453895211219788,0.0,0.22013729977116706,0.31990846681922197,0.975369513657802,69.0,0.10567571490782407,0.15967484395412979,0.0,0.7375565726212476,7.230681143655314,0.8443972810921024,1.0,1.0
91.5,0.04018877446651459,0.7244674563407898,0.0,0.22013729977116706,0.31990846681922197,0.975369513657802,70.0,0.10567571490782407,0.15967484395412979,0.0,0.7407350885261428,7.259170689210564,0.8353385178747632,1.0,1.0
91.75,0.09696958214044571,0.7425791025161743,0.0,0.22013729977116706,0.31990846681922197,0.975369513657802,70.0,0.10567571490782407,0.15967484395412979,0.0,0.7367603391401336,7.286967681474541,0.8264966942888993,1.0,1.0
92.0,0.09101680666208267,0.7238054871559143,1.0,0.22013729977116706,0.31990846681922197,0.975369513657802,70.0,0.10567571490782407,0.15967484395412979,0.0,0.7363426119601253,7.315005345447283,0.8176381470702175,1.0,1.0
92.25,0.1131431981921196,0.7399776577949524,1.0,0.22013729977116706,0.31990846681922197,0.975369513657802,70.0,0.10567571490782407,0.15967484395412979,0.0,0.7356857923667343,7.356865179463361,0.8046402932648488,1.0,1.0
92.5,0.12574809789657593,0.7201008796691895,1.0,0.22013729977116706,0.31990846681922197,0.975369513657802,71.0,0.10567571490782407,0.15967484395412979,0.0,0.7345047455162371,7.3849503517764274,0.7960860628432247,1.0,1.0
92.75,0.09891518205404282,0.7298777103424072,1.0,0.22013729977116706,0.31990846681922197,0.975369513657802,71.0,0.10567571490782407,0.15967484395412979,0.0,0.7308770439688791,7.412705067323841,0.7877746882729144,1.0,1.0
93.0,0.10499001294374466,0.7336695194244385,1.0,0.22013729977116706,0.31990846681922197,0.975369513657802,71.0,0.08593409783713166,0.1287559878066483,0.0,0.7313203800015984,7.44063970126831,0.7795455533326482,1.0,1.0
93.25,0.09253744035959244,0.7271950244903564,1.0,0.22013729977116706,0.31990846681922197,0.975369513657802,71.0,0.08593409783713166,0.1287559878066483,0.0,0.7296103087354551,7.468795322576855,0.7713738292671078,1.0,1.0
93.5,0.03735062852501869,0.7321463823318481,1.0,0.22013729977116706,0.31990846681922197,0.975369513657802,72.0,0.08593409783713166,0.1287559878066483,0.0,0.7307068827048956,7.49700672261687,0.7632975622361085,1.0,1.0
93.75,-0.07823661714792252,0.7137860059738159,1.0,0.22013729977116706,0.31990846681922197,0.975369513657802,72.0,0.08593409783713166,0.1287559878066483,0.0,0.7296441959139107,7.525031831542601,0.7553829668983474,1.0,1.0
94.0,-0.1134326159954071,0.7522197961807251,1.0,0.20546505517603783,0.302504816955684,0.9742580418256094,72.0,0.08593409783713166,0.1287559878066483,0.0,0.7290418287546002,7.55290739984833,0.7475139463982226,1.0,1.0
94.25,-0.10058371722698212,0.7362945675849915,1.0,0.20546505517603783,0.302504816955684,0.9742580418256094,72.0,0.08593409783713166,0.1287559878066483,0.0,0.7354757654412726,7.581978356434654,0.7391790450122931,1.0,1.0
94.5,-0.016133656725287437,0.7405948638916016,1.0,0.20546505517603783,0.302504816955684,0.9742580418256094,73.0,0.08593409783713166,0.1287559878066483,0.0,0.7354826184240356,7.610010282303709,0.7309894468497569,1.0,1.0
94.75,0.08237545192241669,0.7345530986785889,1.0,0.20546505517603783,0.302504816955684,0.9742580418256094,73.0,0.08593409783713166,0.1287559878066483,0.0,0.7339611704904164,7.638036942984171,0.722708108829552,1.0,1.0
95.0,0.1024228185415268,0.7270681262016296,1.0,0.20546505517603783,0.302504816955684,0.9742580418256094,73.0,0.08593409783713166,0.1287559878066483,0.0,0.7347411917441092,7.666141598270139,0.7144311035816298,1.0,1.0
95.25,0.10780911892652512,0.7274550795555115,1.0,0.20546505517603783,0.302504816955684,0.9742580418256094,73.0,0.08593409783713166,0.1287559878066483,0.0,0.7361123598005578,7.694283915816305,0.7062697278643879,1.0,1.0
95.5,0.05704711005091667,0.7180439233779907,1.0,0.20546505517603783,0.302504816955684,0.9742580418256094,74.0,0.08593409783713166,0.1287559878066483,0.0,0.7302707585393291,7.722148559297512,0.6983305820874035,1.0,1.0
95.75,-0.045214325189590454,0.737220048904419,1.0,0.20546505517603783,0.302504816955684,0.9742580418256094,74.0,0.08593409783713166,0.1287559878066483,0.0,0.7278989455376402,7.749851800298376,0.690575065944562,1.0,1.0
96.0,-0.10463469475507736,0.7327092289924622,1.0,0.20546505517603783,0.302504816955684,0.9742580418256094,74.0,0.08593409783713166,0.1287559878066483,0.0,0.7297892867982724,7.778153322190629,0.6826828606947006,1.0,1.0
96.25,-0.12564833462238312,0.716801643371582,1.0,0.20546505517603783,0.302504816955684,0.9742580418256094,74.0,0.06401509653070112,0.09348236318769051,0.0,0.7297044113141462,7.806374966287435,0.6747091766783972,1.0,1.0
96.5,-0.07537207007408142,0.7228039503097534,1.0,0.20546505517603783,0.302504816955684,0.9742580418256094,75.0,0.06401509653070112,0.09348236318769051,0.0,0.7275204019053358,7.834103597098302,0.6667229934356852,1.0,1.0
96.75,-0.0793815553188324,0.7359445095062256,1.0,0.20546505517603783,0.302504816955684,0.9742580418256094,75.0,0.06401509653070112,0.09348236318769051,0.0,0.7263694073817734,7.861826809480832,0.6586068048122508,1.0,1.0
97.0,-0.04314756765961647,0.717401921749115,1.0,0.20546505517603783,0.302504816955684,0.9742580418256094,75.0,0.06401509653070112,0.09348236318769051,0.0,0.7300879429846147,7.889922631145744,0.6502863303321704,1.0,1.0
97.25,-0.028838202357292175,0.7077843546867371,1.0,0.20546505517603783,0.302504816955684,0.9742580418256094,75.0,0.06401509653070112,0.09348236318769051,0.0,0.725793256803744,7.917548915407503,0.6420296816132787,1.0,1.0
97.5,-0.015718165785074234,0.7260298728942871,1.0,0.20546505517603783,0.302504816955684,0.9742580418256094,76.0,0.06401509653070112,0.09348236318769051,0.0,0.7215468139244696,7.944702328887041,0.63387259896693,1.0,1.0
97.75,-0.05195101350545883,0.7252758741378784,1.0,0.20546505517603783,0.302504816955684,0.9742580418256094,76.0,0.06401509653070112,0.09348236318769051,0.0,0.7218282048862525,7.972228046140268,0.6255827185646283,1.0,1.0
98.0,-0.06954624503850937,0.7142975926399231,1.0,0.20546505517603783,0.302504816955684,0.9742580418256094,76.0,0.06401509653070112,0.09348236318769051,0.0,0.7228553929203478,7.999981907951624,0.6171828348386669,1.0,1.0
98.25,-0.02549397014081478,0.719216525554657,1.0,0.20546505517603783,0.302504816955684,0.9742580418256094,76.0,0.06401509653070112,0.09348236318769051,0.0,0.7192085376215415,8.02744878098541,0.6087981702879537,1.0,1.0
98.5,-0.014825056307017803,0.732392430305481,1.0,0.20546505517603783,0.302504816955684,0.9742580418256094,77.0,0.06401509653070112,0.09348236318769051,0.0,0.7179562132500725,8.054753992990277,0.6003914503824315,1.0,1.0
98.75,-0.020648866891860962,0.7462656497955322,1.0,0.20546505517603783,0.302504816955684,0.9742580418256094,77.0,0.06401509653070112,0.09348236318769051,0.0,0.720297594876556,8.082406946058454,0.5918422231757253,1.0,1.0
99.0,-0.013318713754415512,0.71779865026474,1.0,0.20546505517603783,0.302504816955684,0.9742580418256094,77.0,0.06401509653070112,0.09348236318769051,0.0,0.7249451659526394,8.11065982445531,0.5830901877517274,1.0,1.0
99.25,-0.024163903668522835,0.7122909426689148,1.0,0.20546505517603783,0.302504816955684,0.9742580418256094,77.0,0.06401509653070112,0.09348236318769051,0.0,0.7256710647095943,8.138659650743815,0.5744042414656229,1.0,1.0
99.5,-0.020638927817344666,0.7343640327453613,1.0,0.20546505517603783,0.302504816955684,0.9742580418256094,78.0,0.044999274205254756,0.06706343446073451,0.0,0.7229790271784774,8.165990029356884,0.5659104162243191,1.0,1.0
99.75,-0.021540744230151176,0.7191096544265747,1.0,0.20546505517603783,0.302504816955684,0.9742580418256094,78.0,0.044999274205254756,0.06706343446073451,0.0,0.7269564089003471,8.207443933451918,0.552968734696855,1.0,1.0
100.0,-0.018201395869255066,0.7147749066352844,1.0,0.20546505517603783,0.302504816955684,0.9742580418256094,78.0,0.044999274205254756,0.06706343446073451,0.0,0.7249289634859246,8.234919721737063,0.5443536127768246,1.0,1.0
100.25,-0.022952768951654434,0.7383988499641418,1.0,0.20546505517603783,0.302504816955684,0.9742580418256094,78.0,0.044999274205254756,0.06706343446073451,0.0,0.7212371637820635,8.262356433306055,0.5357299926862866,1.0,1.0
100.5,-0.016750911250710487,0.7271698117256165,1.0,0.20546505517603783,0.302504816955684,0.9742580418256094,78.0,0.044999274205254756,0.06706343446073451,0.0,0.7244918977583426,8.290400412621095,0.5268941447371621,1.0,1.0
100.75,-0.004413480404764414,0.7299551367759705,1.0,0.20546505517603783,0.302504816955684,0.9742580418256094,79.0,0.044999274205254756,0.06706343446073451,0.0,0.7263388163949227,8.318355633764853,0.5180597421945519,1.0,1.0
101.0,-0.02317364700138569,0.7161887884140015,1.0,0.195326241728788,0.2882988525002094,0.9730834438041646,79.0,0.044999274205254756,0.06706343446073451,0.0,0.7270109756398063,8.346254477826307,0.5092391528753281,1.0,1.0
101.25,-0.0179919321089983,0.7359318733215332,1.0,0.195326241728788,0.2882988525002094,0.9730834438041646,79.0,0.044999274205254756,0.06706343446073451,0.0,0.7280500632148676,8.373842989507198,0.5005041005560394,1.0,1.0
101.5,-0.0003590409178286791,0.7201402187347412,1.0,0.195326241728788,0.2882988525002094,0.9730834438041646,79.0,0.044999274205254756,0.06706343446073451,0.0,0.730414268444573,8.401637945986476,0.49167505864612193,1.0,1.0
101.75,0.0029832336585968733,0.726315975189209,1.0,0.195326241728788,0.2882988525002094,0.9730834438041646,80.0,0.044999274205254756,0.06706343446073451,0.0,0.728977730678788,8.429277880493121,0.4828815953951406,1.0,1.0
102.0,0.03283543512225151,0.7248128652572632,1.0,0.195326241728788,0.2882988525002094,0.9730834438041646,80.0,0.044999274205254756,0.06706343446073451,0.0,0.7271754306144466,8.456914965863662,0.4740912681367006,1.0,1.0
102.25,0.030550317838788033,0.7208566069602966,1.0,0.195326241728788,0.2882988525002094,0.9730834438041646,80.0,0.044999274205254756,0.06706343446073451,0.0,0.7264815127390265,8.48467485332497,0.46526992951956747,1.0,1.0
102.5,0.00664763618260622,0.7063137292861938,1.0,0.195326241728788,0.2882988525002094,0.9730834438041646,80.0,0.044999274205254756,0.06706343446073451,0.0,0.7264340328458757,8.512300981523381,0.4565232014845072,1.0,1.0
102.75,0.06380192935466766,0.6974579095840454,1.0,0.195326241728788,0.2882988525002094,0.9730834438041646,81.0,0.02191900130643054,0.033241399332268835,0.0,0.7235058753140098,8.539544730543758,0.4479245919762611,1.0,1.0
103.0,0.09228946268558502,0.6702207922935486,1.0,0.195326241728788,0.2882988525002094,0.9730834438041646,81.0,0.02191900130643054,0.033241399332268835,0.0,0.7186626238062643,8.566273647386069,0.43951168974457644,1.0,1.0
103.25,0.08119753748178482,0.6846681833267212,1.0,0.195326241728788,0.2882988525002094,0.9730834438041646,81.0,0.02191900130643054,0.033241399332268835,0.0,0.7102352926829965,8.592222308693447,0.43141812478767727,1.0,1.0
103.5,0.0756589025259018,0.6647167205810547,1.0,0.195326241728788,0.2882988525002094,0.9730834438041646,81.0,0.02191900130643054,0.033241399332268835,0.0,0.7015581244005931,8.618094441056664,0.42345501361309473,1.0,1.0
103.75,0.034763310104608536,0.6414811611175537,1.0,0.195326241728788,0.2882988525002094,0.9730834438041646,82.0,0.02191900130643054,0.033241399332268835,0.0,0.6921638817298454,8.643722823635558,0.41566475083557874,1.0,1.0
104.0,-0.02381208911538124,0.6224955916404724,1.0,0.195326241728788,0.2882988525002094,0.9730834438041646,82.0,0.02191900130643054,0.033241399332268835,0.0,0.6800332427427207,8.66857324668506,0.40818502373075494,1.0,1.0
104.25,-0.03435046970844269,0.6123424768447876,1.0,0.195326241728788,0.2882988525002094,0.9730834438041646,82.0,0.02191900130643054,0.033241399332268835,0.0,0.665151978370064,8.692559087574105,0.4009821439795605,1.0,1.0
104.5,-0.04657207801938057,0.5990291237831116,1.0,0.195326241728788,0.2882988525002094,0.9730834438041646,82.0,0.02191900130643054,0.033241399332268835,0.0,0.6527712864221569,8.716012394235818,0.39390431760487205,1.0,1.0
104.75,-0.05343451350927353,0.5787461996078491,1.0,0.195326241728788,0.2882988525002094,0.9730834438041646,83.0,0.02191900130643054,0.033241399332268835,0.0,0.6382720659688049,8.738931126472705,0.38693806459235053,1.0,1.0
105.0,-0.05987268686294556,0.5470039248466492,1.0,0.195326241728788,0.2882988525002094,0.9730834438041646,83.0,0.02191900130643054,0.033241399332268835,0.0,0.6204836272879877,8.761010143558856,0.3801809781283993,1.0,1.0
105.25,-0.05551392585039139,0.5351400375366211,1.0,0.195326241728788,0.2882988525002094,0.9730834438041646,83.0,0.02191900130643054,0.033241399332268835,0.0,0.6009302058464494,8.78206445507009,0.37368763563368573,1.0,1.0
105.5,-0.04673828184604645,0.5216943621635437,1.0,0.195326241728788,0.2882988525002094,0.9730834438041646,83.0,0.02191900130643054,0.033241399332268835,0.0,0.5831679697257615,8.802500611387716,0.36733281192216494,1.0,1.0
105.75,-0.031868595629930496,0.5038765072822571,1.0,0.195326241728788,0.2882988525002094,0.9730834438041646,84.0,0.014661053853970098,0.023080272898824212,0.0,0.5647070001601009,8.822326047492282,0.36112569329493555,1.0,1.0
106.0,-0.04648667573928833,0.4921386241912842,1.0,0.195326241728788,0.2882988525002094,0.9730834438041646,84.0,0.014661053853970098,0.023080272898824212,0.0,0.5467572577216142,8.841581892028643,0.3550614748895247,1.0,1.0
106.25,-0.02856682613492012,0.4809487462043762,1.0,0.195326241728788,0.2882988525002094,0.9730834438041646,84.0,0.014661053853970098,0.023080272898824212,0.0,0.5279745444472205,8.860135293148451,0.34918645129273423,1.0,1.0
106.5,-0.008094951510429382,0.4795854091644287,1.0,0.195326241728788,0.2882988525002094,0.9730834438041646,84.0,0.014661053853970098,0.023080272898824212,0.0,0.5135495289716747,8.878328309208461,0.3433967501955558,1.0,1.0
106.75,-0.02474440075457096,0.477408230304718,1.0,0.195326241728788,0.2882988525002094,0.9730834438041646,85.0,0.014661053853970098,0.023080272898824212,0.0,0.5031836714959803,8.896517915695618,0.3375949683586517,1.0,1.0
107.0,-0.05292930826544762,0.4824325442314148,1.0,0.195326241728788,0.2882988525002094,0.9730834438041646,85.0,0.014661053853970098,0.023080272898824212,0.0,0.4941997149203848,8.914674626300313,0.33179736852916863,1.0,1.0
107.25,-0.06063496693968773,0.4802655875682831,1.0,0.195326241728788,0.2882988525002094,0.9730834438041646,85.0,0.014661053853970098,0.023080272898824212,0.0,0.4872092330687765,8.932870811457859,0.32595344174398233,1.0,1.0
107.5,-0.05780349299311638,0.4733942449092865,1.0,0.195326241728788,0.2882988525002094,0.9730834438041646,85.0,0.014661053853970098,0.023080272898824212,0.0,0.48224441333743406,8.95096698359047,0.32009085371709634,1.0,1.0
107.75,-0.047261759638786316,0.48464521765708923,1.0,0.195326241728788,0.2882988525002094,0.9730834438041646,86.0,0.014661053853970098,0.023080272898824212,0.0,0.47980953323213393,8.968995354145864,0.31420109074199476,1.0,1.0
108.0,-0.033400408923625946,0.46927696466445923,1.0,0.19002607561929596,0.28047588005215124,0.9723326930534137,86.0,0.014661053853970098,0.023080272898824212,0.0,0.4787973742713268,8.987133873807846,0.3082336806434727,1.0,1.0
108.25,-0.002758230082690716,0.48244205117225647,1.0,0.19002607561929596,0.28047588005215124,0.9723326930534137,86.0,0.014661053853970098,0.023080272898824212,0.0,0.4769790802941315,9.005219071297873,0.30225714094959816,1.0,1.0
108.5,0.009172801859676838,0.47525376081466675,1.0,0.19002607561929596,0.28047588005215124,0.9723326930534137,86.0,0.014661053853970098,0.023080272898824212,0.0,0.47789001032379774,9.023505327260164,0.2962039836681168,1.0,1.0
108.75,0.007577212527394295,0.47337606549263,1.0,0.19002607561929596,0.28047588005215124,0.9723326930534137,87.0,0.014661053853970098,0.023080272898824212,0.0,0.476329483577231,9.041514422478038,0.2902466101722168,1.0,1.0
109.0,0.1303723007440567,0.4678809940814972,1.0,0.19002607561929596,0.28047588005215124,0.9723326930534137,87.0,0.008709536942952532,0.014806212803019306,0.0,0.4767332257170128,9.05945587635455,0.2843247337411416,1.0,1.0
109.25,0.13882459700107574,0.4715232849121094,1.0,0.19002607561929596,0.28047588005215124,0.9723326930534137,87.0,0.008709536942952532,0.014806212803019306,0.0,0.4751593189596271,9.077261072012137,0.27850005405906286,1.0,1.0
109.5,0.134853333234787,0.4638371169567108,1.0,0.19002607561929596,0.28047588005215124,0.9723326930534137,87.0,0.008709536942952532,0.014806212803019306,0.0,0.4751593189596271,9.077261072012137,0.27850005405906286,1.0,1.0
109.75,0.13904769718647003,0.46519944071769714,1.0,0.19002607561929596,0.28047588005215124,0.9723326930534137,88.0,0.008709536942952532,0.014806212803019306,0.0,0.4751593189596271,9.077261072012137,0.27850005405906286,1.0,1.0
110.0,0.005086912773549557,0.4697389006614685,1.0,0.19002607561929596,0.28047588005215124,0.9723326930534137,88.0,0.008709536942952532,0.014806212803019306,0.0,0.4751593189596271,9.077261072012137,0.27850005405906286,1.0,1.0
110.25,-0.024708852171897888,0.4753885567188263,1.0,0.19002607561929596,0.28047588005215124,0.9723326930534137,88.0,0.008709536942952532,0.014806212803019306,0.0,0.4751593189596271,9.077261072012137,0.27850005405906286,1.0,1.0
110.5,-0.018582845106720924,0.48426657915115356,1.0,0.19002607561929596,0.28047588005215124,0.9723326930534137,88.0,0.008709536942952532,0.014806212803019306,0.0,0.4751593189596271,9.077261072012137,0.27850005405906286,1.0,1.0
110.75,-0.028338858857750893,0.4728768467903137,1.0,0.19002607561929596,0.28047588005215124,0.9723326930534137,89.0,0.008709536942952532,0.014806212803019306,0.0,0.4751593189596271,9.077261072012137,0.27850005405906286,1.0,1.0
111.0,-0.037510037422180176,0.4738907217979431,1.0,0.19002607561929596,0.28047588005215124,0.9723326930534137,89.0,0.008709536942952532,0.014806212803019306,0.0,0.4751593189596271,9.077261072012137,0.27850005405906286,1.0,1.0
111.25,-0.03447282314300537,0.47511303424835205,1.0,0.19002607561929596,0.28047588005215124,0.9723326930534137,89.0,0.008709536942952532,0.014806212803019306,0.0,0.4751593189596271,9.077261072012137,0.27850005405906286,1.0,1.0
111.5,-0.025808267295360565,0.4762461185455322,1.0,0.19002607561929596,0.28047588005215124,0.9723326930534137,89.0,0.008709536942952532,0.014806212803019306,0.0,0.4751593189596271,9.077261072012137,0.27850005405906286,1.0,1.0
111.75,-0.019014114513993263,0.48139598965644836,1.0,0.19002607561929596,0.28047588005215124,0.9723326930534137,89.0,0.008709536942952532,0.014806212803019306,0.0,0.4751593189596271,9.077261072012137,0.27850005405906286,1.0,1.0
112.0,-0.0375041589140892,0.47701629996299744,1.0,0.19002607561929596,0.28047588005215124,0.9723326930534137,90.0,0.008709536942952532,0.014806212803019306,0.0,0.4751593189596271,9.077261072012137,0.27850005405906286,1.0,1.0
112.25,-0.02556299790740013,0.4873273968696594,1.0,0.19002607561929596,0.28047588005215124,0.9723326930534137,90.0,0.008709536942952532,0.014806212803019306,0.0,0.4751593189596271,9.077261072012137,0.27850005405906286,1.0,1.0
112.5,-0.038226380944252014,0.47296077013015747,1.0,0.19002607561929596,0.28047588005215124,0.9723326930534137,90.0,0.008709536942952532,0.014806212803019306,0.0,0.4751593189596271,9.077261072012137,0.27850005405906286,1.0,1.0
112.75,-0.034427668899297714,0.480986088514328,1.0,0.19002607561929596,0.28047588005215124,0.9723326930534137,90.0,0.008709536942952532,0.014806212803019306,0.0,0.4751593189596271,9.077261072012137,0.27850005405906286,1.0,1.0
113.0,-0.05312438681721687,0.4638799726963043,1.0,0.19002607561929596,0.28047588005215124,0.9723326930534137,91.0,0.008709536942952532,0.014806212803019306,0.0,0.4751593189596271,9.077261072012137,0.27850005405906286,1.0,1.0
113.25,-0.045246925204992294,0.46073395013809204,1.0,0.19002607561929596,0.28047588005215124,0.9723326930534137,91.0,0.008709536942952532,0.014806212803019306,0.0,0.4751593189596271,9.077261072012137,0.27850005405906286,1.0,1.0
113.5,-0.016534745693206787,0.46520206332206726,1.0,0.19002607561929596,0.28047588005215124,0.9723326930534137,91.0,0.008709536942952532,0.014806212803019306,0.0,0.4751593189596271,9.077261072012137,0.27850005405906286,1.0,1.0
113.75,-0.0263533852994442,0.4696058928966522,1.0,0.19002607561929596,0.28047588005215124,0.9723326930534137,91.0,0.008709536942952532,0.014806212803019306,0.0,0.4751593189596271,9.077261072012137,0.27850005405906286,1.0,1.0
114.0,-0.02483227103948593,0.47334596514701843,1.0,0.19002607561929596,0.28047588005215124,0.9723326930534137,92.0,0.008709536942952532,0.014806212803019306,0.0,0.4751593189596271,9.077261072012137,0.27850005405906286,1.0,1.0
114.25,-0.029029125347733498,0.4792293906211853,1.0,0.19002607561929596,0.28047588005215124,0.9723326930534137,92.0,0.008709536942952532,0.014806212803019306,0.0,0.4751593189596271,9.077261072012137,0.27850005405906286,1.0,1.0
114.5,-0.030765345320105553,0.47586140036582947,1.0,0.19002607561929596,0.28047588005215124,0.9723326930534137,92.0,0.008709536942952532,0.014806212803019306,0.0,0.4751593189596271,9.077261072012137,0.27850005405906286,1.0,1.0
114.75,-0.033469539135694504,0.4745931923389435,1.0,0.19002607561929596,0.28047588005215124,0.9723326930534137,92.0,0.008709536942952532,0.014806212803019306,0.0,0.4751593189596271,9.077261072012137,0.27850005405906286,1.0,1.0
